The system is: Linux - 6.6.87.2-microsoft-standard-WSL2 - x86_64
Compiling the C compiler identification source file "CMakeCCompilerId.c" succeeded.
Compiler: /usr/bin/gcc-7 
Build flags: 
Id flags:  

The output was:
0


Compilation of the C compiler identification source "CMakeCCompilerId.c" produced "a.out"

The C compiler identification is GNU, found in "/workspace/build-catamaran-3.4.0/CMakeFiles/3.16.3/CompilerIdC/a.out"

Compiling the CXX compiler identification source file "CMakeCXXCompilerId.cpp" succeeded.
Compiler: /usr/bin/g++-7 
Build flags: 
Id flags:  

The output was:
0


Compilation of the CXX compiler identification source "CMakeCXXCompilerId.cpp" produced "a.out"

The CXX compiler identification is GNU, found in "/workspace/build-catamaran-3.4.0/CMakeFiles/3.16.3/CompilerIdCXX/a.out"

Determining if the C compiler works passed with the following output:
Change Dir: /workspace/build-catamaran-3.4.0/CMakeFiles/CMakeTmp

Run Build Command(s):/usr/bin/make cmTC_86e54/fast && /usr/bin/make -f CMakeFiles/cmTC_86e54.dir/build.make CMakeFiles/cmTC_86e54.dir/build
make[1]: Entering directory '/workspace/build-catamaran-3.4.0/CMakeFiles/CMakeTmp'
Building C object CMakeFiles/cmTC_86e54.dir/testCCompiler.c.o
/usr/bin/gcc-7    -o CMakeFiles/cmTC_86e54.dir/testCCompiler.c.o   -c /workspace/build-catamaran-3.4.0/CMakeFiles/CMakeTmp/testCCompiler.c
Linking C executable cmTC_86e54
/usr/bin/cmake -E cmake_link_script CMakeFiles/cmTC_86e54.dir/link.txt --verbose=1
/usr/bin/gcc-7      -rdynamic CMakeFiles/cmTC_86e54.dir/testCCompiler.c.o  -o cmTC_86e54 
make[1]: Leaving directory '/workspace/build-catamaran-3.4.0/CMakeFiles/CMakeTmp'



Detecting C compiler ABI info compiled with the following output:
Change Dir: /workspace/build-catamaran-3.4.0/CMakeFiles/CMakeTmp

Run Build Command(s):/usr/bin/make cmTC_ad883/fast && /usr/bin/make -f CMakeFiles/cmTC_ad883.dir/build.make CMakeFiles/cmTC_ad883.dir/build
make[1]: Entering directory '/workspace/build-catamaran-3.4.0/CMakeFiles/CMakeTmp'
Building C object CMakeFiles/cmTC_ad883.dir/CMakeCCompilerABI.c.o
/usr/bin/gcc-7   -v -o CMakeFiles/cmTC_ad883.dir/CMakeCCompilerABI.c.o   -c /usr/share/cmake-3.16/Modules/CMakeCCompilerABI.c
Using built-in specs.
COLLECT_GCC=/usr/bin/gcc-7
OFFLOAD_TARGET_NAMES=nvptx-none
OFFLOAD_TARGET_DEFAULT=1
Target: x86_64-linux-gnu
Configured with: ../src/configure -v --with-pkgversion='Ubuntu 7.5.0-6ubuntu2' --with-bugurl=file:///usr/share/doc/gcc-7/README.Bugs --enable-languages=c,ada,c++,go,brig,d,fortran,objc,obj-c++ --prefix=/usr --with-gcc-major-version-only --program-suffix=-7 --program-prefix=x86_64-linux-gnu- --enable-shared --enable-linker-build-id --libexecdir=/usr/lib --without-included-gettext --enable-threads=posix --libdir=/usr/lib --enable-nls --enable-bootstrap --enable-clocale=gnu --enable-libstdcxx-debug --enable-libstdcxx-time=yes --with-default-libstdcxx-abi=new --enable-gnu-unique-object --disable-vtable-verify --enable-libmpx --enable-plugin --enable-default-pie --with-system-zlib --with-target-system-zlib --enable-objc-gc=auto --enable-multiarch --disable-werror --with-arch-32=i686 --with-abi=m64 --with-multilib-list=m32,m64,mx32 --enable-multilib --with-tune=generic --enable-offload-targets=nvptx-none --without-cuda-driver --enable-checking=release --build=x86_64-linux-gnu --host=x86_64-linux-gnu --target=x86_64-linux-gnu
Thread model: posix
gcc version 7.5.0 (Ubuntu 7.5.0-6ubuntu2) 
COLLECT_GCC_OPTIONS='-v' '-o' 'CMakeFiles/cmTC_ad883.dir/CMakeCCompilerABI.c.o' '-c' '-mtune=generic' '-march=x86-64'
 /usr/lib/gcc/x86_64-linux-gnu/7/cc1 -quiet -v -imultiarch x86_64-linux-gnu /usr/share/cmake-3.16/Modules/CMakeCCompilerABI.c -quiet -dumpbase CMakeCCompilerABI.c -mtune=generic -march=x86-64 -auxbase-strip CMakeFiles/cmTC_ad883.dir/CMakeCCompilerABI.c.o -version -fstack-protector-strong -Wformat -Wformat-security -o /tmp/ccx2609h.s
GNU C11 (Ubuntu 7.5.0-6ubuntu2) version 7.5.0 (x86_64-linux-gnu)
	compiled by GNU C version 7.5.0, GMP version 6.2.0, MPFR version 4.0.2, MPC version 1.1.0, isl version isl-0.22.1-GMP

GGC heuristics: --param ggc-min-expand=100 --param ggc-min-heapsize=131072
ignoring nonexistent directory "/usr/local/include/x86_64-linux-gnu"
ignoring nonexistent directory "/usr/lib/gcc/x86_64-linux-gnu/7/include-fixed"
ignoring nonexistent directory "/usr/lib/gcc/x86_64-linux-gnu/7/../../../../x86_64-linux-gnu/include"
#include "..." search starts here:
#include <...> search starts here:
 /usr/lib/gcc/x86_64-linux-gnu/7/include
 /usr/local/include
 /usr/include/x86_64-linux-gnu
 /usr/include
End of search list.
GNU C11 (Ubuntu 7.5.0-6ubuntu2) version 7.5.0 (x86_64-linux-gnu)
	compiled by GNU C version 7.5.0, GMP version 6.2.0, MPFR version 4.0.2, MPC version 1.1.0, isl version isl-0.22.1-GMP

GGC heuristics: --param ggc-min-expand=100 --param ggc-min-heapsize=131072
Compiler executable checksum: 21180b46086dedfd78d30fca0620e7d0
COLLECT_GCC_OPTIONS='-v' '-o' 'CMakeFiles/cmTC_ad883.dir/CMakeCCompilerABI.c.o' '-c' '-mtune=generic' '-march=x86-64'
 as -v --64 -o CMakeFiles/cmTC_ad883.dir/CMakeCCompilerABI.c.o /tmp/ccx2609h.s
GNU assembler version 2.34 (x86_64-linux-gnu) using BFD version (GNU Binutils for Ubuntu) 2.34
COMPILER_PATH=/usr/lib/gcc/x86_64-linux-gnu/7/:/usr/lib/gcc/x86_64-linux-gnu/7/:/usr/lib/gcc/x86_64-linux-gnu/:/usr/lib/gcc/x86_64-linux-gnu/7/:/usr/lib/gcc/x86_64-linux-gnu/
LIBRARY_PATH=/usr/lib/gcc/x86_64-linux-gnu/7/:/usr/lib/gcc/x86_64-linux-gnu/7/../../../x86_64-linux-gnu/:/usr/lib/gcc/x86_64-linux-gnu/7/../../../../lib/:/lib/x86_64-linux-gnu/:/lib/../lib/:/usr/lib/x86_64-linux-gnu/:/usr/lib/../lib/:/usr/lib/gcc/x86_64-linux-gnu/7/../../../:/lib/:/usr/lib/
COLLECT_GCC_OPTIONS='-v' '-o' 'CMakeFiles/cmTC_ad883.dir/CMakeCCompilerABI.c.o' '-c' '-mtune=generic' '-march=x86-64'
Linking C executable cmTC_ad883
/usr/bin/cmake -E cmake_link_script CMakeFiles/cmTC_ad883.dir/link.txt --verbose=1
/usr/bin/gcc-7     -v -rdynamic CMakeFiles/cmTC_ad883.dir/CMakeCCompilerABI.c.o  -o cmTC_ad883 
Using built-in specs.
COLLECT_GCC=/usr/bin/gcc-7
COLLECT_LTO_WRAPPER=/usr/lib/gcc/x86_64-linux-gnu/7/lto-wrapper
OFFLOAD_TARGET_NAMES=nvptx-none
OFFLOAD_TARGET_DEFAULT=1
Target: x86_64-linux-gnu
Configured with: ../src/configure -v --with-pkgversion='Ubuntu 7.5.0-6ubuntu2' --with-bugurl=file:///usr/share/doc/gcc-7/README.Bugs --enable-languages=c,ada,c++,go,brig,d,fortran,objc,obj-c++ --prefix=/usr --with-gcc-major-version-only --program-suffix=-7 --program-prefix=x86_64-linux-gnu- --enable-shared --enable-linker-build-id --libexecdir=/usr/lib --without-included-gettext --enable-threads=posix --libdir=/usr/lib --enable-nls --enable-bootstrap --enable-clocale=gnu --enable-libstdcxx-debug --enable-libstdcxx-time=yes --with-default-libstdcxx-abi=new --enable-gnu-unique-object --disable-vtable-verify --enable-libmpx --enable-plugin --enable-default-pie --with-system-zlib --with-target-system-zlib --enable-objc-gc=auto --enable-multiarch --disable-werror --with-arch-32=i686 --with-abi=m64 --with-multilib-list=m32,m64,mx32 --enable-multilib --with-tune=generic --enable-offload-targets=nvptx-none --without-cuda-driver --enable-checking=release --build=x86_64-linux-gnu --host=x86_64-linux-gnu --target=x86_64-linux-gnu
Thread model: posix
gcc version 7.5.0 (Ubuntu 7.5.0-6ubuntu2) 
COMPILER_PATH=/usr/lib/gcc/x86_64-linux-gnu/7/:/usr/lib/gcc/x86_64-linux-gnu/7/:/usr/lib/gcc/x86_64-linux-gnu/:/usr/lib/gcc/x86_64-linux-gnu/7/:/usr/lib/gcc/x86_64-linux-gnu/
LIBRARY_PATH=/usr/lib/gcc/x86_64-linux-gnu/7/:/usr/lib/gcc/x86_64-linux-gnu/7/../../../x86_64-linux-gnu/:/usr/lib/gcc/x86_64-linux-gnu/7/../../../../lib/:/lib/x86_64-linux-gnu/:/lib/../lib/:/usr/lib/x86_64-linux-gnu/:/usr/lib/../lib/:/usr/lib/gcc/x86_64-linux-gnu/7/../../../:/lib/:/usr/lib/
COLLECT_GCC_OPTIONS='-v' '-rdynamic' '-o' 'cmTC_ad883' '-mtune=generic' '-march=x86-64'
 /usr/lib/gcc/x86_64-linux-gnu/7/collect2 -plugin /usr/lib/gcc/x86_64-linux-gnu/7/liblto_plugin.so -plugin-opt=/usr/lib/gcc/x86_64-linux-gnu/7/lto-wrapper -plugin-opt=-fresolution=/tmp/ccA5w5dK.res -plugin-opt=-pass-through=-lgcc -plugin-opt=-pass-through=-lgcc_s -plugin-opt=-pass-through=-lc -plugin-opt=-pass-through=-lgcc -plugin-opt=-pass-through=-lgcc_s --build-id --eh-frame-hdr -m elf_x86_64 --hash-style=gnu --as-needed -export-dynamic -dynamic-linker /lib64/ld-linux-x86-64.so.2 -pie -z now -z relro -o cmTC_ad883 /usr/lib/gcc/x86_64-linux-gnu/7/../../../x86_64-linux-gnu/Scrt1.o /usr/lib/gcc/x86_64-linux-gnu/7/../../../x86_64-linux-gnu/crti.o /usr/lib/gcc/x86_64-linux-gnu/7/crtbeginS.o -L/usr/lib/gcc/x86_64-linux-gnu/7 -L/usr/lib/gcc/x86_64-linux-gnu/7/../../../x86_64-linux-gnu -L/usr/lib/gcc/x86_64-linux-gnu/7/../../../../lib -L/lib/x86_64-linux-gnu -L/lib/../lib -L/usr/lib/x86_64-linux-gnu -L/usr/lib/../lib -L/usr/lib/gcc/x86_64-linux-gnu/7/../../.. CMakeFiles/cmTC_ad883.dir/CMakeCCompilerABI.c.o -lgcc --push-state --as-needed -lgcc_s --pop-state -lc -lgcc --push-state --as-needed -lgcc_s --pop-state /usr/lib/gcc/x86_64-linux-gnu/7/crtendS.o /usr/lib/gcc/x86_64-linux-gnu/7/../../../x86_64-linux-gnu/crtn.o
COLLECT_GCC_OPTIONS='-v' '-rdynamic' '-o' 'cmTC_ad883' '-mtune=generic' '-march=x86-64'
make[1]: Leaving directory '/workspace/build-catamaran-3.4.0/CMakeFiles/CMakeTmp'



Parsed C implicit include dir info from above output: rv=done
  found start of include info
  found start of implicit include info
    add: [/usr/lib/gcc/x86_64-linux-gnu/7/include]
    add: [/usr/local/include]
    add: [/usr/include/x86_64-linux-gnu]
    add: [/usr/include]
  end of search list found
  collapse include dir [/usr/lib/gcc/x86_64-linux-gnu/7/include] ==> [/usr/lib/gcc/x86_64-linux-gnu/7/include]
  collapse include dir [/usr/local/include] ==> [/usr/local/include]
  collapse include dir [/usr/include/x86_64-linux-gnu] ==> [/usr/include/x86_64-linux-gnu]
  collapse include dir [/usr/include] ==> [/usr/include]
  implicit include dirs: [/usr/lib/gcc/x86_64-linux-gnu/7/include;/usr/local/include;/usr/include/x86_64-linux-gnu;/usr/include]


Parsed C implicit link information from above output:
  link line regex: [^( *|.*[/\])(ld|CMAKE_LINK_STARTFILE-NOTFOUND|([^/\]+-)?ld|collect2)[^/\]*( |$)]
  ignore line: [Change Dir: /workspace/build-catamaran-3.4.0/CMakeFiles/CMakeTmp]
  ignore line: []
  ignore line: [Run Build Command(s):/usr/bin/make cmTC_ad883/fast && /usr/bin/make -f CMakeFiles/cmTC_ad883.dir/build.make CMakeFiles/cmTC_ad883.dir/build]
  ignore line: [make[1]: Entering directory '/workspace/build-catamaran-3.4.0/CMakeFiles/CMakeTmp']
  ignore line: [Building C object CMakeFiles/cmTC_ad883.dir/CMakeCCompilerABI.c.o]
  ignore line: [/usr/bin/gcc-7   -v -o CMakeFiles/cmTC_ad883.dir/CMakeCCompilerABI.c.o   -c /usr/share/cmake-3.16/Modules/CMakeCCompilerABI.c]
  ignore line: [Using built-in specs.]
  ignore line: [COLLECT_GCC=/usr/bin/gcc-7]
  ignore line: [OFFLOAD_TARGET_NAMES=nvptx-none]
  ignore line: [OFFLOAD_TARGET_DEFAULT=1]
  ignore line: [Target: x86_64-linux-gnu]
  ignore line: [Configured with: ../src/configure -v --with-pkgversion='Ubuntu 7.5.0-6ubuntu2' --with-bugurl=file:///usr/share/doc/gcc-7/README.Bugs --enable-languages=c ada c++ go brig d fortran objc obj-c++ --prefix=/usr --with-gcc-major-version-only --program-suffix=-7 --program-prefix=x86_64-linux-gnu- --enable-shared --enable-linker-build-id --libexecdir=/usr/lib --without-included-gettext --enable-threads=posix --libdir=/usr/lib --enable-nls --enable-bootstrap --enable-clocale=gnu --enable-libstdcxx-debug --enable-libstdcxx-time=yes --with-default-libstdcxx-abi=new --enable-gnu-unique-object --disable-vtable-verify --enable-libmpx --enable-plugin --enable-default-pie --with-system-zlib --with-target-system-zlib --enable-objc-gc=auto --enable-multiarch --disable-werror --with-arch-32=i686 --with-abi=m64 --with-multilib-list=m32 m64 mx32 --enable-multilib --with-tune=generic --enable-offload-targets=nvptx-none --without-cuda-driver --enable-checking=release --build=x86_64-linux-gnu --host=x86_64-linux-gnu --target=x86_64-linux-gnu]
  ignore line: [Thread model: posix]
  ignore line: [gcc version 7.5.0 (Ubuntu 7.5.0-6ubuntu2) ]
  ignore line: [COLLECT_GCC_OPTIONS='-v' '-o' 'CMakeFiles/cmTC_ad883.dir/CMakeCCompilerABI.c.o' '-c' '-mtune=generic' '-march=x86-64']
  ignore line: [ /usr/lib/gcc/x86_64-linux-gnu/7/cc1 -quiet -v -imultiarch x86_64-linux-gnu /usr/share/cmake-3.16/Modules/CMakeCCompilerABI.c -quiet -dumpbase CMakeCCompilerABI.c -mtune=generic -march=x86-64 -auxbase-strip CMakeFiles/cmTC_ad883.dir/CMakeCCompilerABI.c.o -version -fstack-protector-strong -Wformat -Wformat-security -o /tmp/ccx2609h.s]
  ignore line: [GNU C11 (Ubuntu 7.5.0-6ubuntu2) version 7.5.0 (x86_64-linux-gnu)]
  ignore line: [	compiled by GNU C version 7.5.0  GMP version 6.2.0  MPFR version 4.0.2  MPC version 1.1.0  isl version isl-0.22.1-GMP]
  ignore line: []
  ignore line: [GGC heuristics: --param ggc-min-expand=100 --param ggc-min-heapsize=131072]
  ignore line: [ignoring nonexistent directory "/usr/local/include/x86_64-linux-gnu"]
  ignore line: [ignoring nonexistent directory "/usr/lib/gcc/x86_64-linux-gnu/7/include-fixed"]
  ignore line: [ignoring nonexistent directory "/usr/lib/gcc/x86_64-linux-gnu/7/../../../../x86_64-linux-gnu/include"]
  ignore line: [#include "..." search starts here:]
  ignore line: [#include <...> search starts here:]
  ignore line: [ /usr/lib/gcc/x86_64-linux-gnu/7/include]
  ignore line: [ /usr/local/include]
  ignore line: [ /usr/include/x86_64-linux-gnu]
  ignore line: [ /usr/include]
  ignore line: [End of search list.]
  ignore line: [GNU C11 (Ubuntu 7.5.0-6ubuntu2) version 7.5.0 (x86_64-linux-gnu)]
  ignore line: [	compiled by GNU C version 7.5.0  GMP version 6.2.0  MPFR version 4.0.2  MPC version 1.1.0  isl version isl-0.22.1-GMP]
  ignore line: []
  ignore line: [GGC heuristics: --param ggc-min-expand=100 --param ggc-min-heapsize=131072]
  ignore line: [Compiler executable checksum: 21180b46086dedfd78d30fca0620e7d0]
  ignore line: [COLLECT_GCC_OPTIONS='-v' '-o' 'CMakeFiles/cmTC_ad883.dir/CMakeCCompilerABI.c.o' '-c' '-mtune=generic' '-march=x86-64']
  ignore line: [ as -v --64 -o CMakeFiles/cmTC_ad883.dir/CMakeCCompilerABI.c.o /tmp/ccx2609h.s]
  ignore line: [GNU assembler version 2.34 (x86_64-linux-gnu) using BFD version (GNU Binutils for Ubuntu) 2.34]
  ignore line: [COMPILER_PATH=/usr/lib/gcc/x86_64-linux-gnu/7/:/usr/lib/gcc/x86_64-linux-gnu/7/:/usr/lib/gcc/x86_64-linux-gnu/:/usr/lib/gcc/x86_64-linux-gnu/7/:/usr/lib/gcc/x86_64-linux-gnu/]
  ignore line: [LIBRARY_PATH=/usr/lib/gcc/x86_64-linux-gnu/7/:/usr/lib/gcc/x86_64-linux-gnu/7/../../../x86_64-linux-gnu/:/usr/lib/gcc/x86_64-linux-gnu/7/../../../../lib/:/lib/x86_64-linux-gnu/:/lib/../lib/:/usr/lib/x86_64-linux-gnu/:/usr/lib/../lib/:/usr/lib/gcc/x86_64-linux-gnu/7/../../../:/lib/:/usr/lib/]
  ignore line: [COLLECT_GCC_OPTIONS='-v' '-o' 'CMakeFiles/cmTC_ad883.dir/CMakeCCompilerABI.c.o' '-c' '-mtune=generic' '-march=x86-64']
  ignore line: [Linking C executable cmTC_ad883]
  ignore line: [/usr/bin/cmake -E cmake_link_script CMakeFiles/cmTC_ad883.dir/link.txt --verbose=1]
  ignore line: [/usr/bin/gcc-7     -v -rdynamic CMakeFiles/cmTC_ad883.dir/CMakeCCompilerABI.c.o  -o cmTC_ad883 ]
  ignore line: [Using built-in specs.]
  ignore line: [COLLECT_GCC=/usr/bin/gcc-7]
  ignore line: [COLLECT_LTO_WRAPPER=/usr/lib/gcc/x86_64-linux-gnu/7/lto-wrapper]
  ignore line: [OFFLOAD_TARGET_NAMES=nvptx-none]
  ignore line: [OFFLOAD_TARGET_DEFAULT=1]
  ignore line: [Target: x86_64-linux-gnu]
  ignore line: [Configured with: ../src/configure -v --with-pkgversion='Ubuntu 7.5.0-6ubuntu2' --with-bugurl=file:///usr/share/doc/gcc-7/README.Bugs --enable-languages=c ada c++ go brig d fortran objc obj-c++ --prefix=/usr --with-gcc-major-version-only --program-suffix=-7 --program-prefix=x86_64-linux-gnu- --enable-shared --enable-linker-build-id --libexecdir=/usr/lib --without-included-gettext --enable-threads=posix --libdir=/usr/lib --enable-nls --enable-bootstrap --enable-clocale=gnu --enable-libstdcxx-debug --enable-libstdcxx-time=yes --with-default-libstdcxx-abi=new --enable-gnu-unique-object --disable-vtable-verify --enable-libmpx --enable-plugin --enable-default-pie --with-system-zlib --with-target-system-zlib --enable-objc-gc=auto --enable-multiarch --disable-werror --with-arch-32=i686 --with-abi=m64 --with-multilib-list=m32 m64 mx32 --enable-multilib --with-tune=generic --enable-offload-targets=nvptx-none --without-cuda-driver --enable-checking=release --build=x86_64-linux-gnu --host=x86_64-linux-gnu --target=x86_64-linux-gnu]
  ignore line: [Thread model: posix]
  ignore line: [gcc version 7.5.0 (Ubuntu 7.5.0-6ubuntu2) ]
  ignore line: [COMPILER_PATH=/usr/lib/gcc/x86_64-linux-gnu/7/:/usr/lib/gcc/x86_64-linux-gnu/7/:/usr/lib/gcc/x86_64-linux-gnu/:/usr/lib/gcc/x86_64-linux-gnu/7/:/usr/lib/gcc/x86_64-linux-gnu/]
  ignore line: [LIBRARY_PATH=/usr/lib/gcc/x86_64-linux-gnu/7/:/usr/lib/gcc/x86_64-linux-gnu/7/../../../x86_64-linux-gnu/:/usr/lib/gcc/x86_64-linux-gnu/7/../../../../lib/:/lib/x86_64-linux-gnu/:/lib/../lib/:/usr/lib/x86_64-linux-gnu/:/usr/lib/../lib/:/usr/lib/gcc/x86_64-linux-gnu/7/../../../:/lib/:/usr/lib/]
  ignore line: [COLLECT_GCC_OPTIONS='-v' '-rdynamic' '-o' 'cmTC_ad883' '-mtune=generic' '-march=x86-64']
  link line: [ /usr/lib/gcc/x86_64-linux-gnu/7/collect2 -plugin /usr/lib/gcc/x86_64-linux-gnu/7/liblto_plugin.so -plugin-opt=/usr/lib/gcc/x86_64-linux-gnu/7/lto-wrapper -plugin-opt=-fresolution=/tmp/ccA5w5dK.res -plugin-opt=-pass-through=-lgcc -plugin-opt=-pass-through=-lgcc_s -plugin-opt=-pass-through=-lc -plugin-opt=-pass-through=-lgcc -plugin-opt=-pass-through=-lgcc_s --build-id --eh-frame-hdr -m elf_x86_64 --hash-style=gnu --as-needed -export-dynamic -dynamic-linker /lib64/ld-linux-x86-64.so.2 -pie -z now -z relro -o cmTC_ad883 /usr/lib/gcc/x86_64-linux-gnu/7/../../../x86_64-linux-gnu/Scrt1.o /usr/lib/gcc/x86_64-linux-gnu/7/../../../x86_64-linux-gnu/crti.o /usr/lib/gcc/x86_64-linux-gnu/7/crtbeginS.o -L/usr/lib/gcc/x86_64-linux-gnu/7 -L/usr/lib/gcc/x86_64-linux-gnu/7/../../../x86_64-linux-gnu -L/usr/lib/gcc/x86_64-linux-gnu/7/../../../../lib -L/lib/x86_64-linux-gnu -L/lib/../lib -L/usr/lib/x86_64-linux-gnu -L/usr/lib/../lib -L/usr/lib/gcc/x86_64-linux-gnu/7/../../.. CMakeFiles/cmTC_ad883.dir/CMakeCCompilerABI.c.o -lgcc --push-state --as-needed -lgcc_s --pop-state -lc -lgcc --push-state --as-needed -lgcc_s --pop-state /usr/lib/gcc/x86_64-linux-gnu/7/crtendS.o /usr/lib/gcc/x86_64-linux-gnu/7/../../../x86_64-linux-gnu/crtn.o]
    arg [/usr/lib/gcc/x86_64-linux-gnu/7/collect2] ==> ignore
    arg [-plugin] ==> ignore
    arg [/usr/lib/gcc/x86_64-linux-gnu/7/liblto_plugin.so] ==> ignore
    arg [-plugin-opt=/usr/lib/gcc/x86_64-linux-gnu/7/lto-wrapper] ==> ignore
    arg [-plugin-opt=-fresolution=/tmp/ccA5w5dK.res] ==> ignore
    arg [-plugin-opt=-pass-through=-lgcc] ==> ignore
    arg [-plugin-opt=-pass-through=-lgcc_s] ==> ignore
    arg [-plugin-opt=-pass-through=-lc] ==> ignore
    arg [-plugin-opt=-pass-through=-lgcc] ==> ignore
    arg [-plugin-opt=-pass-through=-lgcc_s] ==> ignore
    arg [--build-id] ==> ignore
    arg [--eh-frame-hdr] ==> ignore
    arg [-m] ==> ignore
    arg [elf_x86_64] ==> ignore
    arg [--hash-style=gnu] ==> ignore
    arg [--as-needed] ==> ignore
    arg [-export-dynamic] ==> ignore
    arg [-dynamic-linker] ==> ignore
    arg [/lib64/ld-linux-x86-64.so.2] ==> ignore
    arg [-pie] ==> ignore
    arg [-znow] ==> ignore
    arg [-zrelro] ==> ignore
    arg [-o] ==> ignore
    arg [cmTC_ad883] ==> ignore
    arg [/usr/lib/gcc/x86_64-linux-gnu/7/../../../x86_64-linux-gnu/Scrt1.o] ==> ignore
    arg [/usr/lib/gcc/x86_64-linux-gnu/7/../../../x86_64-linux-gnu/crti.o] ==> ignore
    arg [/usr/lib/gcc/x86_64-linux-gnu/7/crtbeginS.o] ==> ignore
    arg [-L/usr/lib/gcc/x86_64-linux-gnu/7] ==> dir [/usr/lib/gcc/x86_64-linux-gnu/7]
    arg [-L/usr/lib/gcc/x86_64-linux-gnu/7/../../../x86_64-linux-gnu] ==> dir [/usr/lib/gcc/x86_64-linux-gnu/7/../../../x86_64-linux-gnu]
    arg [-L/usr/lib/gcc/x86_64-linux-gnu/7/../../../../lib] ==> dir [/usr/lib/gcc/x86_64-linux-gnu/7/../../../../lib]
    arg [-L/lib/x86_64-linux-gnu] ==> dir [/lib/x86_64-linux-gnu]
    arg [-L/lib/../lib] ==> dir [/lib/../lib]
    arg [-L/usr/lib/x86_64-linux-gnu] ==> dir [/usr/lib/x86_64-linux-gnu]
    arg [-L/usr/lib/../lib] ==> dir [/usr/lib/../lib]
    arg [-L/usr/lib/gcc/x86_64-linux-gnu/7/../../..] ==> dir [/usr/lib/gcc/x86_64-linux-gnu/7/../../..]
    arg [CMakeFiles/cmTC_ad883.dir/CMakeCCompilerABI.c.o] ==> ignore
    arg [-lgcc] ==> lib [gcc]
    arg [--push-state] ==> ignore
    arg [--as-needed] ==> ignore
    arg [-lgcc_s] ==> lib [gcc_s]
    arg [--pop-state] ==> ignore
    arg [-lc] ==> lib [c]
    arg [-lgcc] ==> lib [gcc]
    arg [--push-state] ==> ignore
    arg [--as-needed] ==> ignore
    arg [-lgcc_s] ==> lib [gcc_s]
    arg [--pop-state] ==> ignore
    arg [/usr/lib/gcc/x86_64-linux-gnu/7/crtendS.o] ==> ignore
    arg [/usr/lib/gcc/x86_64-linux-gnu/7/../../../x86_64-linux-gnu/crtn.o] ==> ignore
  collapse library dir [/usr/lib/gcc/x86_64-linux-gnu/7] ==> [/usr/lib/gcc/x86_64-linux-gnu/7]
  collapse library dir [/usr/lib/gcc/x86_64-linux-gnu/7/../../../x86_64-linux-gnu] ==> [/usr/lib/x86_64-linux-gnu]
  collapse library dir [/usr/lib/gcc/x86_64-linux-gnu/7/../../../../lib] ==> [/usr/lib]
  collapse library dir [/lib/x86_64-linux-gnu] ==> [/lib/x86_64-linux-gnu]
  collapse library dir [/lib/../lib] ==> [/lib]
  collapse library dir [/usr/lib/x86_64-linux-gnu] ==> [/usr/lib/x86_64-linux-gnu]
  collapse library dir [/usr/lib/../lib] ==> [/usr/lib]
  collapse library dir [/usr/lib/gcc/x86_64-linux-gnu/7/../../..] ==> [/usr/lib]
  implicit libs: [gcc;gcc_s;c;gcc;gcc_s]
  implicit dirs: [/usr/lib/gcc/x86_64-linux-gnu/7;/usr/lib/x86_64-linux-gnu;/usr/lib;/lib/x86_64-linux-gnu;/lib]
  implicit fwks: []


Determining if the CXX compiler works passed with the following output:
Change Dir: /workspace/build-catamaran-3.4.0/CMakeFiles/CMakeTmp

Run Build Command(s):/usr/bin/make cmTC_aae35/fast && /usr/bin/make -f CMakeFiles/cmTC_aae35.dir/build.make CMakeFiles/cmTC_aae35.dir/build
make[1]: Entering directory '/workspace/build-catamaran-3.4.0/CMakeFiles/CMakeTmp'
Building CXX object CMakeFiles/cmTC_aae35.dir/testCXXCompiler.cxx.o
/usr/bin/g++-7     -o CMakeFiles/cmTC_aae35.dir/testCXXCompiler.cxx.o -c /workspace/build-catamaran-3.4.0/CMakeFiles/CMakeTmp/testCXXCompiler.cxx
Linking CXX executable cmTC_aae35
/usr/bin/cmake -E cmake_link_script CMakeFiles/cmTC_aae35.dir/link.txt --verbose=1
/usr/bin/g++-7       -rdynamic CMakeFiles/cmTC_aae35.dir/testCXXCompiler.cxx.o  -o cmTC_aae35 
make[1]: Leaving directory '/workspace/build-catamaran-3.4.0/CMakeFiles/CMakeTmp'



Detecting CXX compiler ABI info compiled with the following output:
Change Dir: /workspace/build-catamaran-3.4.0/CMakeFiles/CMakeTmp

Run Build Command(s):/usr/bin/make cmTC_f6f58/fast && /usr/bin/make -f CMakeFiles/cmTC_f6f58.dir/build.make CMakeFiles/cmTC_f6f58.dir/build
make[1]: Entering directory '/workspace/build-catamaran-3.4.0/CMakeFiles/CMakeTmp'
Building CXX object CMakeFiles/cmTC_f6f58.dir/CMakeCXXCompilerABI.cpp.o
/usr/bin/g++-7    -v -o CMakeFiles/cmTC_f6f58.dir/CMakeCXXCompilerABI.cpp.o -c /usr/share/cmake-3.16/Modules/CMakeCXXCompilerABI.cpp
Using built-in specs.
COLLECT_GCC=/usr/bin/g++-7
OFFLOAD_TARGET_NAMES=nvptx-none
OFFLOAD_TARGET_DEFAULT=1
Target: x86_64-linux-gnu
Configured with: ../src/configure -v --with-pkgversion='Ubuntu 7.5.0-6ubuntu2' --with-bugurl=file:///usr/share/doc/gcc-7/README.Bugs --enable-languages=c,ada,c++,go,brig,d,fortran,objc,obj-c++ --prefix=/usr --with-gcc-major-version-only --program-suffix=-7 --program-prefix=x86_64-linux-gnu- --enable-shared --enable-linker-build-id --libexecdir=/usr/lib --without-included-gettext --enable-threads=posix --libdir=/usr/lib --enable-nls --enable-bootstrap --enable-clocale=gnu --enable-libstdcxx-debug --enable-libstdcxx-time=yes --with-default-libstdcxx-abi=new --enable-gnu-unique-object --disable-vtable-verify --enable-libmpx --enable-plugin --enable-default-pie --with-system-zlib --with-target-system-zlib --enable-objc-gc=auto --enable-multiarch --disable-werror --with-arch-32=i686 --with-abi=m64 --with-multilib-list=m32,m64,mx32 --enable-multilib --with-tune=generic --enable-offload-targets=nvptx-none --without-cuda-driver --enable-checking=release --build=x86_64-linux-gnu --host=x86_64-linux-gnu --target=x86_64-linux-gnu
Thread model: posix
gcc version 7.5.0 (Ubuntu 7.5.0-6ubuntu2) 
COLLECT_GCC_OPTIONS='-v' '-o' 'CMakeFiles/cmTC_f6f58.dir/CMakeCXXCompilerABI.cpp.o' '-c' '-shared-libgcc' '-mtune=generic' '-march=x86-64'
 /usr/lib/gcc/x86_64-linux-gnu/7/cc1plus -quiet -v -imultiarch x86_64-linux-gnu -D_GNU_SOURCE /usr/share/cmake-3.16/Modules/CMakeCXXCompilerABI.cpp -quiet -dumpbase CMakeCXXCompilerABI.cpp -mtune=generic -march=x86-64 -auxbase-strip CMakeFiles/cmTC_f6f58.dir/CMakeCXXCompilerABI.cpp.o -version -fstack-protector-strong -Wformat -Wformat-security -o /tmp/ccWw4ndg.s
GNU C++14 (Ubuntu 7.5.0-6ubuntu2) version 7.5.0 (x86_64-linux-gnu)
	compiled by GNU C version 7.5.0, GMP version 6.2.0, MPFR version 4.0.2, MPC version 1.1.0, isl version isl-0.22.1-GMP

GGC heuristics: --param ggc-min-expand=100 --param ggc-min-heapsize=131072
ignoring duplicate directory "/usr/include/x86_64-linux-gnu/c++/7"
ignoring nonexistent directory "/usr/local/include/x86_64-linux-gnu"
ignoring nonexistent directory "/usr/lib/gcc/x86_64-linux-gnu/7/include-fixed"
ignoring nonexistent directory "/usr/lib/gcc/x86_64-linux-gnu/7/../../../../x86_64-linux-gnu/include"
#include "..." search starts here:
#include <...> search starts here:
 /usr/include/c++/7
 /usr/include/x86_64-linux-gnu/c++/7
 /usr/include/c++/7/backward
 /usr/lib/gcc/x86_64-linux-gnu/7/include
 /usr/local/include
 /usr/include/x86_64-linux-gnu
 /usr/include
End of search list.
GNU C++14 (Ubuntu 7.5.0-6ubuntu2) version 7.5.0 (x86_64-linux-gnu)
	compiled by GNU C version 7.5.0, GMP version 6.2.0, MPFR version 4.0.2, MPC version 1.1.0, isl version isl-0.22.1-GMP

GGC heuristics: --param ggc-min-expand=100 --param ggc-min-heapsize=131072
Compiler executable checksum: 7ae1d509dd7f85612b2d6bc18654d3f5
COLLECT_GCC_OPTIONS='-v' '-o' 'CMakeFiles/cmTC_f6f58.dir/CMakeCXXCompilerABI.cpp.o' '-c' '-shared-libgcc' '-mtune=generic' '-march=x86-64'
 as -v --64 -o CMakeFiles/cmTC_f6f58.dir/CMakeCXXCompilerABI.cpp.o /tmp/ccWw4ndg.s
GNU assembler version 2.34 (x86_64-linux-gnu) using BFD version (GNU Binutils for Ubuntu) 2.34
COMPILER_PATH=/usr/lib/gcc/x86_64-linux-gnu/7/:/usr/lib/gcc/x86_64-linux-gnu/7/:/usr/lib/gcc/x86_64-linux-gnu/:/usr/lib/gcc/x86_64-linux-gnu/7/:/usr/lib/gcc/x86_64-linux-gnu/
LIBRARY_PATH=/usr/lib/gcc/x86_64-linux-gnu/7/:/usr/lib/gcc/x86_64-linux-gnu/7/../../../x86_64-linux-gnu/:/usr/lib/gcc/x86_64-linux-gnu/7/../../../../lib/:/lib/x86_64-linux-gnu/:/lib/../lib/:/usr/lib/x86_64-linux-gnu/:/usr/lib/../lib/:/usr/lib/gcc/x86_64-linux-gnu/7/../../../:/lib/:/usr/lib/
COLLECT_GCC_OPTIONS='-v' '-o' 'CMakeFiles/cmTC_f6f58.dir/CMakeCXXCompilerABI.cpp.o' '-c' '-shared-libgcc' '-mtune=generic' '-march=x86-64'
Linking CXX executable cmTC_f6f58
/usr/bin/cmake -E cmake_link_script CMakeFiles/cmTC_f6f58.dir/link.txt --verbose=1
/usr/bin/g++-7      -v -rdynamic CMakeFiles/cmTC_f6f58.dir/CMakeCXXCompilerABI.cpp.o  -o cmTC_f6f58 
Using built-in specs.
COLLECT_GCC=/usr/bin/g++-7
COLLECT_LTO_WRAPPER=/usr/lib/gcc/x86_64-linux-gnu/7/lto-wrapper
OFFLOAD_TARGET_NAMES=nvptx-none
OFFLOAD_TARGET_DEFAULT=1
Target: x86_64-linux-gnu
Configured with: ../src/configure -v --with-pkgversion='Ubuntu 7.5.0-6ubuntu2' --with-bugurl=file:///usr/share/doc/gcc-7/README.Bugs --enable-languages=c,ada,c++,go,brig,d,fortran,objc,obj-c++ --prefix=/usr --with-gcc-major-version-only --program-suffix=-7 --program-prefix=x86_64-linux-gnu- --enable-shared --enable-linker-build-id --libexecdir=/usr/lib --without-included-gettext --enable-threads=posix --libdir=/usr/lib --enable-nls --enable-bootstrap --enable-clocale=gnu --enable-libstdcxx-debug --enable-libstdcxx-time=yes --with-default-libstdcxx-abi=new --enable-gnu-unique-object --disable-vtable-verify --enable-libmpx --enable-plugin --enable-default-pie --with-system-zlib --with-target-system-zlib --enable-objc-gc=auto --enable-multiarch --disable-werror --with-arch-32=i686 --with-abi=m64 --with-multilib-list=m32,m64,mx32 --enable-multilib --with-tune=generic --enable-offload-targets=nvptx-none --without-cuda-driver --enable-checking=release --build=x86_64-linux-gnu --host=x86_64-linux-gnu --target=x86_64-linux-gnu
Thread model: posix
gcc version 7.5.0 (Ubuntu 7.5.0-6ubuntu2) 
COMPILER_PATH=/usr/lib/gcc/x86_64-linux-gnu/7/:/usr/lib/gcc/x86_64-linux-gnu/7/:/usr/lib/gcc/x86_64-linux-gnu/:/usr/lib/gcc/x86_64-linux-gnu/7/:/usr/lib/gcc/x86_64-linux-gnu/
LIBRARY_PATH=/usr/lib/gcc/x86_64-linux-gnu/7/:/usr/lib/gcc/x86_64-linux-gnu/7/../../../x86_64-linux-gnu/:/usr/lib/gcc/x86_64-linux-gnu/7/../../../../lib/:/lib/x86_64-linux-gnu/:/lib/../lib/:/usr/lib/x86_64-linux-gnu/:/usr/lib/../lib/:/usr/lib/gcc/x86_64-linux-gnu/7/../../../:/lib/:/usr/lib/
COLLECT_GCC_OPTIONS='-v' '-rdynamic' '-o' 'cmTC_f6f58' '-shared-libgcc' '-mtune=generic' '-march=x86-64'
 /usr/lib/gcc/x86_64-linux-gnu/7/collect2 -plugin /usr/lib/gcc/x86_64-linux-gnu/7/liblto_plugin.so -plugin-opt=/usr/lib/gcc/x86_64-linux-gnu/7/lto-wrapper -plugin-opt=-fresolution=/tmp/ccqAa9vK.res -plugin-opt=-pass-through=-lgcc_s -plugin-opt=-pass-through=-lgcc -plugin-opt=-pass-through=-lc -plugin-opt=-pass-through=-lgcc_s -plugin-opt=-pass-through=-lgcc --build-id --eh-frame-hdr -m elf_x86_64 --hash-style=gnu --as-needed -export-dynamic -dynamic-linker /lib64/ld-linux-x86-64.so.2 -pie -z now -z relro -o cmTC_f6f58 /usr/lib/gcc/x86_64-linux-gnu/7/../../../x86_64-linux-gnu/Scrt1.o /usr/lib/gcc/x86_64-linux-gnu/7/../../../x86_64-linux-gnu/crti.o /usr/lib/gcc/x86_64-linux-gnu/7/crtbeginS.o -L/usr/lib/gcc/x86_64-linux-gnu/7 -L/usr/lib/gcc/x86_64-linux-gnu/7/../../../x86_64-linux-gnu -L/usr/lib/gcc/x86_64-linux-gnu/7/../../../../lib -L/lib/x86_64-linux-gnu -L/lib/../lib -L/usr/lib/x86_64-linux-gnu -L/usr/lib/../lib -L/usr/lib/gcc/x86_64-linux-gnu/7/../../.. CMakeFiles/cmTC_f6f58.dir/CMakeCXXCompilerABI.cpp.o -lstdc++ -lm -lgcc_s -lgcc -lc -lgcc_s -lgcc /usr/lib/gcc/x86_64-linux-gnu/7/crtendS.o /usr/lib/gcc/x86_64-linux-gnu/7/../../../x86_64-linux-gnu/crtn.o
COLLECT_GCC_OPTIONS='-v' '-rdynamic' '-o' 'cmTC_f6f58' '-shared-libgcc' '-mtune=generic' '-march=x86-64'
make[1]: Leaving directory '/workspace/build-catamaran-3.4.0/CMakeFiles/CMakeTmp'



Parsed CXX implicit include dir info from above output: rv=done
  found start of include info
  found start of implicit include info
    add: [/usr/include/c++/7]
    add: [/usr/include/x86_64-linux-gnu/c++/7]
    add: [/usr/include/c++/7/backward]
    add: [/usr/lib/gcc/x86_64-linux-gnu/7/include]
    add: [/usr/local/include]
    add: [/usr/include/x86_64-linux-gnu]
    add: [/usr/include]
  end of search list found
  collapse include dir [/usr/include/c++/7] ==> [/usr/include/c++/7]
  collapse include dir [/usr/include/x86_64-linux-gnu/c++/7] ==> [/usr/include/x86_64-linux-gnu/c++/7]
  collapse include dir [/usr/include/c++/7/backward] ==> [/usr/include/c++/7/backward]
  collapse include dir [/usr/lib/gcc/x86_64-linux-gnu/7/include] ==> [/usr/lib/gcc/x86_64-linux-gnu/7/include]
  collapse include dir [/usr/local/include] ==> [/usr/local/include]
  collapse include dir [/usr/include/x86_64-linux-gnu] ==> [/usr/include/x86_64-linux-gnu]
  collapse include dir [/usr/include] ==> [/usr/include]
  implicit include dirs: [/usr/include/c++/7;/usr/include/x86_64-linux-gnu/c++/7;/usr/include/c++/7/backward;/usr/lib/gcc/x86_64-linux-gnu/7/include;/usr/local/include;/usr/include/x86_64-linux-gnu;/usr/include]


Parsed CXX implicit link information from above output:
  link line regex: [^( *|.*[/\])(ld|CMAKE_LINK_STARTFILE-NOTFOUND|([^/\]+-)?ld|collect2)[^/\]*( |$)]
  ignore line: [Change Dir: /workspace/build-catamaran-3.4.0/CMakeFiles/CMakeTmp]
  ignore line: []
  ignore line: [Run Build Command(s):/usr/bin/make cmTC_f6f58/fast && /usr/bin/make -f CMakeFiles/cmTC_f6f58.dir/build.make CMakeFiles/cmTC_f6f58.dir/build]
  ignore line: [make[1]: Entering directory '/workspace/build-catamaran-3.4.0/CMakeFiles/CMakeTmp']
  ignore line: [Building CXX object CMakeFiles/cmTC_f6f58.dir/CMakeCXXCompilerABI.cpp.o]
  ignore line: [/usr/bin/g++-7    -v -o CMakeFiles/cmTC_f6f58.dir/CMakeCXXCompilerABI.cpp.o -c /usr/share/cmake-3.16/Modules/CMakeCXXCompilerABI.cpp]
  ignore line: [Using built-in specs.]
  ignore line: [COLLECT_GCC=/usr/bin/g++-7]
  ignore line: [OFFLOAD_TARGET_NAMES=nvptx-none]
  ignore line: [OFFLOAD_TARGET_DEFAULT=1]
  ignore line: [Target: x86_64-linux-gnu]
  ignore line: [Configured with: ../src/configure -v --with-pkgversion='Ubuntu 7.5.0-6ubuntu2' --with-bugurl=file:///usr/share/doc/gcc-7/README.Bugs --enable-languages=c ada c++ go brig d fortran objc obj-c++ --prefix=/usr --with-gcc-major-version-only --program-suffix=-7 --program-prefix=x86_64-linux-gnu- --enable-shared --enable-linker-build-id --libexecdir=/usr/lib --without-included-gettext --enable-threads=posix --libdir=/usr/lib --enable-nls --enable-bootstrap --enable-clocale=gnu --enable-libstdcxx-debug --enable-libstdcxx-time=yes --with-default-libstdcxx-abi=new --enable-gnu-unique-object --disable-vtable-verify --enable-libmpx --enable-plugin --enable-default-pie --with-system-zlib --with-target-system-zlib --enable-objc-gc=auto --enable-multiarch --disable-werror --with-arch-32=i686 --with-abi=m64 --with-multilib-list=m32 m64 mx32 --enable-multilib --with-tune=generic --enable-offload-targets=nvptx-none --without-cuda-driver --enable-checking=release --build=x86_64-linux-gnu --host=x86_64-linux-gnu --target=x86_64-linux-gnu]
  ignore line: [Thread model: posix]
  ignore line: [gcc version 7.5.0 (Ubuntu 7.5.0-6ubuntu2) ]
  ignore line: [COLLECT_GCC_OPTIONS='-v' '-o' 'CMakeFiles/cmTC_f6f58.dir/CMakeCXXCompilerABI.cpp.o' '-c' '-shared-libgcc' '-mtune=generic' '-march=x86-64']
  ignore line: [ /usr/lib/gcc/x86_64-linux-gnu/7/cc1plus -quiet -v -imultiarch x86_64-linux-gnu -D_GNU_SOURCE /usr/share/cmake-3.16/Modules/CMakeCXXCompilerABI.cpp -quiet -dumpbase CMakeCXXCompilerABI.cpp -mtune=generic -march=x86-64 -auxbase-strip CMakeFiles/cmTC_f6f58.dir/CMakeCXXCompilerABI.cpp.o -version -fstack-protector-strong -Wformat -Wformat-security -o /tmp/ccWw4ndg.s]
  ignore line: [GNU C++14 (Ubuntu 7.5.0-6ubuntu2) version 7.5.0 (x86_64-linux-gnu)]
  ignore line: [	compiled by GNU C version 7.5.0  GMP version 6.2.0  MPFR version 4.0.2  MPC version 1.1.0  isl version isl-0.22.1-GMP]
  ignore line: []
  ignore line: [GGC heuristics: --param ggc-min-expand=100 --param ggc-min-heapsize=131072]
  ignore line: [ignoring duplicate directory "/usr/include/x86_64-linux-gnu/c++/7"]
  ignore line: [ignoring nonexistent directory "/usr/local/include/x86_64-linux-gnu"]
  ignore line: [ignoring nonexistent directory "/usr/lib/gcc/x86_64-linux-gnu/7/include-fixed"]
  ignore line: [ignoring nonexistent directory "/usr/lib/gcc/x86_64-linux-gnu/7/../../../../x86_64-linux-gnu/include"]
  ignore line: [#include "..." search starts here:]
  ignore line: [#include <...> search starts here:]
  ignore line: [ /usr/include/c++/7]
  ignore line: [ /usr/include/x86_64-linux-gnu/c++/7]
  ignore line: [ /usr/include/c++/7/backward]
  ignore line: [ /usr/lib/gcc/x86_64-linux-gnu/7/include]
  ignore line: [ /usr/local/include]
  ignore line: [ /usr/include/x86_64-linux-gnu]
  ignore line: [ /usr/include]
  ignore line: [End of search list.]
  ignore line: [GNU C++14 (Ubuntu 7.5.0-6ubuntu2) version 7.5.0 (x86_64-linux-gnu)]
  ignore line: [	compiled by GNU C version 7.5.0  GMP version 6.2.0  MPFR version 4.0.2  MPC version 1.1.0  isl version isl-0.22.1-GMP]
  ignore line: []
  ignore line: [GGC heuristics: --param ggc-min-expand=100 --param ggc-min-heapsize=131072]
  ignore line: [Compiler executable checksum: 7ae1d509dd7f85612b2d6bc18654d3f5]
  ignore line: [COLLECT_GCC_OPTIONS='-v' '-o' 'CMakeFiles/cmTC_f6f58.dir/CMakeCXXCompilerABI.cpp.o' '-c' '-shared-libgcc' '-mtune=generic' '-march=x86-64']
  ignore line: [ as -v --64 -o CMakeFiles/cmTC_f6f58.dir/CMakeCXXCompilerABI.cpp.o /tmp/ccWw4ndg.s]
  ignore line: [GNU assembler version 2.34 (x86_64-linux-gnu) using BFD version (GNU Binutils for Ubuntu) 2.34]
  ignore line: [COMPILER_PATH=/usr/lib/gcc/x86_64-linux-gnu/7/:/usr/lib/gcc/x86_64-linux-gnu/7/:/usr/lib/gcc/x86_64-linux-gnu/:/usr/lib/gcc/x86_64-linux-gnu/7/:/usr/lib/gcc/x86_64-linux-gnu/]
  ignore line: [LIBRARY_PATH=/usr/lib/gcc/x86_64-linux-gnu/7/:/usr/lib/gcc/x86_64-linux-gnu/7/../../../x86_64-linux-gnu/:/usr/lib/gcc/x86_64-linux-gnu/7/../../../../lib/:/lib/x86_64-linux-gnu/:/lib/../lib/:/usr/lib/x86_64-linux-gnu/:/usr/lib/../lib/:/usr/lib/gcc/x86_64-linux-gnu/7/../../../:/lib/:/usr/lib/]
  ignore line: [COLLECT_GCC_OPTIONS='-v' '-o' 'CMakeFiles/cmTC_f6f58.dir/CMakeCXXCompilerABI.cpp.o' '-c' '-shared-libgcc' '-mtune=generic' '-march=x86-64']
  ignore line: [Linking CXX executable cmTC_f6f58]
  ignore line: [/usr/bin/cmake -E cmake_link_script CMakeFiles/cmTC_f6f58.dir/link.txt --verbose=1]
  ignore line: [/usr/bin/g++-7      -v -rdynamic CMakeFiles/cmTC_f6f58.dir/CMakeCXXCompilerABI.cpp.o  -o cmTC_f6f58 ]
  ignore line: [Using built-in specs.]
  ignore line: [COLLECT_GCC=/usr/bin/g++-7]
  ignore line: [COLLECT_LTO_WRAPPER=/usr/lib/gcc/x86_64-linux-gnu/7/lto-wrapper]
  ignore line: [OFFLOAD_TARGET_NAMES=nvptx-none]
  ignore line: [OFFLOAD_TARGET_DEFAULT=1]
  ignore line: [Target: x86_64-linux-gnu]
  ignore line: [Configured with: ../src/configure -v --with-pkgversion='Ubuntu 7.5.0-6ubuntu2' --with-bugurl=file:///usr/share/doc/gcc-7/README.Bugs --enable-languages=c ada c++ go brig d fortran objc obj-c++ --prefix=/usr --with-gcc-major-version-only --program-suffix=-7 --program-prefix=x86_64-linux-gnu- --enable-shared --enable-linker-build-id --libexecdir=/usr/lib --without-included-gettext --enable-threads=posix --libdir=/usr/lib --enable-nls --enable-bootstrap --enable-clocale=gnu --enable-libstdcxx-debug --enable-libstdcxx-time=yes --with-default-libstdcxx-abi=new --enable-gnu-unique-object --disable-vtable-verify --enable-libmpx --enable-plugin --enable-default-pie --with-system-zlib --with-target-system-zlib --enable-objc-gc=auto --enable-multiarch --disable-werror --with-arch-32=i686 --with-abi=m64 --with-multilib-list=m32 m64 mx32 --enable-multilib --with-tune=generic --enable-offload-targets=nvptx-none --without-cuda-driver --enable-checking=release --build=x86_64-linux-gnu --host=x86_64-linux-gnu --target=x86_64-linux-gnu]
  ignore line: [Thread model: posix]
  ignore line: [gcc version 7.5.0 (Ubuntu 7.5.0-6ubuntu2) ]
  ignore line: [COMPILER_PATH=/usr/lib/gcc/x86_64-linux-gnu/7/:/usr/lib/gcc/x86_64-linux-gnu/7/:/usr/lib/gcc/x86_64-linux-gnu/:/usr/lib/gcc/x86_64-linux-gnu/7/:/usr/lib/gcc/x86_64-linux-gnu/]
  ignore line: [LIBRARY_PATH=/usr/lib/gcc/x86_64-linux-gnu/7/:/usr/lib/gcc/x86_64-linux-gnu/7/../../../x86_64-linux-gnu/:/usr/lib/gcc/x86_64-linux-gnu/7/../../../../lib/:/lib/x86_64-linux-gnu/:/lib/../lib/:/usr/lib/x86_64-linux-gnu/:/usr/lib/../lib/:/usr/lib/gcc/x86_64-linux-gnu/7/../../../:/lib/:/usr/lib/]
  ignore line: [COLLECT_GCC_OPTIONS='-v' '-rdynamic' '-o' 'cmTC_f6f58' '-shared-libgcc' '-mtune=generic' '-march=x86-64']
  link line: [ /usr/lib/gcc/x86_64-linux-gnu/7/collect2 -plugin /usr/lib/gcc/x86_64-linux-gnu/7/liblto_plugin.so -plugin-opt=/usr/lib/gcc/x86_64-linux-gnu/7/lto-wrapper -plugin-opt=-fresolution=/tmp/ccqAa9vK.res -plugin-opt=-pass-through=-lgcc_s -plugin-opt=-pass-through=-lgcc -plugin-opt=-pass-through=-lc -plugin-opt=-pass-through=-lgcc_s -plugin-opt=-pass-through=-lgcc --build-id --eh-frame-hdr -m elf_x86_64 --hash-style=gnu --as-needed -export-dynamic -dynamic-linker /lib64/ld-linux-x86-64.so.2 -pie -z now -z relro -o cmTC_f6f58 /usr/lib/gcc/x86_64-linux-gnu/7/../../../x86_64-linux-gnu/Scrt1.o /usr/lib/gcc/x86_64-linux-gnu/7/../../../x86_64-linux-gnu/crti.o /usr/lib/gcc/x86_64-linux-gnu/7/crtbeginS.o -L/usr/lib/gcc/x86_64-linux-gnu/7 -L/usr/lib/gcc/x86_64-linux-gnu/7/../../../x86_64-linux-gnu -L/usr/lib/gcc/x86_64-linux-gnu/7/../../../../lib -L/lib/x86_64-linux-gnu -L/lib/../lib -L/usr/lib/x86_64-linux-gnu -L/usr/lib/../lib -L/usr/lib/gcc/x86_64-linux-gnu/7/../../.. CMakeFiles/cmTC_f6f58.dir/CMakeCXXCompilerABI.cpp.o -lstdc++ -lm -lgcc_s -lgcc -lc -lgcc_s -lgcc /usr/lib/gcc/x86_64-linux-gnu/7/crtendS.o /usr/lib/gcc/x86_64-linux-gnu/7/../../../x86_64-linux-gnu/crtn.o]
    arg [/usr/lib/gcc/x86_64-linux-gnu/7/collect2] ==> ignore
    arg [-plugin] ==> ignore
    arg [/usr/lib/gcc/x86_64-linux-gnu/7/liblto_plugin.so] ==> ignore
    arg [-plugin-opt=/usr/lib/gcc/x86_64-linux-gnu/7/lto-wrapper] ==> ignore
    arg [-plugin-opt=-fresolution=/tmp/ccqAa9vK.res] ==> ignore
    arg [-plugin-opt=-pass-through=-lgcc_s] ==> ignore
    arg [-plugin-opt=-pass-through=-lgcc] ==> ignore
    arg [-plugin-opt=-pass-through=-lc] ==> ignore
    arg [-plugin-opt=-pass-through=-lgcc_s] ==> ignore
    arg [-plugin-opt=-pass-through=-lgcc] ==> ignore
    arg [--build-id] ==> ignore
    arg [--eh-frame-hdr] ==> ignore
    arg [-m] ==> ignore
    arg [elf_x86_64] ==> ignore
    arg [--hash-style=gnu] ==> ignore
    arg [--as-needed] ==> ignore
    arg [-export-dynamic] ==> ignore
    arg [-dynamic-linker] ==> ignore
    arg [/lib64/ld-linux-x86-64.so.2] ==> ignore
    arg [-pie] ==> ignore
    arg [-znow] ==> ignore
    arg [-zrelro] ==> ignore
    arg [-o] ==> ignore
    arg [cmTC_f6f58] ==> ignore
    arg [/usr/lib/gcc/x86_64-linux-gnu/7/../../../x86_64-linux-gnu/Scrt1.o] ==> ignore
    arg [/usr/lib/gcc/x86_64-linux-gnu/7/../../../x86_64-linux-gnu/crti.o] ==> ignore
    arg [/usr/lib/gcc/x86_64-linux-gnu/7/crtbeginS.o] ==> ignore
    arg [-L/usr/lib/gcc/x86_64-linux-gnu/7] ==> dir [/usr/lib/gcc/x86_64-linux-gnu/7]
    arg [-L/usr/lib/gcc/x86_64-linux-gnu/7/../../../x86_64-linux-gnu] ==> dir [/usr/lib/gcc/x86_64-linux-gnu/7/../../../x86_64-linux-gnu]
    arg [-L/usr/lib/gcc/x86_64-linux-gnu/7/../../../../lib] ==> dir [/usr/lib/gcc/x86_64-linux-gnu/7/../../../../lib]
    arg [-L/lib/x86_64-linux-gnu] ==> dir [/lib/x86_64-linux-gnu]
    arg [-L/lib/../lib] ==> dir [/lib/../lib]
    arg [-L/usr/lib/x86_64-linux-gnu] ==> dir [/usr/lib/x86_64-linux-gnu]
    arg [-L/usr/lib/../lib] ==> dir [/usr/lib/../lib]
    arg [-L/usr/lib/gcc/x86_64-linux-gnu/7/../../..] ==> dir [/usr/lib/gcc/x86_64-linux-gnu/7/../../..]
    arg [CMakeFiles/cmTC_f6f58.dir/CMakeCXXCompilerABI.cpp.o] ==> ignore
    arg [-lstdc++] ==> lib [stdc++]
    arg [-lm] ==> lib [m]
    arg [-lgcc_s] ==> lib [gcc_s]
    arg [-lgcc] ==> lib [gcc]
    arg [-lc] ==> lib [c]
    arg [-lgcc_s] ==> lib [gcc_s]
    arg [-lgcc] ==> lib [gcc]
    arg [/usr/lib/gcc/x86_64-linux-gnu/7/crtendS.o] ==> ignore
    arg [/usr/lib/gcc/x86_64-linux-gnu/7/../../../x86_64-linux-gnu/crtn.o] ==> ignore
  collapse library dir [/usr/lib/gcc/x86_64-linux-gnu/7] ==> [/usr/lib/gcc/x86_64-linux-gnu/7]
  collapse library dir [/usr/lib/gcc/x86_64-linux-gnu/7/../../../x86_64-linux-gnu] ==> [/usr/lib/x86_64-linux-gnu]
  collapse library dir [/usr/lib/gcc/x86_64-linux-gnu/7/../../../../lib] ==> [/usr/lib]
  collapse library dir [/lib/x86_64-linux-gnu] ==> [/lib/x86_64-linux-gnu]
  collapse library dir [/lib/../lib] ==> [/lib]
  collapse library dir [/usr/lib/x86_64-linux-gnu] ==> [/usr/lib/x86_64-linux-gnu]
  collapse library dir [/usr/lib/../lib] ==> [/usr/lib]
  collapse library dir [/usr/lib/gcc/x86_64-linux-gnu/7/../../..] ==> [/usr/lib]
  implicit libs: [stdc++;m;gcc_s;gcc;c;gcc_s;gcc]
  implicit dirs: [/usr/lib/gcc/x86_64-linux-gnu/7;/usr/lib/x86_64-linux-gnu;/usr/lib;/lib/x86_64-linux-gnu;/lib]
  implicit fwks: []


Performing C++ SOURCE FILE Test COMPILER_SUPPORTS_CXX11 succeeded with the following output:
Change Dir: /workspace/build-catamaran-3.4.0/CMakeFiles/CMakeTmp

Run Build Command(s):/usr/bin/make cmTC_1260f/fast && /usr/bin/make -f CMakeFiles/cmTC_1260f.dir/build.make CMakeFiles/cmTC_1260f.dir/build
make[1]: Entering directory '/workspace/build-catamaran-3.4.0/CMakeFiles/CMakeTmp'
Building CXX object CMakeFiles/cmTC_1260f.dir/src.cxx.o
/usr/bin/g++-7    -DCOMPILER_SUPPORTS_CXX11   -std=c++11 -o CMakeFiles/cmTC_1260f.dir/src.cxx.o -c /workspace/build-catamaran-3.4.0/CMakeFiles/CMakeTmp/src.cxx
Linking CXX executable cmTC_1260f
/usr/bin/cmake -E cmake_link_script CMakeFiles/cmTC_1260f.dir/link.txt --verbose=1
/usr/bin/g++-7   -DCOMPILER_SUPPORTS_CXX11    -rdynamic CMakeFiles/cmTC_1260f.dir/src.cxx.o  -o cmTC_1260f 
make[1]: Leaving directory '/workspace/build-catamaran-3.4.0/CMakeFiles/CMakeTmp'


Source file was:
int main() { return 0; }
Performing C++ SOURCE FILE Test COMPILER_SUPPORTS_CXX0X succeeded with the following output:
Change Dir: /workspace/build-catamaran-3.4.0/CMakeFiles/CMakeTmp

Run Build Command(s):/usr/bin/make cmTC_f5513/fast && /usr/bin/make -f CMakeFiles/cmTC_f5513.dir/build.make CMakeFiles/cmTC_f5513.dir/build
make[1]: Entering directory '/workspace/build-catamaran-3.4.0/CMakeFiles/CMakeTmp'
Building CXX object CMakeFiles/cmTC_f5513.dir/src.cxx.o
/usr/bin/g++-7    -DCOMPILER_SUPPORTS_CXX0X   -std=c++0x -o CMakeFiles/cmTC_f5513.dir/src.cxx.o -c /workspace/build-catamaran-3.4.0/CMakeFiles/CMakeTmp/src.cxx
Linking CXX executable cmTC_f5513
/usr/bin/cmake -E cmake_link_script CMakeFiles/cmTC_f5513.dir/link.txt --verbose=1
/usr/bin/g++-7   -DCOMPILER_SUPPORTS_CXX0X    -rdynamic CMakeFiles/cmTC_f5513.dir/src.cxx.o  -o cmTC_f5513 
make[1]: Leaving directory '/workspace/build-catamaran-3.4.0/CMakeFiles/CMakeTmp'


Source file was:
int main() { return 0; }
Determining if the include file cxxabi.h exists passed with the following output:
Change Dir: /workspace/build-catamaran-3.4.0/CMakeFiles/CMakeTmp

Run Build Command(s):/usr/bin/make cmTC_b8970/fast && /usr/bin/make -f CMakeFiles/cmTC_b8970.dir/build.make CMakeFiles/cmTC_b8970.dir/build
make[1]: Entering directory '/workspace/build-catamaran-3.4.0/CMakeFiles/CMakeTmp'
Building CXX object CMakeFiles/cmTC_b8970.dir/CheckIncludeFile.cxx.o
/usr/bin/g++-7    -std=c++11    -o CMakeFiles/cmTC_b8970.dir/CheckIncludeFile.cxx.o -c /workspace/build-catamaran-3.4.0/CMakeFiles/CMakeTmp/CheckIncludeFile.cxx
Linking CXX executable cmTC_b8970
/usr/bin/cmake -E cmake_link_script CMakeFiles/cmTC_b8970.dir/link.txt --verbose=1
/usr/bin/g++-7   -std=c++11     -rdynamic CMakeFiles/cmTC_b8970.dir/CheckIncludeFile.cxx.o  -o cmTC_b8970 
make[1]: Leaving directory '/workspace/build-catamaran-3.4.0/CMakeFiles/CMakeTmp'



Determining if the include file dirent.h exists passed with the following output:
Change Dir: /workspace/build-catamaran-3.4.0/CMakeFiles/CMakeTmp

Run Build Command(s):/usr/bin/make cmTC_4d915/fast && /usr/bin/make -f CMakeFiles/cmTC_4d915.dir/build.make CMakeFiles/cmTC_4d915.dir/build
make[1]: Entering directory '/workspace/build-catamaran-3.4.0/CMakeFiles/CMakeTmp'
Building C object CMakeFiles/cmTC_4d915.dir/CheckIncludeFile.c.o
/usr/bin/gcc-7    -o CMakeFiles/cmTC_4d915.dir/CheckIncludeFile.c.o   -c /workspace/build-catamaran-3.4.0/CMakeFiles/CMakeTmp/CheckIncludeFile.c
Linking C executable cmTC_4d915
/usr/bin/cmake -E cmake_link_script CMakeFiles/cmTC_4d915.dir/link.txt --verbose=1
/usr/bin/gcc-7      -rdynamic CMakeFiles/cmTC_4d915.dir/CheckIncludeFile.c.o  -o cmTC_4d915 
make[1]: Leaving directory '/workspace/build-catamaran-3.4.0/CMakeFiles/CMakeTmp'



Determining if the include file dlfcn.h exists passed with the following output:
Change Dir: /workspace/build-catamaran-3.4.0/CMakeFiles/CMakeTmp

Run Build Command(s):/usr/bin/make cmTC_37902/fast && /usr/bin/make -f CMakeFiles/cmTC_37902.dir/build.make CMakeFiles/cmTC_37902.dir/build
make[1]: Entering directory '/workspace/build-catamaran-3.4.0/CMakeFiles/CMakeTmp'
Building C object CMakeFiles/cmTC_37902.dir/CheckIncludeFile.c.o
/usr/bin/gcc-7    -o CMakeFiles/cmTC_37902.dir/CheckIncludeFile.c.o   -c /workspace/build-catamaran-3.4.0/CMakeFiles/CMakeTmp/CheckIncludeFile.c
Linking C executable cmTC_37902
/usr/bin/cmake -E cmake_link_script CMakeFiles/cmTC_37902.dir/link.txt --verbose=1
/usr/bin/gcc-7      -rdynamic CMakeFiles/cmTC_37902.dir/CheckIncludeFile.c.o  -o cmTC_37902 
make[1]: Leaving directory '/workspace/build-catamaran-3.4.0/CMakeFiles/CMakeTmp'



Determining if the include file errno.h exists passed with the following output:
Change Dir: /workspace/build-catamaran-3.4.0/CMakeFiles/CMakeTmp

Run Build Command(s):/usr/bin/make cmTC_6caec/fast && /usr/bin/make -f CMakeFiles/cmTC_6caec.dir/build.make CMakeFiles/cmTC_6caec.dir/build
make[1]: Entering directory '/workspace/build-catamaran-3.4.0/CMakeFiles/CMakeTmp'
Building C object CMakeFiles/cmTC_6caec.dir/CheckIncludeFile.c.o
/usr/bin/gcc-7    -o CMakeFiles/cmTC_6caec.dir/CheckIncludeFile.c.o   -c /workspace/build-catamaran-3.4.0/CMakeFiles/CMakeTmp/CheckIncludeFile.c
Linking C executable cmTC_6caec
/usr/bin/cmake -E cmake_link_script CMakeFiles/cmTC_6caec.dir/link.txt --verbose=1
/usr/bin/gcc-7      -rdynamic CMakeFiles/cmTC_6caec.dir/CheckIncludeFile.c.o  -o cmTC_6caec 
make[1]: Leaving directory '/workspace/build-catamaran-3.4.0/CMakeFiles/CMakeTmp'



Determining if the include file execinfo.h exists passed with the following output:
Change Dir: /workspace/build-catamaran-3.4.0/CMakeFiles/CMakeTmp

Run Build Command(s):/usr/bin/make cmTC_b4cb8/fast && /usr/bin/make -f CMakeFiles/cmTC_b4cb8.dir/build.make CMakeFiles/cmTC_b4cb8.dir/build
make[1]: Entering directory '/workspace/build-catamaran-3.4.0/CMakeFiles/CMakeTmp'
Building C object CMakeFiles/cmTC_b4cb8.dir/CheckIncludeFile.c.o
/usr/bin/gcc-7    -o CMakeFiles/cmTC_b4cb8.dir/CheckIncludeFile.c.o   -c /workspace/build-catamaran-3.4.0/CMakeFiles/CMakeTmp/CheckIncludeFile.c
Linking C executable cmTC_b4cb8
/usr/bin/cmake -E cmake_link_script CMakeFiles/cmTC_b4cb8.dir/link.txt --verbose=1
/usr/bin/gcc-7      -rdynamic CMakeFiles/cmTC_b4cb8.dir/CheckIncludeFile.c.o  -o cmTC_b4cb8 
make[1]: Leaving directory '/workspace/build-catamaran-3.4.0/CMakeFiles/CMakeTmp'



Determining if the include file fcntl.h exists passed with the following output:
Change Dir: /workspace/build-catamaran-3.4.0/CMakeFiles/CMakeTmp

Run Build Command(s):/usr/bin/make cmTC_07319/fast && /usr/bin/make -f CMakeFiles/cmTC_07319.dir/build.make CMakeFiles/cmTC_07319.dir/build
make[1]: Entering directory '/workspace/build-catamaran-3.4.0/CMakeFiles/CMakeTmp'
Building C object CMakeFiles/cmTC_07319.dir/CheckIncludeFile.c.o
/usr/bin/gcc-7    -o CMakeFiles/cmTC_07319.dir/CheckIncludeFile.c.o   -c /workspace/build-catamaran-3.4.0/CMakeFiles/CMakeTmp/CheckIncludeFile.c
Linking C executable cmTC_07319
/usr/bin/cmake -E cmake_link_script CMakeFiles/cmTC_07319.dir/link.txt --verbose=1
/usr/bin/gcc-7      -rdynamic CMakeFiles/cmTC_07319.dir/CheckIncludeFile.c.o  -o cmTC_07319 
make[1]: Leaving directory '/workspace/build-catamaran-3.4.0/CMakeFiles/CMakeTmp'



Determining if the include file inttypes.h exists passed with the following output:
Change Dir: /workspace/build-catamaran-3.4.0/CMakeFiles/CMakeTmp

Run Build Command(s):/usr/bin/make cmTC_ad793/fast && /usr/bin/make -f CMakeFiles/cmTC_ad793.dir/build.make CMakeFiles/cmTC_ad793.dir/build
make[1]: Entering directory '/workspace/build-catamaran-3.4.0/CMakeFiles/CMakeTmp'
Building C object CMakeFiles/cmTC_ad793.dir/CheckIncludeFile.c.o
/usr/bin/gcc-7    -o CMakeFiles/cmTC_ad793.dir/CheckIncludeFile.c.o   -c /workspace/build-catamaran-3.4.0/CMakeFiles/CMakeTmp/CheckIncludeFile.c
Linking C executable cmTC_ad793
/usr/bin/cmake -E cmake_link_script CMakeFiles/cmTC_ad793.dir/link.txt --verbose=1
/usr/bin/gcc-7      -rdynamic CMakeFiles/cmTC_ad793.dir/CheckIncludeFile.c.o  -o cmTC_ad793 
make[1]: Leaving directory '/workspace/build-catamaran-3.4.0/CMakeFiles/CMakeTmp'



Determining if the include file limits.h exists passed with the following output:
Change Dir: /workspace/build-catamaran-3.4.0/CMakeFiles/CMakeTmp

Run Build Command(s):/usr/bin/make cmTC_dd7c7/fast && /usr/bin/make -f CMakeFiles/cmTC_dd7c7.dir/build.make CMakeFiles/cmTC_dd7c7.dir/build
make[1]: Entering directory '/workspace/build-catamaran-3.4.0/CMakeFiles/CMakeTmp'
Building C object CMakeFiles/cmTC_dd7c7.dir/CheckIncludeFile.c.o
/usr/bin/gcc-7    -o CMakeFiles/cmTC_dd7c7.dir/CheckIncludeFile.c.o   -c /workspace/build-catamaran-3.4.0/CMakeFiles/CMakeTmp/CheckIncludeFile.c
Linking C executable cmTC_dd7c7
/usr/bin/cmake -E cmake_link_script CMakeFiles/cmTC_dd7c7.dir/link.txt --verbose=1
/usr/bin/gcc-7      -rdynamic CMakeFiles/cmTC_dd7c7.dir/CheckIncludeFile.c.o  -o cmTC_dd7c7 
make[1]: Leaving directory '/workspace/build-catamaran-3.4.0/CMakeFiles/CMakeTmp'



Determining if the include file malloc.h exists passed with the following output:
Change Dir: /workspace/build-catamaran-3.4.0/CMakeFiles/CMakeTmp

Run Build Command(s):/usr/bin/make cmTC_f8f1e/fast && /usr/bin/make -f CMakeFiles/cmTC_f8f1e.dir/build.make CMakeFiles/cmTC_f8f1e.dir/build
make[1]: Entering directory '/workspace/build-catamaran-3.4.0/CMakeFiles/CMakeTmp'
Building C object CMakeFiles/cmTC_f8f1e.dir/CheckIncludeFile.c.o
/usr/bin/gcc-7    -o CMakeFiles/cmTC_f8f1e.dir/CheckIncludeFile.c.o   -c /workspace/build-catamaran-3.4.0/CMakeFiles/CMakeTmp/CheckIncludeFile.c
Linking C executable cmTC_f8f1e
/usr/bin/cmake -E cmake_link_script CMakeFiles/cmTC_f8f1e.dir/link.txt --verbose=1
/usr/bin/gcc-7      -rdynamic CMakeFiles/cmTC_f8f1e.dir/CheckIncludeFile.c.o  -o cmTC_f8f1e 
make[1]: Leaving directory '/workspace/build-catamaran-3.4.0/CMakeFiles/CMakeTmp'



Determining if the include file pthread.h exists passed with the following output:
Change Dir: /workspace/build-catamaran-3.4.0/CMakeFiles/CMakeTmp

Run Build Command(s):/usr/bin/make cmTC_69417/fast && /usr/bin/make -f CMakeFiles/cmTC_69417.dir/build.make CMakeFiles/cmTC_69417.dir/build
make[1]: Entering directory '/workspace/build-catamaran-3.4.0/CMakeFiles/CMakeTmp'
Building C object CMakeFiles/cmTC_69417.dir/CheckIncludeFile.c.o
/usr/bin/gcc-7    -o CMakeFiles/cmTC_69417.dir/CheckIncludeFile.c.o   -c /workspace/build-catamaran-3.4.0/CMakeFiles/CMakeTmp/CheckIncludeFile.c
Linking C executable cmTC_69417
/usr/bin/cmake -E cmake_link_script CMakeFiles/cmTC_69417.dir/link.txt --verbose=1
/usr/bin/gcc-7      -rdynamic CMakeFiles/cmTC_69417.dir/CheckIncludeFile.c.o  -o cmTC_69417 
make[1]: Leaving directory '/workspace/build-catamaran-3.4.0/CMakeFiles/CMakeTmp'



Determining if the include file signal.h exists passed with the following output:
Change Dir: /workspace/build-catamaran-3.4.0/CMakeFiles/CMakeTmp

Run Build Command(s):/usr/bin/make cmTC_5b6c8/fast && /usr/bin/make -f CMakeFiles/cmTC_5b6c8.dir/build.make CMakeFiles/cmTC_5b6c8.dir/build
make[1]: Entering directory '/workspace/build-catamaran-3.4.0/CMakeFiles/CMakeTmp'
Building C object CMakeFiles/cmTC_5b6c8.dir/CheckIncludeFile.c.o
/usr/bin/gcc-7    -o CMakeFiles/cmTC_5b6c8.dir/CheckIncludeFile.c.o   -c /workspace/build-catamaran-3.4.0/CMakeFiles/CMakeTmp/CheckIncludeFile.c
Linking C executable cmTC_5b6c8
/usr/bin/cmake -E cmake_link_script CMakeFiles/cmTC_5b6c8.dir/link.txt --verbose=1
/usr/bin/gcc-7      -rdynamic CMakeFiles/cmTC_5b6c8.dir/CheckIncludeFile.c.o  -o cmTC_5b6c8 
make[1]: Leaving directory '/workspace/build-catamaran-3.4.0/CMakeFiles/CMakeTmp'



Determining if the include file stdint.h exists passed with the following output:
Change Dir: /workspace/build-catamaran-3.4.0/CMakeFiles/CMakeTmp

Run Build Command(s):/usr/bin/make cmTC_ce17d/fast && /usr/bin/make -f CMakeFiles/cmTC_ce17d.dir/build.make CMakeFiles/cmTC_ce17d.dir/build
make[1]: Entering directory '/workspace/build-catamaran-3.4.0/CMakeFiles/CMakeTmp'
Building C object CMakeFiles/cmTC_ce17d.dir/CheckIncludeFile.c.o
/usr/bin/gcc-7    -o CMakeFiles/cmTC_ce17d.dir/CheckIncludeFile.c.o   -c /workspace/build-catamaran-3.4.0/CMakeFiles/CMakeTmp/CheckIncludeFile.c
Linking C executable cmTC_ce17d
/usr/bin/cmake -E cmake_link_script CMakeFiles/cmTC_ce17d.dir/link.txt --verbose=1
/usr/bin/gcc-7      -rdynamic CMakeFiles/cmTC_ce17d.dir/CheckIncludeFile.c.o  -o cmTC_ce17d 
make[1]: Leaving directory '/workspace/build-catamaran-3.4.0/CMakeFiles/CMakeTmp'



Determining if the include file sys/dir.h exists passed with the following output:
Change Dir: /workspace/build-catamaran-3.4.0/CMakeFiles/CMakeTmp

Run Build Command(s):/usr/bin/make cmTC_813ef/fast && /usr/bin/make -f CMakeFiles/cmTC_813ef.dir/build.make CMakeFiles/cmTC_813ef.dir/build
make[1]: Entering directory '/workspace/build-catamaran-3.4.0/CMakeFiles/CMakeTmp'
Building C object CMakeFiles/cmTC_813ef.dir/CheckIncludeFile.c.o
/usr/bin/gcc-7    -o CMakeFiles/cmTC_813ef.dir/CheckIncludeFile.c.o   -c /workspace/build-catamaran-3.4.0/CMakeFiles/CMakeTmp/CheckIncludeFile.c
Linking C executable cmTC_813ef
/usr/bin/cmake -E cmake_link_script CMakeFiles/cmTC_813ef.dir/link.txt --verbose=1
/usr/bin/gcc-7      -rdynamic CMakeFiles/cmTC_813ef.dir/CheckIncludeFile.c.o  -o cmTC_813ef 
make[1]: Leaving directory '/workspace/build-catamaran-3.4.0/CMakeFiles/CMakeTmp'



Determining if the include file sys/ioctl.h exists passed with the following output:
Change Dir: /workspace/build-catamaran-3.4.0/CMakeFiles/CMakeTmp

Run Build Command(s):/usr/bin/make cmTC_44535/fast && /usr/bin/make -f CMakeFiles/cmTC_44535.dir/build.make CMakeFiles/cmTC_44535.dir/build
make[1]: Entering directory '/workspace/build-catamaran-3.4.0/CMakeFiles/CMakeTmp'
Building C object CMakeFiles/cmTC_44535.dir/CheckIncludeFile.c.o
/usr/bin/gcc-7    -o CMakeFiles/cmTC_44535.dir/CheckIncludeFile.c.o   -c /workspace/build-catamaran-3.4.0/CMakeFiles/CMakeTmp/CheckIncludeFile.c
Linking C executable cmTC_44535
/usr/bin/cmake -E cmake_link_script CMakeFiles/cmTC_44535.dir/link.txt --verbose=1
/usr/bin/gcc-7      -rdynamic CMakeFiles/cmTC_44535.dir/CheckIncludeFile.c.o  -o cmTC_44535 
make[1]: Leaving directory '/workspace/build-catamaran-3.4.0/CMakeFiles/CMakeTmp'



Determining if the include file sys/mman.h exists passed with the following output:
Change Dir: /workspace/build-catamaran-3.4.0/CMakeFiles/CMakeTmp

Run Build Command(s):/usr/bin/make cmTC_f931b/fast && /usr/bin/make -f CMakeFiles/cmTC_f931b.dir/build.make CMakeFiles/cmTC_f931b.dir/build
make[1]: Entering directory '/workspace/build-catamaran-3.4.0/CMakeFiles/CMakeTmp'
Building C object CMakeFiles/cmTC_f931b.dir/CheckIncludeFile.c.o
/usr/bin/gcc-7    -o CMakeFiles/cmTC_f931b.dir/CheckIncludeFile.c.o   -c /workspace/build-catamaran-3.4.0/CMakeFiles/CMakeTmp/CheckIncludeFile.c
Linking C executable cmTC_f931b
/usr/bin/cmake -E cmake_link_script CMakeFiles/cmTC_f931b.dir/link.txt --verbose=1
/usr/bin/gcc-7      -rdynamic CMakeFiles/cmTC_f931b.dir/CheckIncludeFile.c.o  -o cmTC_f931b 
make[1]: Leaving directory '/workspace/build-catamaran-3.4.0/CMakeFiles/CMakeTmp'



Determining if the include file sys/param.h exists passed with the following output:
Change Dir: /workspace/build-catamaran-3.4.0/CMakeFiles/CMakeTmp

Run Build Command(s):/usr/bin/make cmTC_5ba1a/fast && /usr/bin/make -f CMakeFiles/cmTC_5ba1a.dir/build.make CMakeFiles/cmTC_5ba1a.dir/build
make[1]: Entering directory '/workspace/build-catamaran-3.4.0/CMakeFiles/CMakeTmp'
Building C object CMakeFiles/cmTC_5ba1a.dir/CheckIncludeFile.c.o
/usr/bin/gcc-7    -o CMakeFiles/cmTC_5ba1a.dir/CheckIncludeFile.c.o   -c /workspace/build-catamaran-3.4.0/CMakeFiles/CMakeTmp/CheckIncludeFile.c
Linking C executable cmTC_5ba1a
/usr/bin/cmake -E cmake_link_script CMakeFiles/cmTC_5ba1a.dir/link.txt --verbose=1
/usr/bin/gcc-7      -rdynamic CMakeFiles/cmTC_5ba1a.dir/CheckIncludeFile.c.o  -o cmTC_5ba1a 
make[1]: Leaving directory '/workspace/build-catamaran-3.4.0/CMakeFiles/CMakeTmp'



Determining if the include file sys/resource.h exists passed with the following output:
Change Dir: /workspace/build-catamaran-3.4.0/CMakeFiles/CMakeTmp

Run Build Command(s):/usr/bin/make cmTC_ad1d0/fast && /usr/bin/make -f CMakeFiles/cmTC_ad1d0.dir/build.make CMakeFiles/cmTC_ad1d0.dir/build
make[1]: Entering directory '/workspace/build-catamaran-3.4.0/CMakeFiles/CMakeTmp'
Building C object CMakeFiles/cmTC_ad1d0.dir/CheckIncludeFile.c.o
/usr/bin/gcc-7    -o CMakeFiles/cmTC_ad1d0.dir/CheckIncludeFile.c.o   -c /workspace/build-catamaran-3.4.0/CMakeFiles/CMakeTmp/CheckIncludeFile.c
Linking C executable cmTC_ad1d0
/usr/bin/cmake -E cmake_link_script CMakeFiles/cmTC_ad1d0.dir/link.txt --verbose=1
/usr/bin/gcc-7      -rdynamic CMakeFiles/cmTC_ad1d0.dir/CheckIncludeFile.c.o  -o cmTC_ad1d0 
make[1]: Leaving directory '/workspace/build-catamaran-3.4.0/CMakeFiles/CMakeTmp'



Determining if the include file sys/stat.h exists passed with the following output:
Change Dir: /workspace/build-catamaran-3.4.0/CMakeFiles/CMakeTmp

Run Build Command(s):/usr/bin/make cmTC_3613a/fast && /usr/bin/make -f CMakeFiles/cmTC_3613a.dir/build.make CMakeFiles/cmTC_3613a.dir/build
make[1]: Entering directory '/workspace/build-catamaran-3.4.0/CMakeFiles/CMakeTmp'
Building C object CMakeFiles/cmTC_3613a.dir/CheckIncludeFile.c.o
/usr/bin/gcc-7    -o CMakeFiles/cmTC_3613a.dir/CheckIncludeFile.c.o   -c /workspace/build-catamaran-3.4.0/CMakeFiles/CMakeTmp/CheckIncludeFile.c
Linking C executable cmTC_3613a
/usr/bin/cmake -E cmake_link_script CMakeFiles/cmTC_3613a.dir/link.txt --verbose=1
/usr/bin/gcc-7      -rdynamic CMakeFiles/cmTC_3613a.dir/CheckIncludeFile.c.o  -o cmTC_3613a 
make[1]: Leaving directory '/workspace/build-catamaran-3.4.0/CMakeFiles/CMakeTmp'



Determining if the include file sys/time.h exists passed with the following output:
Change Dir: /workspace/build-catamaran-3.4.0/CMakeFiles/CMakeTmp

Run Build Command(s):/usr/bin/make cmTC_1a878/fast && /usr/bin/make -f CMakeFiles/cmTC_1a878.dir/build.make CMakeFiles/cmTC_1a878.dir/build
make[1]: Entering directory '/workspace/build-catamaran-3.4.0/CMakeFiles/CMakeTmp'
Building C object CMakeFiles/cmTC_1a878.dir/CheckIncludeFile.c.o
/usr/bin/gcc-7    -o CMakeFiles/cmTC_1a878.dir/CheckIncludeFile.c.o   -c /workspace/build-catamaran-3.4.0/CMakeFiles/CMakeTmp/CheckIncludeFile.c
Linking C executable cmTC_1a878
/usr/bin/cmake -E cmake_link_script CMakeFiles/cmTC_1a878.dir/link.txt --verbose=1
/usr/bin/gcc-7      -rdynamic CMakeFiles/cmTC_1a878.dir/CheckIncludeFile.c.o  -o cmTC_1a878 
make[1]: Leaving directory '/workspace/build-catamaran-3.4.0/CMakeFiles/CMakeTmp'



Determining if the include file sys/uio.h exists passed with the following output:
Change Dir: /workspace/build-catamaran-3.4.0/CMakeFiles/CMakeTmp

Run Build Command(s):/usr/bin/make cmTC_cd967/fast && /usr/bin/make -f CMakeFiles/cmTC_cd967.dir/build.make CMakeFiles/cmTC_cd967.dir/build
make[1]: Entering directory '/workspace/build-catamaran-3.4.0/CMakeFiles/CMakeTmp'
Building C object CMakeFiles/cmTC_cd967.dir/CheckIncludeFile.c.o
/usr/bin/gcc-7    -o CMakeFiles/cmTC_cd967.dir/CheckIncludeFile.c.o   -c /workspace/build-catamaran-3.4.0/CMakeFiles/CMakeTmp/CheckIncludeFile.c
Linking C executable cmTC_cd967
/usr/bin/cmake -E cmake_link_script CMakeFiles/cmTC_cd967.dir/link.txt --verbose=1
/usr/bin/gcc-7      -rdynamic CMakeFiles/cmTC_cd967.dir/CheckIncludeFile.c.o  -o cmTC_cd967 
make[1]: Leaving directory '/workspace/build-catamaran-3.4.0/CMakeFiles/CMakeTmp'



Determining if the include file sys/wait.h exists passed with the following output:
Change Dir: /workspace/build-catamaran-3.4.0/CMakeFiles/CMakeTmp

Run Build Command(s):/usr/bin/make cmTC_8c3c5/fast && /usr/bin/make -f CMakeFiles/cmTC_8c3c5.dir/build.make CMakeFiles/cmTC_8c3c5.dir/build
make[1]: Entering directory '/workspace/build-catamaran-3.4.0/CMakeFiles/CMakeTmp'
Building C object CMakeFiles/cmTC_8c3c5.dir/CheckIncludeFile.c.o
/usr/bin/gcc-7    -o CMakeFiles/cmTC_8c3c5.dir/CheckIncludeFile.c.o   -c /workspace/build-catamaran-3.4.0/CMakeFiles/CMakeTmp/CheckIncludeFile.c
Linking C executable cmTC_8c3c5
/usr/bin/cmake -E cmake_link_script CMakeFiles/cmTC_8c3c5.dir/link.txt --verbose=1
/usr/bin/gcc-7      -rdynamic CMakeFiles/cmTC_8c3c5.dir/CheckIncludeFile.c.o  -o cmTC_8c3c5 
make[1]: Leaving directory '/workspace/build-catamaran-3.4.0/CMakeFiles/CMakeTmp'



Determining if the include file termios.h exists passed with the following output:
Change Dir: /workspace/build-catamaran-3.4.0/CMakeFiles/CMakeTmp

Run Build Command(s):/usr/bin/make cmTC_b632c/fast && /usr/bin/make -f CMakeFiles/cmTC_b632c.dir/build.make CMakeFiles/cmTC_b632c.dir/build
make[1]: Entering directory '/workspace/build-catamaran-3.4.0/CMakeFiles/CMakeTmp'
Building C object CMakeFiles/cmTC_b632c.dir/CheckIncludeFile.c.o
/usr/bin/gcc-7    -o CMakeFiles/cmTC_b632c.dir/CheckIncludeFile.c.o   -c /workspace/build-catamaran-3.4.0/CMakeFiles/CMakeTmp/CheckIncludeFile.c
Linking C executable cmTC_b632c
/usr/bin/cmake -E cmake_link_script CMakeFiles/cmTC_b632c.dir/link.txt --verbose=1
/usr/bin/gcc-7      -rdynamic CMakeFiles/cmTC_b632c.dir/CheckIncludeFile.c.o  -o cmTC_b632c 
make[1]: Leaving directory '/workspace/build-catamaran-3.4.0/CMakeFiles/CMakeTmp'



Determining if the include file unistd.h exists passed with the following output:
Change Dir: /workspace/build-catamaran-3.4.0/CMakeFiles/CMakeTmp

Run Build Command(s):/usr/bin/make cmTC_421e0/fast && /usr/bin/make -f CMakeFiles/cmTC_421e0.dir/build.make CMakeFiles/cmTC_421e0.dir/build
make[1]: Entering directory '/workspace/build-catamaran-3.4.0/CMakeFiles/CMakeTmp'
Building C object CMakeFiles/cmTC_421e0.dir/CheckIncludeFile.c.o
/usr/bin/gcc-7    -o CMakeFiles/cmTC_421e0.dir/CheckIncludeFile.c.o   -c /workspace/build-catamaran-3.4.0/CMakeFiles/CMakeTmp/CheckIncludeFile.c
Linking C executable cmTC_421e0
/usr/bin/cmake -E cmake_link_script CMakeFiles/cmTC_421e0.dir/link.txt --verbose=1
/usr/bin/gcc-7      -rdynamic CMakeFiles/cmTC_421e0.dir/CheckIncludeFile.c.o  -o cmTC_421e0 
make[1]: Leaving directory '/workspace/build-catamaran-3.4.0/CMakeFiles/CMakeTmp'



Determining if the include file utime.h exists passed with the following output:
Change Dir: /workspace/build-catamaran-3.4.0/CMakeFiles/CMakeTmp

Run Build Command(s):/usr/bin/make cmTC_ddc27/fast && /usr/bin/make -f CMakeFiles/cmTC_ddc27.dir/build.make CMakeFiles/cmTC_ddc27.dir/build
make[1]: Entering directory '/workspace/build-catamaran-3.4.0/CMakeFiles/CMakeTmp'
Building C object CMakeFiles/cmTC_ddc27.dir/CheckIncludeFile.c.o
/usr/bin/gcc-7    -o CMakeFiles/cmTC_ddc27.dir/CheckIncludeFile.c.o   -c /workspace/build-catamaran-3.4.0/CMakeFiles/CMakeTmp/CheckIncludeFile.c
Linking C executable cmTC_ddc27
/usr/bin/cmake -E cmake_link_script CMakeFiles/cmTC_ddc27.dir/link.txt --verbose=1
/usr/bin/gcc-7      -rdynamic CMakeFiles/cmTC_ddc27.dir/CheckIncludeFile.c.o  -o cmTC_ddc27 
make[1]: Leaving directory '/workspace/build-catamaran-3.4.0/CMakeFiles/CMakeTmp'



Determining if the include file zlib.h exists passed with the following output:
Change Dir: /workspace/build-catamaran-3.4.0/CMakeFiles/CMakeTmp

Run Build Command(s):/usr/bin/make cmTC_91770/fast && /usr/bin/make -f CMakeFiles/cmTC_91770.dir/build.make CMakeFiles/cmTC_91770.dir/build
make[1]: Entering directory '/workspace/build-catamaran-3.4.0/CMakeFiles/CMakeTmp'
Building C object CMakeFiles/cmTC_91770.dir/CheckIncludeFile.c.o
/usr/bin/gcc-7    -o CMakeFiles/cmTC_91770.dir/CheckIncludeFile.c.o   -c /workspace/build-catamaran-3.4.0/CMakeFiles/CMakeTmp/CheckIncludeFile.c
Linking C executable cmTC_91770
/usr/bin/cmake -E cmake_link_script CMakeFiles/cmTC_91770.dir/link.txt --verbose=1
/usr/bin/gcc-7      -rdynamic CMakeFiles/cmTC_91770.dir/CheckIncludeFile.c.o  -o cmTC_91770 
make[1]: Leaving directory '/workspace/build-catamaran-3.4.0/CMakeFiles/CMakeTmp'



Determining if the include file fenv.h exists passed with the following output:
Change Dir: /workspace/build-catamaran-3.4.0/CMakeFiles/CMakeTmp

Run Build Command(s):/usr/bin/make cmTC_7a67b/fast && /usr/bin/make -f CMakeFiles/cmTC_7a67b.dir/build.make CMakeFiles/cmTC_7a67b.dir/build
make[1]: Entering directory '/workspace/build-catamaran-3.4.0/CMakeFiles/CMakeTmp'
Building C object CMakeFiles/cmTC_7a67b.dir/CheckIncludeFile.c.o
/usr/bin/gcc-7    -o CMakeFiles/cmTC_7a67b.dir/CheckIncludeFile.c.o   -c /workspace/build-catamaran-3.4.0/CMakeFiles/CMakeTmp/CheckIncludeFile.c
Linking C executable cmTC_7a67b
/usr/bin/cmake -E cmake_link_script CMakeFiles/cmTC_7a67b.dir/link.txt --verbose=1
/usr/bin/gcc-7      -rdynamic CMakeFiles/cmTC_7a67b.dir/CheckIncludeFile.c.o  -o cmTC_7a67b 
make[1]: Leaving directory '/workspace/build-catamaran-3.4.0/CMakeFiles/CMakeTmp'



Determining if the FE_ALL_EXCEPT exist passed with the following output:
Change Dir: /workspace/build-catamaran-3.4.0/CMakeFiles/CMakeTmp

Run Build Command(s):/usr/bin/make cmTC_da0e4/fast && /usr/bin/make -f CMakeFiles/cmTC_da0e4.dir/build.make CMakeFiles/cmTC_da0e4.dir/build
make[1]: Entering directory '/workspace/build-catamaran-3.4.0/CMakeFiles/CMakeTmp'
Building C object CMakeFiles/cmTC_da0e4.dir/CheckSymbolExists.c.o
/usr/bin/gcc-7    -o CMakeFiles/cmTC_da0e4.dir/CheckSymbolExists.c.o   -c /workspace/build-catamaran-3.4.0/CMakeFiles/CMakeTmp/CheckSymbolExists.c
Linking C executable cmTC_da0e4
/usr/bin/cmake -E cmake_link_script CMakeFiles/cmTC_da0e4.dir/link.txt --verbose=1
/usr/bin/gcc-7      -rdynamic CMakeFiles/cmTC_da0e4.dir/CheckSymbolExists.c.o  -o cmTC_da0e4  -lm 
make[1]: Leaving directory '/workspace/build-catamaran-3.4.0/CMakeFiles/CMakeTmp'


File /workspace/build-catamaran-3.4.0/CMakeFiles/CMakeTmp/CheckSymbolExists.c:
/* */
#include <fenv.h>

int main(int argc, char** argv)
{
  (void)argv;
#ifndef FE_ALL_EXCEPT
  return ((int*)(&FE_ALL_EXCEPT))[argc];
#else
  (void)argc;
  return 0;
#endif
}
Determining if the FE_INEXACT exist passed with the following output:
Change Dir: /workspace/build-catamaran-3.4.0/CMakeFiles/CMakeTmp

Run Build Command(s):/usr/bin/make cmTC_b67bd/fast && /usr/bin/make -f CMakeFiles/cmTC_b67bd.dir/build.make CMakeFiles/cmTC_b67bd.dir/build
make[1]: Entering directory '/workspace/build-catamaran-3.4.0/CMakeFiles/CMakeTmp'
Building C object CMakeFiles/cmTC_b67bd.dir/CheckSymbolExists.c.o
/usr/bin/gcc-7    -o CMakeFiles/cmTC_b67bd.dir/CheckSymbolExists.c.o   -c /workspace/build-catamaran-3.4.0/CMakeFiles/CMakeTmp/CheckSymbolExists.c
Linking C executable cmTC_b67bd
/usr/bin/cmake -E cmake_link_script CMakeFiles/cmTC_b67bd.dir/link.txt --verbose=1
/usr/bin/gcc-7      -rdynamic CMakeFiles/cmTC_b67bd.dir/CheckSymbolExists.c.o  -o cmTC_b67bd  -lm 
make[1]: Leaving directory '/workspace/build-catamaran-3.4.0/CMakeFiles/CMakeTmp'


File /workspace/build-catamaran-3.4.0/CMakeFiles/CMakeTmp/CheckSymbolExists.c:
/* */
#include <fenv.h>

int main(int argc, char** argv)
{
  (void)argv;
#ifndef FE_INEXACT
  return ((int*)(&FE_INEXACT))[argc];
#else
  (void)argc;
  return 0;
#endif
}
Determining if the function pthread_create exists in the pthread passed with the following output:
Change Dir: /workspace/build-catamaran-3.4.0/CMakeFiles/CMakeTmp

Run Build Command(s):/usr/bin/make cmTC_b0eea/fast && /usr/bin/make -f CMakeFiles/cmTC_b0eea.dir/build.make CMakeFiles/cmTC_b0eea.dir/build
make[1]: Entering directory '/workspace/build-catamaran-3.4.0/CMakeFiles/CMakeTmp'
Building C object CMakeFiles/cmTC_b0eea.dir/CheckFunctionExists.c.o
/usr/bin/gcc-7   -DCHECK_FUNCTION_EXISTS=pthread_create   -o CMakeFiles/cmTC_b0eea.dir/CheckFunctionExists.c.o   -c /usr/share/cmake-3.16/Modules/CheckFunctionExists.c
Linking C executable cmTC_b0eea
/usr/bin/cmake -E cmake_link_script CMakeFiles/cmTC_b0eea.dir/link.txt --verbose=1
/usr/bin/gcc-7  -DCHECK_FUNCTION_EXISTS=pthread_create    -rdynamic CMakeFiles/cmTC_b0eea.dir/CheckFunctionExists.c.o  -o cmTC_b0eea  -lpthread -lm 
make[1]: Leaving directory '/workspace/build-catamaran-3.4.0/CMakeFiles/CMakeTmp'



Determining if the function pthread_getspecific exists in the pthread passed with the following output:
Change Dir: /workspace/build-catamaran-3.4.0/CMakeFiles/CMakeTmp

Run Build Command(s):/usr/bin/make cmTC_97a41/fast && /usr/bin/make -f CMakeFiles/cmTC_97a41.dir/build.make CMakeFiles/cmTC_97a41.dir/build
make[1]: Entering directory '/workspace/build-catamaran-3.4.0/CMakeFiles/CMakeTmp'
Building C object CMakeFiles/cmTC_97a41.dir/CheckFunctionExists.c.o
/usr/bin/gcc-7   -DCHECK_FUNCTION_EXISTS=pthread_getspecific   -o CMakeFiles/cmTC_97a41.dir/CheckFunctionExists.c.o   -c /usr/share/cmake-3.16/Modules/CheckFunctionExists.c
Linking C executable cmTC_97a41
/usr/bin/cmake -E cmake_link_script CMakeFiles/cmTC_97a41.dir/link.txt --verbose=1
/usr/bin/gcc-7  -DCHECK_FUNCTION_EXISTS=pthread_getspecific    -rdynamic CMakeFiles/cmTC_97a41.dir/CheckFunctionExists.c.o  -o cmTC_97a41  -lpthread -lm 
make[1]: Leaving directory '/workspace/build-catamaran-3.4.0/CMakeFiles/CMakeTmp'



Determining if the function pthread_rwlock_init exists in the pthread passed with the following output:
Change Dir: /workspace/build-catamaran-3.4.0/CMakeFiles/CMakeTmp

Run Build Command(s):/usr/bin/make cmTC_b773b/fast && /usr/bin/make -f CMakeFiles/cmTC_b773b.dir/build.make CMakeFiles/cmTC_b773b.dir/build
make[1]: Entering directory '/workspace/build-catamaran-3.4.0/CMakeFiles/CMakeTmp'
Building C object CMakeFiles/cmTC_b773b.dir/CheckFunctionExists.c.o
/usr/bin/gcc-7   -DCHECK_FUNCTION_EXISTS=pthread_rwlock_init   -o CMakeFiles/cmTC_b773b.dir/CheckFunctionExists.c.o   -c /usr/share/cmake-3.16/Modules/CheckFunctionExists.c
Linking C executable cmTC_b773b
/usr/bin/cmake -E cmake_link_script CMakeFiles/cmTC_b773b.dir/link.txt --verbose=1
/usr/bin/gcc-7  -DCHECK_FUNCTION_EXISTS=pthread_rwlock_init    -rdynamic CMakeFiles/cmTC_b773b.dir/CheckFunctionExists.c.o  -o cmTC_b773b  -lpthread -lm 
make[1]: Leaving directory '/workspace/build-catamaran-3.4.0/CMakeFiles/CMakeTmp'



Determining if the function pthread_mutex_lock exists in the pthread passed with the following output:
Change Dir: /workspace/build-catamaran-3.4.0/CMakeFiles/CMakeTmp

Run Build Command(s):/usr/bin/make cmTC_c7c6f/fast && /usr/bin/make -f CMakeFiles/cmTC_c7c6f.dir/build.make CMakeFiles/cmTC_c7c6f.dir/build
make[1]: Entering directory '/workspace/build-catamaran-3.4.0/CMakeFiles/CMakeTmp'
Building C object CMakeFiles/cmTC_c7c6f.dir/CheckFunctionExists.c.o
/usr/bin/gcc-7   -DCHECK_FUNCTION_EXISTS=pthread_mutex_lock   -o CMakeFiles/cmTC_c7c6f.dir/CheckFunctionExists.c.o   -c /usr/share/cmake-3.16/Modules/CheckFunctionExists.c
Linking C executable cmTC_c7c6f
/usr/bin/cmake -E cmake_link_script CMakeFiles/cmTC_c7c6f.dir/link.txt --verbose=1
/usr/bin/gcc-7  -DCHECK_FUNCTION_EXISTS=pthread_mutex_lock    -rdynamic CMakeFiles/cmTC_c7c6f.dir/CheckFunctionExists.c.o  -o cmTC_c7c6f  -lpthread -lm 
make[1]: Leaving directory '/workspace/build-catamaran-3.4.0/CMakeFiles/CMakeTmp'



Determining if the function dlopen exists in the dl passed with the following output:
Change Dir: /workspace/build-catamaran-3.4.0/CMakeFiles/CMakeTmp

Run Build Command(s):/usr/bin/make cmTC_ea43b/fast && /usr/bin/make -f CMakeFiles/cmTC_ea43b.dir/build.make CMakeFiles/cmTC_ea43b.dir/build
make[1]: Entering directory '/workspace/build-catamaran-3.4.0/CMakeFiles/CMakeTmp'
Building C object CMakeFiles/cmTC_ea43b.dir/CheckFunctionExists.c.o
/usr/bin/gcc-7   -DCHECK_FUNCTION_EXISTS=dlopen   -o CMakeFiles/cmTC_ea43b.dir/CheckFunctionExists.c.o   -c /usr/share/cmake-3.16/Modules/CheckFunctionExists.c
Linking C executable cmTC_ea43b
/usr/bin/cmake -E cmake_link_script CMakeFiles/cmTC_ea43b.dir/link.txt --verbose=1
/usr/bin/gcc-7  -DCHECK_FUNCTION_EXISTS=dlopen    -rdynamic CMakeFiles/cmTC_ea43b.dir/CheckFunctionExists.c.o  -o cmTC_ea43b  -ldl -lm 
make[1]: Leaving directory '/workspace/build-catamaran-3.4.0/CMakeFiles/CMakeTmp'



Determining if the function clock_gettime exists in the rt passed with the following output:
Change Dir: /workspace/build-catamaran-3.4.0/CMakeFiles/CMakeTmp

Run Build Command(s):/usr/bin/make cmTC_5e460/fast && /usr/bin/make -f CMakeFiles/cmTC_5e460.dir/build.make CMakeFiles/cmTC_5e460.dir/build
make[1]: Entering directory '/workspace/build-catamaran-3.4.0/CMakeFiles/CMakeTmp'
Building C object CMakeFiles/cmTC_5e460.dir/CheckFunctionExists.c.o
/usr/bin/gcc-7   -DCHECK_FUNCTION_EXISTS=clock_gettime   -o CMakeFiles/cmTC_5e460.dir/CheckFunctionExists.c.o   -c /usr/share/cmake-3.16/Modules/CheckFunctionExists.c
Linking C executable cmTC_5e460
/usr/bin/cmake -E cmake_link_script CMakeFiles/cmTC_5e460.dir/link.txt --verbose=1
/usr/bin/gcc-7  -DCHECK_FUNCTION_EXISTS=clock_gettime    -rdynamic CMakeFiles/cmTC_5e460.dir/CheckFunctionExists.c.o  -o cmTC_5e460  -lrt -lm 
make[1]: Leaving directory '/workspace/build-catamaran-3.4.0/CMakeFiles/CMakeTmp'



Determining if the function compress2 exists in the z passed with the following output:
Change Dir: /workspace/build-catamaran-3.4.0/CMakeFiles/CMakeTmp

Run Build Command(s):/usr/bin/make cmTC_b1bf9/fast && /usr/bin/make -f CMakeFiles/cmTC_b1bf9.dir/build.make CMakeFiles/cmTC_b1bf9.dir/build
make[1]: Entering directory '/workspace/build-catamaran-3.4.0/CMakeFiles/CMakeTmp'
Building C object CMakeFiles/cmTC_b1bf9.dir/CheckFunctionExists.c.o
/usr/bin/gcc-7   -DCHECK_FUNCTION_EXISTS=compress2   -o CMakeFiles/cmTC_b1bf9.dir/CheckFunctionExists.c.o   -c /usr/share/cmake-3.16/Modules/CheckFunctionExists.c
Linking C executable cmTC_b1bf9
/usr/bin/cmake -E cmake_link_script CMakeFiles/cmTC_b1bf9.dir/link.txt --verbose=1
/usr/bin/gcc-7  -DCHECK_FUNCTION_EXISTS=compress2    -rdynamic CMakeFiles/cmTC_b1bf9.dir/CheckFunctionExists.c.o  -o cmTC_b1bf9  -lz -lm 
make[1]: Leaving directory '/workspace/build-catamaran-3.4.0/CMakeFiles/CMakeTmp'



Determining if the function setupterm exists in the tinfo passed with the following output:
Change Dir: /workspace/build-catamaran-3.4.0/CMakeFiles/CMakeTmp

Run Build Command(s):/usr/bin/make cmTC_7c4aa/fast && /usr/bin/make -f CMakeFiles/cmTC_7c4aa.dir/build.make CMakeFiles/cmTC_7c4aa.dir/build
make[1]: Entering directory '/workspace/build-catamaran-3.4.0/CMakeFiles/CMakeTmp'
Building C object CMakeFiles/cmTC_7c4aa.dir/CheckFunctionExists.c.o
/usr/bin/gcc-7   -DCHECK_FUNCTION_EXISTS=setupterm   -o CMakeFiles/cmTC_7c4aa.dir/CheckFunctionExists.c.o   -c /usr/share/cmake-3.16/Modules/CheckFunctionExists.c
Linking C executable cmTC_7c4aa
/usr/bin/cmake -E cmake_link_script CMakeFiles/cmTC_7c4aa.dir/link.txt --verbose=1
/usr/bin/gcc-7  -DCHECK_FUNCTION_EXISTS=setupterm    -rdynamic CMakeFiles/cmTC_7c4aa.dir/CheckFunctionExists.c.o  -o cmTC_7c4aa  -ltinfo -lm 
make[1]: Leaving directory '/workspace/build-catamaran-3.4.0/CMakeFiles/CMakeTmp'



Determining if the backtrace exist passed with the following output:
Change Dir: /workspace/build-catamaran-3.4.0/CMakeFiles/CMakeTmp

Run Build Command(s):/usr/bin/make cmTC_80239/fast && /usr/bin/make -f CMakeFiles/cmTC_80239.dir/build.make CMakeFiles/cmTC_80239.dir/build
make[1]: Entering directory '/workspace/build-catamaran-3.4.0/CMakeFiles/CMakeTmp'
Building C object CMakeFiles/cmTC_80239.dir/CheckSymbolExists.c.o
/usr/bin/gcc-7    -o CMakeFiles/cmTC_80239.dir/CheckSymbolExists.c.o   -c /workspace/build-catamaran-3.4.0/CMakeFiles/CMakeTmp/CheckSymbolExists.c
Linking C executable cmTC_80239
/usr/bin/cmake -E cmake_link_script CMakeFiles/cmTC_80239.dir/link.txt --verbose=1
/usr/bin/gcc-7      -rdynamic CMakeFiles/cmTC_80239.dir/CheckSymbolExists.c.o  -o cmTC_80239  -lm 
make[1]: Leaving directory '/workspace/build-catamaran-3.4.0/CMakeFiles/CMakeTmp'


File /workspace/build-catamaran-3.4.0/CMakeFiles/CMakeTmp/CheckSymbolExists.c:
/* */
#include <execinfo.h>

int main(int argc, char** argv)
{
  (void)argv;
#ifndef backtrace
  return ((int*)(&backtrace))[argc];
#else
  (void)argc;
  return 0;
#endif
}
Determining if the getpagesize exist passed with the following output:
Change Dir: /workspace/build-catamaran-3.4.0/CMakeFiles/CMakeTmp

Run Build Command(s):/usr/bin/make cmTC_6d0a4/fast && /usr/bin/make -f CMakeFiles/cmTC_6d0a4.dir/build.make CMakeFiles/cmTC_6d0a4.dir/build
make[1]: Entering directory '/workspace/build-catamaran-3.4.0/CMakeFiles/CMakeTmp'
Building C object CMakeFiles/cmTC_6d0a4.dir/CheckSymbolExists.c.o
/usr/bin/gcc-7    -o CMakeFiles/cmTC_6d0a4.dir/CheckSymbolExists.c.o   -c /workspace/build-catamaran-3.4.0/CMakeFiles/CMakeTmp/CheckSymbolExists.c
Linking C executable cmTC_6d0a4
/usr/bin/cmake -E cmake_link_script CMakeFiles/cmTC_6d0a4.dir/link.txt --verbose=1
/usr/bin/gcc-7      -rdynamic CMakeFiles/cmTC_6d0a4.dir/CheckSymbolExists.c.o  -o cmTC_6d0a4  -lm 
make[1]: Leaving directory '/workspace/build-catamaran-3.4.0/CMakeFiles/CMakeTmp'


File /workspace/build-catamaran-3.4.0/CMakeFiles/CMakeTmp/CheckSymbolExists.c:
/* */
#include <unistd.h>

int main(int argc, char** argv)
{
  (void)argv;
#ifndef getpagesize
  return ((int*)(&getpagesize))[argc];
#else
  (void)argc;
  return 0;
#endif
}
Determining if the getrusage exist passed with the following output:
Change Dir: /workspace/build-catamaran-3.4.0/CMakeFiles/CMakeTmp

Run Build Command(s):/usr/bin/make cmTC_d8590/fast && /usr/bin/make -f CMakeFiles/cmTC_d8590.dir/build.make CMakeFiles/cmTC_d8590.dir/build
make[1]: Entering directory '/workspace/build-catamaran-3.4.0/CMakeFiles/CMakeTmp'
Building C object CMakeFiles/cmTC_d8590.dir/CheckSymbolExists.c.o
/usr/bin/gcc-7    -o CMakeFiles/cmTC_d8590.dir/CheckSymbolExists.c.o   -c /workspace/build-catamaran-3.4.0/CMakeFiles/CMakeTmp/CheckSymbolExists.c
Linking C executable cmTC_d8590
/usr/bin/cmake -E cmake_link_script CMakeFiles/cmTC_d8590.dir/link.txt --verbose=1
/usr/bin/gcc-7      -rdynamic CMakeFiles/cmTC_d8590.dir/CheckSymbolExists.c.o  -o cmTC_d8590  -lm 
make[1]: Leaving directory '/workspace/build-catamaran-3.4.0/CMakeFiles/CMakeTmp'


File /workspace/build-catamaran-3.4.0/CMakeFiles/CMakeTmp/CheckSymbolExists.c:
/* */
#include <sys/resource.h>

int main(int argc, char** argv)
{
  (void)argv;
#ifndef getrusage
  return ((int*)(&getrusage))[argc];
#else
  (void)argc;
  return 0;
#endif
}
Determining if the setrlimit exist passed with the following output:
Change Dir: /workspace/build-catamaran-3.4.0/CMakeFiles/CMakeTmp

Run Build Command(s):/usr/bin/make cmTC_d6c96/fast && /usr/bin/make -f CMakeFiles/cmTC_d6c96.dir/build.make CMakeFiles/cmTC_d6c96.dir/build
make[1]: Entering directory '/workspace/build-catamaran-3.4.0/CMakeFiles/CMakeTmp'
Building C object CMakeFiles/cmTC_d6c96.dir/CheckSymbolExists.c.o
/usr/bin/gcc-7    -o CMakeFiles/cmTC_d6c96.dir/CheckSymbolExists.c.o   -c /workspace/build-catamaran-3.4.0/CMakeFiles/CMakeTmp/CheckSymbolExists.c
Linking C executable cmTC_d6c96
/usr/bin/cmake -E cmake_link_script CMakeFiles/cmTC_d6c96.dir/link.txt --verbose=1
/usr/bin/gcc-7      -rdynamic CMakeFiles/cmTC_d6c96.dir/CheckSymbolExists.c.o  -o cmTC_d6c96  -lm 
make[1]: Leaving directory '/workspace/build-catamaran-3.4.0/CMakeFiles/CMakeTmp'


File /workspace/build-catamaran-3.4.0/CMakeFiles/CMakeTmp/CheckSymbolExists.c:
/* */
#include <sys/resource.h>

int main(int argc, char** argv)
{
  (void)argv;
#ifndef setrlimit
  return ((int*)(&setrlimit))[argc];
#else
  (void)argc;
  return 0;
#endif
}
Determining if the isatty exist passed with the following output:
Change Dir: /workspace/build-catamaran-3.4.0/CMakeFiles/CMakeTmp

Run Build Command(s):/usr/bin/make cmTC_565cf/fast && /usr/bin/make -f CMakeFiles/cmTC_565cf.dir/build.make CMakeFiles/cmTC_565cf.dir/build
make[1]: Entering directory '/workspace/build-catamaran-3.4.0/CMakeFiles/CMakeTmp'
Building C object CMakeFiles/cmTC_565cf.dir/CheckSymbolExists.c.o
/usr/bin/gcc-7    -o CMakeFiles/cmTC_565cf.dir/CheckSymbolExists.c.o   -c /workspace/build-catamaran-3.4.0/CMakeFiles/CMakeTmp/CheckSymbolExists.c
Linking C executable cmTC_565cf
/usr/bin/cmake -E cmake_link_script CMakeFiles/cmTC_565cf.dir/link.txt --verbose=1
/usr/bin/gcc-7      -rdynamic CMakeFiles/cmTC_565cf.dir/CheckSymbolExists.c.o  -o cmTC_565cf  -lm 
make[1]: Leaving directory '/workspace/build-catamaran-3.4.0/CMakeFiles/CMakeTmp'


File /workspace/build-catamaran-3.4.0/CMakeFiles/CMakeTmp/CheckSymbolExists.c:
/* */
#include <unistd.h>

int main(int argc, char** argv)
{
  (void)argv;
#ifndef isatty
  return ((int*)(&isatty))[argc];
#else
  (void)argc;
  return 0;
#endif
}
Determining if the isinf exist passed with the following output:
Change Dir: /workspace/build-catamaran-3.4.0/CMakeFiles/CMakeTmp

Run Build Command(s):/usr/bin/make cmTC_d7e6a/fast && /usr/bin/make -f CMakeFiles/cmTC_d7e6a.dir/build.make CMakeFiles/cmTC_d7e6a.dir/build
make[1]: Entering directory '/workspace/build-catamaran-3.4.0/CMakeFiles/CMakeTmp'
Building C object CMakeFiles/cmTC_d7e6a.dir/CheckSymbolExists.c.o
/usr/bin/gcc-7    -o CMakeFiles/cmTC_d7e6a.dir/CheckSymbolExists.c.o   -c /workspace/build-catamaran-3.4.0/CMakeFiles/CMakeTmp/CheckSymbolExists.c
Linking C executable cmTC_d7e6a
/usr/bin/cmake -E cmake_link_script CMakeFiles/cmTC_d7e6a.dir/link.txt --verbose=1
/usr/bin/gcc-7      -rdynamic CMakeFiles/cmTC_d7e6a.dir/CheckSymbolExists.c.o  -o cmTC_d7e6a  -lm 
make[1]: Leaving directory '/workspace/build-catamaran-3.4.0/CMakeFiles/CMakeTmp'


File /workspace/build-catamaran-3.4.0/CMakeFiles/CMakeTmp/CheckSymbolExists.c:
/* */
#include <math.h>

int main(int argc, char** argv)
{
  (void)argv;
#ifndef isinf
  return ((int*)(&isinf))[argc];
#else
  (void)argc;
  return 0;
#endif
}
Determining if the isnan exist passed with the following output:
Change Dir: /workspace/build-catamaran-3.4.0/CMakeFiles/CMakeTmp

Run Build Command(s):/usr/bin/make cmTC_2cb12/fast && /usr/bin/make -f CMakeFiles/cmTC_2cb12.dir/build.make CMakeFiles/cmTC_2cb12.dir/build
make[1]: Entering directory '/workspace/build-catamaran-3.4.0/CMakeFiles/CMakeTmp'
Building C object CMakeFiles/cmTC_2cb12.dir/CheckSymbolExists.c.o
/usr/bin/gcc-7    -o CMakeFiles/cmTC_2cb12.dir/CheckSymbolExists.c.o   -c /workspace/build-catamaran-3.4.0/CMakeFiles/CMakeTmp/CheckSymbolExists.c
Linking C executable cmTC_2cb12
/usr/bin/cmake -E cmake_link_script CMakeFiles/cmTC_2cb12.dir/link.txt --verbose=1
/usr/bin/gcc-7      -rdynamic CMakeFiles/cmTC_2cb12.dir/CheckSymbolExists.c.o  -o cmTC_2cb12  -lm 
make[1]: Leaving directory '/workspace/build-catamaran-3.4.0/CMakeFiles/CMakeTmp'


File /workspace/build-catamaran-3.4.0/CMakeFiles/CMakeTmp/CheckSymbolExists.c:
/* */
#include <math.h>

int main(int argc, char** argv)
{
  (void)argv;
#ifndef isnan
  return ((int*)(&isnan))[argc];
#else
  (void)argc;
  return 0;
#endif
}
Determining if the ceilf exist passed with the following output:
Change Dir: /workspace/build-catamaran-3.4.0/CMakeFiles/CMakeTmp

Run Build Command(s):/usr/bin/make cmTC_26b31/fast && /usr/bin/make -f CMakeFiles/cmTC_26b31.dir/build.make CMakeFiles/cmTC_26b31.dir/build
make[1]: Entering directory '/workspace/build-catamaran-3.4.0/CMakeFiles/CMakeTmp'
Building C object CMakeFiles/cmTC_26b31.dir/CheckSymbolExists.c.o
/usr/bin/gcc-7    -o CMakeFiles/cmTC_26b31.dir/CheckSymbolExists.c.o   -c /workspace/build-catamaran-3.4.0/CMakeFiles/CMakeTmp/CheckSymbolExists.c
Linking C executable cmTC_26b31
/usr/bin/cmake -E cmake_link_script CMakeFiles/cmTC_26b31.dir/link.txt --verbose=1
/usr/bin/gcc-7      -rdynamic CMakeFiles/cmTC_26b31.dir/CheckSymbolExists.c.o  -o cmTC_26b31  -lm 
make[1]: Leaving directory '/workspace/build-catamaran-3.4.0/CMakeFiles/CMakeTmp'


File /workspace/build-catamaran-3.4.0/CMakeFiles/CMakeTmp/CheckSymbolExists.c:
/* */
#include <math.h>

int main(int argc, char** argv)
{
  (void)argv;
#ifndef ceilf
  return ((int*)(&ceilf))[argc];
#else
  (void)argc;
  return 0;
#endif
}
Determining if the floorf exist passed with the following output:
Change Dir: /workspace/build-catamaran-3.4.0/CMakeFiles/CMakeTmp

Run Build Command(s):/usr/bin/make cmTC_1c8c0/fast && /usr/bin/make -f CMakeFiles/cmTC_1c8c0.dir/build.make CMakeFiles/cmTC_1c8c0.dir/build
make[1]: Entering directory '/workspace/build-catamaran-3.4.0/CMakeFiles/CMakeTmp'
Building C object CMakeFiles/cmTC_1c8c0.dir/CheckSymbolExists.c.o
/usr/bin/gcc-7    -o CMakeFiles/cmTC_1c8c0.dir/CheckSymbolExists.c.o   -c /workspace/build-catamaran-3.4.0/CMakeFiles/CMakeTmp/CheckSymbolExists.c
Linking C executable cmTC_1c8c0
/usr/bin/cmake -E cmake_link_script CMakeFiles/cmTC_1c8c0.dir/link.txt --verbose=1
/usr/bin/gcc-7      -rdynamic CMakeFiles/cmTC_1c8c0.dir/CheckSymbolExists.c.o  -o cmTC_1c8c0  -lm 
make[1]: Leaving directory '/workspace/build-catamaran-3.4.0/CMakeFiles/CMakeTmp'


File /workspace/build-catamaran-3.4.0/CMakeFiles/CMakeTmp/CheckSymbolExists.c:
/* */
#include <math.h>

int main(int argc, char** argv)
{
  (void)argv;
#ifndef floorf
  return ((int*)(&floorf))[argc];
#else
  (void)argc;
  return 0;
#endif
}
Determining if the fmodf exist passed with the following output:
Change Dir: /workspace/build-catamaran-3.4.0/CMakeFiles/CMakeTmp

Run Build Command(s):/usr/bin/make cmTC_7f00a/fast && /usr/bin/make -f CMakeFiles/cmTC_7f00a.dir/build.make CMakeFiles/cmTC_7f00a.dir/build
make[1]: Entering directory '/workspace/build-catamaran-3.4.0/CMakeFiles/CMakeTmp'
Building C object CMakeFiles/cmTC_7f00a.dir/CheckSymbolExists.c.o
/usr/bin/gcc-7    -o CMakeFiles/cmTC_7f00a.dir/CheckSymbolExists.c.o   -c /workspace/build-catamaran-3.4.0/CMakeFiles/CMakeTmp/CheckSymbolExists.c
Linking C executable cmTC_7f00a
/usr/bin/cmake -E cmake_link_script CMakeFiles/cmTC_7f00a.dir/link.txt --verbose=1
/usr/bin/gcc-7      -rdynamic CMakeFiles/cmTC_7f00a.dir/CheckSymbolExists.c.o  -o cmTC_7f00a  -lm 
make[1]: Leaving directory '/workspace/build-catamaran-3.4.0/CMakeFiles/CMakeTmp'


File /workspace/build-catamaran-3.4.0/CMakeFiles/CMakeTmp/CheckSymbolExists.c:
/* */
#include <math.h>

int main(int argc, char** argv)
{
  (void)argv;
#ifndef fmodf
  return ((int*)(&fmodf))[argc];
#else
  (void)argc;
  return 0;
#endif
}
Determining if the log exist passed with the following output:
Change Dir: /workspace/build-catamaran-3.4.0/CMakeFiles/CMakeTmp

Run Build Command(s):/usr/bin/make cmTC_8e6fe/fast && /usr/bin/make -f CMakeFiles/cmTC_8e6fe.dir/build.make CMakeFiles/cmTC_8e6fe.dir/build
make[1]: Entering directory '/workspace/build-catamaran-3.4.0/CMakeFiles/CMakeTmp'
Building C object CMakeFiles/cmTC_8e6fe.dir/CheckSymbolExists.c.o
/usr/bin/gcc-7    -o CMakeFiles/cmTC_8e6fe.dir/CheckSymbolExists.c.o   -c /workspace/build-catamaran-3.4.0/CMakeFiles/CMakeTmp/CheckSymbolExists.c
Linking C executable cmTC_8e6fe
/usr/bin/cmake -E cmake_link_script CMakeFiles/cmTC_8e6fe.dir/link.txt --verbose=1
/usr/bin/gcc-7      -rdynamic CMakeFiles/cmTC_8e6fe.dir/CheckSymbolExists.c.o  -o cmTC_8e6fe  -lm 
make[1]: Leaving directory '/workspace/build-catamaran-3.4.0/CMakeFiles/CMakeTmp'


File /workspace/build-catamaran-3.4.0/CMakeFiles/CMakeTmp/CheckSymbolExists.c:
/* */
#include <math.h>

int main(int argc, char** argv)
{
  (void)argv;
#ifndef log
  return ((int*)(&log))[argc];
#else
  (void)argc;
  return 0;
#endif
}
Determining if the log2 exist passed with the following output:
Change Dir: /workspace/build-catamaran-3.4.0/CMakeFiles/CMakeTmp

Run Build Command(s):/usr/bin/make cmTC_55cb2/fast && /usr/bin/make -f CMakeFiles/cmTC_55cb2.dir/build.make CMakeFiles/cmTC_55cb2.dir/build
make[1]: Entering directory '/workspace/build-catamaran-3.4.0/CMakeFiles/CMakeTmp'
Building C object CMakeFiles/cmTC_55cb2.dir/CheckSymbolExists.c.o
/usr/bin/gcc-7    -o CMakeFiles/cmTC_55cb2.dir/CheckSymbolExists.c.o   -c /workspace/build-catamaran-3.4.0/CMakeFiles/CMakeTmp/CheckSymbolExists.c
Linking C executable cmTC_55cb2
/usr/bin/cmake -E cmake_link_script CMakeFiles/cmTC_55cb2.dir/link.txt --verbose=1
/usr/bin/gcc-7      -rdynamic CMakeFiles/cmTC_55cb2.dir/CheckSymbolExists.c.o  -o cmTC_55cb2  -lm 
make[1]: Leaving directory '/workspace/build-catamaran-3.4.0/CMakeFiles/CMakeTmp'


File /workspace/build-catamaran-3.4.0/CMakeFiles/CMakeTmp/CheckSymbolExists.c:
/* */
#include <math.h>

int main(int argc, char** argv)
{
  (void)argv;
#ifndef log2
  return ((int*)(&log2))[argc];
#else
  (void)argc;
  return 0;
#endif
}
Determining if the log10 exist passed with the following output:
Change Dir: /workspace/build-catamaran-3.4.0/CMakeFiles/CMakeTmp

Run Build Command(s):/usr/bin/make cmTC_de4b0/fast && /usr/bin/make -f CMakeFiles/cmTC_de4b0.dir/build.make CMakeFiles/cmTC_de4b0.dir/build
make[1]: Entering directory '/workspace/build-catamaran-3.4.0/CMakeFiles/CMakeTmp'
Building C object CMakeFiles/cmTC_de4b0.dir/CheckSymbolExists.c.o
/usr/bin/gcc-7    -o CMakeFiles/cmTC_de4b0.dir/CheckSymbolExists.c.o   -c /workspace/build-catamaran-3.4.0/CMakeFiles/CMakeTmp/CheckSymbolExists.c
Linking C executable cmTC_de4b0
/usr/bin/cmake -E cmake_link_script CMakeFiles/cmTC_de4b0.dir/link.txt --verbose=1
/usr/bin/gcc-7      -rdynamic CMakeFiles/cmTC_de4b0.dir/CheckSymbolExists.c.o  -o cmTC_de4b0  -lm 
make[1]: Leaving directory '/workspace/build-catamaran-3.4.0/CMakeFiles/CMakeTmp'


File /workspace/build-catamaran-3.4.0/CMakeFiles/CMakeTmp/CheckSymbolExists.c:
/* */
#include <math.h>

int main(int argc, char** argv)
{
  (void)argv;
#ifndef log10
  return ((int*)(&log10))[argc];
#else
  (void)argc;
  return 0;
#endif
}
Determining if the exp exist passed with the following output:
Change Dir: /workspace/build-catamaran-3.4.0/CMakeFiles/CMakeTmp

Run Build Command(s):/usr/bin/make cmTC_17a4c/fast && /usr/bin/make -f CMakeFiles/cmTC_17a4c.dir/build.make CMakeFiles/cmTC_17a4c.dir/build
make[1]: Entering directory '/workspace/build-catamaran-3.4.0/CMakeFiles/CMakeTmp'
Building C object CMakeFiles/cmTC_17a4c.dir/CheckSymbolExists.c.o
/usr/bin/gcc-7    -o CMakeFiles/cmTC_17a4c.dir/CheckSymbolExists.c.o   -c /workspace/build-catamaran-3.4.0/CMakeFiles/CMakeTmp/CheckSymbolExists.c
Linking C executable cmTC_17a4c
/usr/bin/cmake -E cmake_link_script CMakeFiles/cmTC_17a4c.dir/link.txt --verbose=1
/usr/bin/gcc-7      -rdynamic CMakeFiles/cmTC_17a4c.dir/CheckSymbolExists.c.o  -o cmTC_17a4c  -lm 
make[1]: Leaving directory '/workspace/build-catamaran-3.4.0/CMakeFiles/CMakeTmp'


File /workspace/build-catamaran-3.4.0/CMakeFiles/CMakeTmp/CheckSymbolExists.c:
/* */
#include <math.h>

int main(int argc, char** argv)
{
  (void)argv;
#ifndef exp
  return ((int*)(&exp))[argc];
#else
  (void)argc;
  return 0;
#endif
}
Determining if the exp2 exist passed with the following output:
Change Dir: /workspace/build-catamaran-3.4.0/CMakeFiles/CMakeTmp

Run Build Command(s):/usr/bin/make cmTC_c6632/fast && /usr/bin/make -f CMakeFiles/cmTC_c6632.dir/build.make CMakeFiles/cmTC_c6632.dir/build
make[1]: Entering directory '/workspace/build-catamaran-3.4.0/CMakeFiles/CMakeTmp'
Building C object CMakeFiles/cmTC_c6632.dir/CheckSymbolExists.c.o
/usr/bin/gcc-7    -o CMakeFiles/cmTC_c6632.dir/CheckSymbolExists.c.o   -c /workspace/build-catamaran-3.4.0/CMakeFiles/CMakeTmp/CheckSymbolExists.c
Linking C executable cmTC_c6632
/usr/bin/cmake -E cmake_link_script CMakeFiles/cmTC_c6632.dir/link.txt --verbose=1
/usr/bin/gcc-7      -rdynamic CMakeFiles/cmTC_c6632.dir/CheckSymbolExists.c.o  -o cmTC_c6632  -lm 
make[1]: Leaving directory '/workspace/build-catamaran-3.4.0/CMakeFiles/CMakeTmp'


File /workspace/build-catamaran-3.4.0/CMakeFiles/CMakeTmp/CheckSymbolExists.c:
/* */
#include <math.h>

int main(int argc, char** argv)
{
  (void)argv;
#ifndef exp2
  return ((int*)(&exp2))[argc];
#else
  (void)argc;
  return 0;
#endif
}
Determining if the futimens exist passed with the following output:
Change Dir: /workspace/build-catamaran-3.4.0/CMakeFiles/CMakeTmp

Run Build Command(s):/usr/bin/make cmTC_be6b2/fast && /usr/bin/make -f CMakeFiles/cmTC_be6b2.dir/build.make CMakeFiles/cmTC_be6b2.dir/build
make[1]: Entering directory '/workspace/build-catamaran-3.4.0/CMakeFiles/CMakeTmp'
Building C object CMakeFiles/cmTC_be6b2.dir/CheckSymbolExists.c.o
/usr/bin/gcc-7    -o CMakeFiles/cmTC_be6b2.dir/CheckSymbolExists.c.o   -c /workspace/build-catamaran-3.4.0/CMakeFiles/CMakeTmp/CheckSymbolExists.c
Linking C executable cmTC_be6b2
/usr/bin/cmake -E cmake_link_script CMakeFiles/cmTC_be6b2.dir/link.txt --verbose=1
/usr/bin/gcc-7      -rdynamic CMakeFiles/cmTC_be6b2.dir/CheckSymbolExists.c.o  -o cmTC_be6b2  -lm 
make[1]: Leaving directory '/workspace/build-catamaran-3.4.0/CMakeFiles/CMakeTmp'


File /workspace/build-catamaran-3.4.0/CMakeFiles/CMakeTmp/CheckSymbolExists.c:
/* */
#include <sys/stat.h>

int main(int argc, char** argv)
{
  (void)argv;
#ifndef futimens
  return ((int*)(&futimens))[argc];
#else
  (void)argc;
  return 0;
#endif
}
Determining if the futimes exist passed with the following output:
Change Dir: /workspace/build-catamaran-3.4.0/CMakeFiles/CMakeTmp

Run Build Command(s):/usr/bin/make cmTC_8afc7/fast && /usr/bin/make -f CMakeFiles/cmTC_8afc7.dir/build.make CMakeFiles/cmTC_8afc7.dir/build
make[1]: Entering directory '/workspace/build-catamaran-3.4.0/CMakeFiles/CMakeTmp'
Building C object CMakeFiles/cmTC_8afc7.dir/CheckSymbolExists.c.o
/usr/bin/gcc-7    -o CMakeFiles/cmTC_8afc7.dir/CheckSymbolExists.c.o   -c /workspace/build-catamaran-3.4.0/CMakeFiles/CMakeTmp/CheckSymbolExists.c
Linking C executable cmTC_8afc7
/usr/bin/cmake -E cmake_link_script CMakeFiles/cmTC_8afc7.dir/link.txt --verbose=1
/usr/bin/gcc-7      -rdynamic CMakeFiles/cmTC_8afc7.dir/CheckSymbolExists.c.o  -o cmTC_8afc7  -lm 
make[1]: Leaving directory '/workspace/build-catamaran-3.4.0/CMakeFiles/CMakeTmp'


File /workspace/build-catamaran-3.4.0/CMakeFiles/CMakeTmp/CheckSymbolExists.c:
/* */
#include <sys/time.h>

int main(int argc, char** argv)
{
  (void)argv;
#ifndef futimes
  return ((int*)(&futimes))[argc];
#else
  (void)argc;
  return 0;
#endif
}
Determining if the writev exist passed with the following output:
Change Dir: /workspace/build-catamaran-3.4.0/CMakeFiles/CMakeTmp

Run Build Command(s):/usr/bin/make cmTC_01f7f/fast && /usr/bin/make -f CMakeFiles/cmTC_01f7f.dir/build.make CMakeFiles/cmTC_01f7f.dir/build
make[1]: Entering directory '/workspace/build-catamaran-3.4.0/CMakeFiles/CMakeTmp'
Building C object CMakeFiles/cmTC_01f7f.dir/CheckSymbolExists.c.o
/usr/bin/gcc-7    -o CMakeFiles/cmTC_01f7f.dir/CheckSymbolExists.c.o   -c /workspace/build-catamaran-3.4.0/CMakeFiles/CMakeTmp/CheckSymbolExists.c
Linking C executable cmTC_01f7f
/usr/bin/cmake -E cmake_link_script CMakeFiles/cmTC_01f7f.dir/link.txt --verbose=1
/usr/bin/gcc-7      -rdynamic CMakeFiles/cmTC_01f7f.dir/CheckSymbolExists.c.o  -o cmTC_01f7f  -lm 
make[1]: Leaving directory '/workspace/build-catamaran-3.4.0/CMakeFiles/CMakeTmp'


File /workspace/build-catamaran-3.4.0/CMakeFiles/CMakeTmp/CheckSymbolExists.c:
/* */
#include <sys/uio.h>

int main(int argc, char** argv)
{
  (void)argv;
#ifndef writev
  return ((int*)(&writev))[argc];
#else
  (void)argc;
  return 0;
#endif
}
Determining if the nearbyintf exist passed with the following output:
Change Dir: /workspace/build-catamaran-3.4.0/CMakeFiles/CMakeTmp

Run Build Command(s):/usr/bin/make cmTC_e739e/fast && /usr/bin/make -f CMakeFiles/cmTC_e739e.dir/build.make CMakeFiles/cmTC_e739e.dir/build
make[1]: Entering directory '/workspace/build-catamaran-3.4.0/CMakeFiles/CMakeTmp'
Building C object CMakeFiles/cmTC_e739e.dir/CheckSymbolExists.c.o
/usr/bin/gcc-7    -o CMakeFiles/cmTC_e739e.dir/CheckSymbolExists.c.o   -c /workspace/build-catamaran-3.4.0/CMakeFiles/CMakeTmp/CheckSymbolExists.c
Linking C executable cmTC_e739e
/usr/bin/cmake -E cmake_link_script CMakeFiles/cmTC_e739e.dir/link.txt --verbose=1
/usr/bin/gcc-7      -rdynamic CMakeFiles/cmTC_e739e.dir/CheckSymbolExists.c.o  -o cmTC_e739e  -lm 
make[1]: Leaving directory '/workspace/build-catamaran-3.4.0/CMakeFiles/CMakeTmp'


File /workspace/build-catamaran-3.4.0/CMakeFiles/CMakeTmp/CheckSymbolExists.c:
/* */
#include <math.h>

int main(int argc, char** argv)
{
  (void)argv;
#ifndef nearbyintf
  return ((int*)(&nearbyintf))[argc];
#else
  (void)argc;
  return 0;
#endif
}
Determining if the mallinfo exist passed with the following output:
Change Dir: /workspace/build-catamaran-3.4.0/CMakeFiles/CMakeTmp

Run Build Command(s):/usr/bin/make cmTC_b6c14/fast && /usr/bin/make -f CMakeFiles/cmTC_b6c14.dir/build.make CMakeFiles/cmTC_b6c14.dir/build
make[1]: Entering directory '/workspace/build-catamaran-3.4.0/CMakeFiles/CMakeTmp'
Building C object CMakeFiles/cmTC_b6c14.dir/CheckSymbolExists.c.o
/usr/bin/gcc-7    -o CMakeFiles/cmTC_b6c14.dir/CheckSymbolExists.c.o   -c /workspace/build-catamaran-3.4.0/CMakeFiles/CMakeTmp/CheckSymbolExists.c
Linking C executable cmTC_b6c14
/usr/bin/cmake -E cmake_link_script CMakeFiles/cmTC_b6c14.dir/link.txt --verbose=1
/usr/bin/gcc-7      -rdynamic CMakeFiles/cmTC_b6c14.dir/CheckSymbolExists.c.o  -o cmTC_b6c14  -lm 
make[1]: Leaving directory '/workspace/build-catamaran-3.4.0/CMakeFiles/CMakeTmp'


File /workspace/build-catamaran-3.4.0/CMakeFiles/CMakeTmp/CheckSymbolExists.c:
/* */
#include <malloc.h>

int main(int argc, char** argv)
{
  (void)argv;
#ifndef mallinfo
  return ((int*)(&mallinfo))[argc];
#else
  (void)argc;
  return 0;
#endif
}
Determining if the mkdtemp exist passed with the following output:
Change Dir: /workspace/build-catamaran-3.4.0/CMakeFiles/CMakeTmp

Run Build Command(s):/usr/bin/make cmTC_66b38/fast && /usr/bin/make -f CMakeFiles/cmTC_66b38.dir/build.make CMakeFiles/cmTC_66b38.dir/build
make[1]: Entering directory '/workspace/build-catamaran-3.4.0/CMakeFiles/CMakeTmp'
Building C object CMakeFiles/cmTC_66b38.dir/CheckSymbolExists.c.o
/usr/bin/gcc-7    -o CMakeFiles/cmTC_66b38.dir/CheckSymbolExists.c.o   -c /workspace/build-catamaran-3.4.0/CMakeFiles/CMakeTmp/CheckSymbolExists.c
Linking C executable cmTC_66b38
/usr/bin/cmake -E cmake_link_script CMakeFiles/cmTC_66b38.dir/link.txt --verbose=1
/usr/bin/gcc-7      -rdynamic CMakeFiles/cmTC_66b38.dir/CheckSymbolExists.c.o  -o cmTC_66b38  -lm 
make[1]: Leaving directory '/workspace/build-catamaran-3.4.0/CMakeFiles/CMakeTmp'


File /workspace/build-catamaran-3.4.0/CMakeFiles/CMakeTmp/CheckSymbolExists.c:
/* */
#include <stdlib.h>
#include <unistd.h>

int main(int argc, char** argv)
{
  (void)argv;
#ifndef mkdtemp
  return ((int*)(&mkdtemp))[argc];
#else
  (void)argc;
  return 0;
#endif
}
Determining if the mkstemp exist passed with the following output:
Change Dir: /workspace/build-catamaran-3.4.0/CMakeFiles/CMakeTmp

Run Build Command(s):/usr/bin/make cmTC_e3da7/fast && /usr/bin/make -f CMakeFiles/cmTC_e3da7.dir/build.make CMakeFiles/cmTC_e3da7.dir/build
make[1]: Entering directory '/workspace/build-catamaran-3.4.0/CMakeFiles/CMakeTmp'
Building C object CMakeFiles/cmTC_e3da7.dir/CheckSymbolExists.c.o
/usr/bin/gcc-7    -o CMakeFiles/cmTC_e3da7.dir/CheckSymbolExists.c.o   -c /workspace/build-catamaran-3.4.0/CMakeFiles/CMakeTmp/CheckSymbolExists.c
Linking C executable cmTC_e3da7
/usr/bin/cmake -E cmake_link_script CMakeFiles/cmTC_e3da7.dir/link.txt --verbose=1
/usr/bin/gcc-7      -rdynamic CMakeFiles/cmTC_e3da7.dir/CheckSymbolExists.c.o  -o cmTC_e3da7  -lm 
make[1]: Leaving directory '/workspace/build-catamaran-3.4.0/CMakeFiles/CMakeTmp'


File /workspace/build-catamaran-3.4.0/CMakeFiles/CMakeTmp/CheckSymbolExists.c:
/* */
#include <stdlib.h>
#include <unistd.h>

int main(int argc, char** argv)
{
  (void)argv;
#ifndef mkstemp
  return ((int*)(&mkstemp))[argc];
#else
  (void)argc;
  return 0;
#endif
}
Determining if the mktemp exist passed with the following output:
Change Dir: /workspace/build-catamaran-3.4.0/CMakeFiles/CMakeTmp

Run Build Command(s):/usr/bin/make cmTC_0433a/fast && /usr/bin/make -f CMakeFiles/cmTC_0433a.dir/build.make CMakeFiles/cmTC_0433a.dir/build
make[1]: Entering directory '/workspace/build-catamaran-3.4.0/CMakeFiles/CMakeTmp'
Building C object CMakeFiles/cmTC_0433a.dir/CheckSymbolExists.c.o
/usr/bin/gcc-7    -o CMakeFiles/cmTC_0433a.dir/CheckSymbolExists.c.o   -c /workspace/build-catamaran-3.4.0/CMakeFiles/CMakeTmp/CheckSymbolExists.c
Linking C executable cmTC_0433a
/usr/bin/cmake -E cmake_link_script CMakeFiles/cmTC_0433a.dir/link.txt --verbose=1
/usr/bin/gcc-7      -rdynamic CMakeFiles/cmTC_0433a.dir/CheckSymbolExists.c.o  -o cmTC_0433a  -lm 
/usr/bin/ld: CMakeFiles/cmTC_0433a.dir/CheckSymbolExists.c.o: in function `main':
CheckSymbolExists.c:(.text+0x1b): warning: the use of `mktemp' is dangerous, better use `mkstemp' or `mkdtemp'
make[1]: Leaving directory '/workspace/build-catamaran-3.4.0/CMakeFiles/CMakeTmp'


File /workspace/build-catamaran-3.4.0/CMakeFiles/CMakeTmp/CheckSymbolExists.c:
/* */
#include <stdlib.h>
#include <unistd.h>

int main(int argc, char** argv)
{
  (void)argv;
#ifndef mktemp
  return ((int*)(&mktemp))[argc];
#else
  (void)argc;
  return 0;
#endif
}
Determining if the closedir exist passed with the following output:
Change Dir: /workspace/build-catamaran-3.4.0/CMakeFiles/CMakeTmp

Run Build Command(s):/usr/bin/make cmTC_24760/fast && /usr/bin/make -f CMakeFiles/cmTC_24760.dir/build.make CMakeFiles/cmTC_24760.dir/build
make[1]: Entering directory '/workspace/build-catamaran-3.4.0/CMakeFiles/CMakeTmp'
Building C object CMakeFiles/cmTC_24760.dir/CheckSymbolExists.c.o
/usr/bin/gcc-7    -o CMakeFiles/cmTC_24760.dir/CheckSymbolExists.c.o   -c /workspace/build-catamaran-3.4.0/CMakeFiles/CMakeTmp/CheckSymbolExists.c
Linking C executable cmTC_24760
/usr/bin/cmake -E cmake_link_script CMakeFiles/cmTC_24760.dir/link.txt --verbose=1
/usr/bin/gcc-7      -rdynamic CMakeFiles/cmTC_24760.dir/CheckSymbolExists.c.o  -o cmTC_24760  -lm 
make[1]: Leaving directory '/workspace/build-catamaran-3.4.0/CMakeFiles/CMakeTmp'


File /workspace/build-catamaran-3.4.0/CMakeFiles/CMakeTmp/CheckSymbolExists.c:
/* */
#include <sys/types.h>
#include <dirent.h>

int main(int argc, char** argv)
{
  (void)argv;
#ifndef closedir
  return ((int*)(&closedir))[argc];
#else
  (void)argc;
  return 0;
#endif
}
Determining if the opendir exist passed with the following output:
Change Dir: /workspace/build-catamaran-3.4.0/CMakeFiles/CMakeTmp

Run Build Command(s):/usr/bin/make cmTC_03d53/fast && /usr/bin/make -f CMakeFiles/cmTC_03d53.dir/build.make CMakeFiles/cmTC_03d53.dir/build
make[1]: Entering directory '/workspace/build-catamaran-3.4.0/CMakeFiles/CMakeTmp'
Building C object CMakeFiles/cmTC_03d53.dir/CheckSymbolExists.c.o
/usr/bin/gcc-7    -o CMakeFiles/cmTC_03d53.dir/CheckSymbolExists.c.o   -c /workspace/build-catamaran-3.4.0/CMakeFiles/CMakeTmp/CheckSymbolExists.c
Linking C executable cmTC_03d53
/usr/bin/cmake -E cmake_link_script CMakeFiles/cmTC_03d53.dir/link.txt --verbose=1
/usr/bin/gcc-7      -rdynamic CMakeFiles/cmTC_03d53.dir/CheckSymbolExists.c.o  -o cmTC_03d53  -lm 
make[1]: Leaving directory '/workspace/build-catamaran-3.4.0/CMakeFiles/CMakeTmp'


File /workspace/build-catamaran-3.4.0/CMakeFiles/CMakeTmp/CheckSymbolExists.c:
/* */
#include <sys/types.h>
#include <dirent.h>

int main(int argc, char** argv)
{
  (void)argv;
#ifndef opendir
  return ((int*)(&opendir))[argc];
#else
  (void)argc;
  return 0;
#endif
}
Determining if the readdir exist passed with the following output:
Change Dir: /workspace/build-catamaran-3.4.0/CMakeFiles/CMakeTmp

Run Build Command(s):/usr/bin/make cmTC_29da3/fast && /usr/bin/make -f CMakeFiles/cmTC_29da3.dir/build.make CMakeFiles/cmTC_29da3.dir/build
make[1]: Entering directory '/workspace/build-catamaran-3.4.0/CMakeFiles/CMakeTmp'
Building C object CMakeFiles/cmTC_29da3.dir/CheckSymbolExists.c.o
/usr/bin/gcc-7    -o CMakeFiles/cmTC_29da3.dir/CheckSymbolExists.c.o   -c /workspace/build-catamaran-3.4.0/CMakeFiles/CMakeTmp/CheckSymbolExists.c
Linking C executable cmTC_29da3
/usr/bin/cmake -E cmake_link_script CMakeFiles/cmTC_29da3.dir/link.txt --verbose=1
/usr/bin/gcc-7      -rdynamic CMakeFiles/cmTC_29da3.dir/CheckSymbolExists.c.o  -o cmTC_29da3  -lm 
make[1]: Leaving directory '/workspace/build-catamaran-3.4.0/CMakeFiles/CMakeTmp'


File /workspace/build-catamaran-3.4.0/CMakeFiles/CMakeTmp/CheckSymbolExists.c:
/* */
#include <sys/types.h>
#include <dirent.h>

int main(int argc, char** argv)
{
  (void)argv;
#ifndef readdir
  return ((int*)(&readdir))[argc];
#else
  (void)argc;
  return 0;
#endif
}
Determining if the getcwd exist passed with the following output:
Change Dir: /workspace/build-catamaran-3.4.0/CMakeFiles/CMakeTmp

Run Build Command(s):/usr/bin/make cmTC_dea47/fast && /usr/bin/make -f CMakeFiles/cmTC_dea47.dir/build.make CMakeFiles/cmTC_dea47.dir/build
make[1]: Entering directory '/workspace/build-catamaran-3.4.0/CMakeFiles/CMakeTmp'
Building C object CMakeFiles/cmTC_dea47.dir/CheckSymbolExists.c.o
/usr/bin/gcc-7    -o CMakeFiles/cmTC_dea47.dir/CheckSymbolExists.c.o   -c /workspace/build-catamaran-3.4.0/CMakeFiles/CMakeTmp/CheckSymbolExists.c
Linking C executable cmTC_dea47
/usr/bin/cmake -E cmake_link_script CMakeFiles/cmTC_dea47.dir/link.txt --verbose=1
/usr/bin/gcc-7      -rdynamic CMakeFiles/cmTC_dea47.dir/CheckSymbolExists.c.o  -o cmTC_dea47  -lm 
make[1]: Leaving directory '/workspace/build-catamaran-3.4.0/CMakeFiles/CMakeTmp'


File /workspace/build-catamaran-3.4.0/CMakeFiles/CMakeTmp/CheckSymbolExists.c:
/* */
#include <unistd.h>

int main(int argc, char** argv)
{
  (void)argv;
#ifndef getcwd
  return ((int*)(&getcwd))[argc];
#else
  (void)argc;
  return 0;
#endif
}
Determining if the gettimeofday exist passed with the following output:
Change Dir: /workspace/build-catamaran-3.4.0/CMakeFiles/CMakeTmp

Run Build Command(s):/usr/bin/make cmTC_e88cd/fast && /usr/bin/make -f CMakeFiles/cmTC_e88cd.dir/build.make CMakeFiles/cmTC_e88cd.dir/build
make[1]: Entering directory '/workspace/build-catamaran-3.4.0/CMakeFiles/CMakeTmp'
Building C object CMakeFiles/cmTC_e88cd.dir/CheckSymbolExists.c.o
/usr/bin/gcc-7    -o CMakeFiles/cmTC_e88cd.dir/CheckSymbolExists.c.o   -c /workspace/build-catamaran-3.4.0/CMakeFiles/CMakeTmp/CheckSymbolExists.c
Linking C executable cmTC_e88cd
/usr/bin/cmake -E cmake_link_script CMakeFiles/cmTC_e88cd.dir/link.txt --verbose=1
/usr/bin/gcc-7      -rdynamic CMakeFiles/cmTC_e88cd.dir/CheckSymbolExists.c.o  -o cmTC_e88cd  -lm 
make[1]: Leaving directory '/workspace/build-catamaran-3.4.0/CMakeFiles/CMakeTmp'


File /workspace/build-catamaran-3.4.0/CMakeFiles/CMakeTmp/CheckSymbolExists.c:
/* */
#include <sys/time.h>

int main(int argc, char** argv)
{
  (void)argv;
#ifndef gettimeofday
  return ((int*)(&gettimeofday))[argc];
#else
  (void)argc;
  return 0;
#endif
}
Determining if the getrlimit exist passed with the following output:
Change Dir: /workspace/build-catamaran-3.4.0/CMakeFiles/CMakeTmp

Run Build Command(s):/usr/bin/make cmTC_80e20/fast && /usr/bin/make -f CMakeFiles/cmTC_80e20.dir/build.make CMakeFiles/cmTC_80e20.dir/build
make[1]: Entering directory '/workspace/build-catamaran-3.4.0/CMakeFiles/CMakeTmp'
Building C object CMakeFiles/cmTC_80e20.dir/CheckSymbolExists.c.o
/usr/bin/gcc-7    -o CMakeFiles/cmTC_80e20.dir/CheckSymbolExists.c.o   -c /workspace/build-catamaran-3.4.0/CMakeFiles/CMakeTmp/CheckSymbolExists.c
Linking C executable cmTC_80e20
/usr/bin/cmake -E cmake_link_script CMakeFiles/cmTC_80e20.dir/link.txt --verbose=1
/usr/bin/gcc-7      -rdynamic CMakeFiles/cmTC_80e20.dir/CheckSymbolExists.c.o  -o cmTC_80e20  -lm 
make[1]: Leaving directory '/workspace/build-catamaran-3.4.0/CMakeFiles/CMakeTmp'


File /workspace/build-catamaran-3.4.0/CMakeFiles/CMakeTmp/CheckSymbolExists.c:
/* */
#include <sys/types.h>
#include <sys/time.h>
#include <sys/resource.h>

int main(int argc, char** argv)
{
  (void)argv;
#ifndef getrlimit
  return ((int*)(&getrlimit))[argc];
#else
  (void)argc;
  return 0;
#endif
}
Determining if the posix_spawn exist passed with the following output:
Change Dir: /workspace/build-catamaran-3.4.0/CMakeFiles/CMakeTmp

Run Build Command(s):/usr/bin/make cmTC_a2252/fast && /usr/bin/make -f CMakeFiles/cmTC_a2252.dir/build.make CMakeFiles/cmTC_a2252.dir/build
make[1]: Entering directory '/workspace/build-catamaran-3.4.0/CMakeFiles/CMakeTmp'
Building C object CMakeFiles/cmTC_a2252.dir/CheckSymbolExists.c.o
/usr/bin/gcc-7    -o CMakeFiles/cmTC_a2252.dir/CheckSymbolExists.c.o   -c /workspace/build-catamaran-3.4.0/CMakeFiles/CMakeTmp/CheckSymbolExists.c
Linking C executable cmTC_a2252
/usr/bin/cmake -E cmake_link_script CMakeFiles/cmTC_a2252.dir/link.txt --verbose=1
/usr/bin/gcc-7      -rdynamic CMakeFiles/cmTC_a2252.dir/CheckSymbolExists.c.o  -o cmTC_a2252  -lm 
make[1]: Leaving directory '/workspace/build-catamaran-3.4.0/CMakeFiles/CMakeTmp'


File /workspace/build-catamaran-3.4.0/CMakeFiles/CMakeTmp/CheckSymbolExists.c:
/* */
#include <spawn.h>

int main(int argc, char** argv)
{
  (void)argv;
#ifndef posix_spawn
  return ((int*)(&posix_spawn))[argc];
#else
  (void)argc;
  return 0;
#endif
}
Determining if the pread exist passed with the following output:
Change Dir: /workspace/build-catamaran-3.4.0/CMakeFiles/CMakeTmp

Run Build Command(s):/usr/bin/make cmTC_f9baf/fast && /usr/bin/make -f CMakeFiles/cmTC_f9baf.dir/build.make CMakeFiles/cmTC_f9baf.dir/build
make[1]: Entering directory '/workspace/build-catamaran-3.4.0/CMakeFiles/CMakeTmp'
Building C object CMakeFiles/cmTC_f9baf.dir/CheckSymbolExists.c.o
/usr/bin/gcc-7    -o CMakeFiles/cmTC_f9baf.dir/CheckSymbolExists.c.o   -c /workspace/build-catamaran-3.4.0/CMakeFiles/CMakeTmp/CheckSymbolExists.c
Linking C executable cmTC_f9baf
/usr/bin/cmake -E cmake_link_script CMakeFiles/cmTC_f9baf.dir/link.txt --verbose=1
/usr/bin/gcc-7      -rdynamic CMakeFiles/cmTC_f9baf.dir/CheckSymbolExists.c.o  -o cmTC_f9baf  -lm 
make[1]: Leaving directory '/workspace/build-catamaran-3.4.0/CMakeFiles/CMakeTmp'


File /workspace/build-catamaran-3.4.0/CMakeFiles/CMakeTmp/CheckSymbolExists.c:
/* */
#include <unistd.h>

int main(int argc, char** argv)
{
  (void)argv;
#ifndef pread
  return ((int*)(&pread))[argc];
#else
  (void)argc;
  return 0;
#endif
}
Determining if the realpath exist passed with the following output:
Change Dir: /workspace/build-catamaran-3.4.0/CMakeFiles/CMakeTmp

Run Build Command(s):/usr/bin/make cmTC_9ef64/fast && /usr/bin/make -f CMakeFiles/cmTC_9ef64.dir/build.make CMakeFiles/cmTC_9ef64.dir/build
make[1]: Entering directory '/workspace/build-catamaran-3.4.0/CMakeFiles/CMakeTmp'
Building C object CMakeFiles/cmTC_9ef64.dir/CheckSymbolExists.c.o
/usr/bin/gcc-7    -o CMakeFiles/cmTC_9ef64.dir/CheckSymbolExists.c.o   -c /workspace/build-catamaran-3.4.0/CMakeFiles/CMakeTmp/CheckSymbolExists.c
Linking C executable cmTC_9ef64
/usr/bin/cmake -E cmake_link_script CMakeFiles/cmTC_9ef64.dir/link.txt --verbose=1
/usr/bin/gcc-7      -rdynamic CMakeFiles/cmTC_9ef64.dir/CheckSymbolExists.c.o  -o cmTC_9ef64  -lm 
make[1]: Leaving directory '/workspace/build-catamaran-3.4.0/CMakeFiles/CMakeTmp'


File /workspace/build-catamaran-3.4.0/CMakeFiles/CMakeTmp/CheckSymbolExists.c:
/* */
#include <stdlib.h>

int main(int argc, char** argv)
{
  (void)argv;
#ifndef realpath
  return ((int*)(&realpath))[argc];
#else
  (void)argc;
  return 0;
#endif
}
Determining if the sbrk exist passed with the following output:
Change Dir: /workspace/build-catamaran-3.4.0/CMakeFiles/CMakeTmp

Run Build Command(s):/usr/bin/make cmTC_6145c/fast && /usr/bin/make -f CMakeFiles/cmTC_6145c.dir/build.make CMakeFiles/cmTC_6145c.dir/build
make[1]: Entering directory '/workspace/build-catamaran-3.4.0/CMakeFiles/CMakeTmp'
Building C object CMakeFiles/cmTC_6145c.dir/CheckSymbolExists.c.o
/usr/bin/gcc-7    -o CMakeFiles/cmTC_6145c.dir/CheckSymbolExists.c.o   -c /workspace/build-catamaran-3.4.0/CMakeFiles/CMakeTmp/CheckSymbolExists.c
Linking C executable cmTC_6145c
/usr/bin/cmake -E cmake_link_script CMakeFiles/cmTC_6145c.dir/link.txt --verbose=1
/usr/bin/gcc-7      -rdynamic CMakeFiles/cmTC_6145c.dir/CheckSymbolExists.c.o  -o cmTC_6145c  -lm 
make[1]: Leaving directory '/workspace/build-catamaran-3.4.0/CMakeFiles/CMakeTmp'


File /workspace/build-catamaran-3.4.0/CMakeFiles/CMakeTmp/CheckSymbolExists.c:
/* */
#include <unistd.h>

int main(int argc, char** argv)
{
  (void)argv;
#ifndef sbrk
  return ((int*)(&sbrk))[argc];
#else
  (void)argc;
  return 0;
#endif
}
Determining if the srand48 exist passed with the following output:
Change Dir: /workspace/build-catamaran-3.4.0/CMakeFiles/CMakeTmp

Run Build Command(s):/usr/bin/make cmTC_a5999/fast && /usr/bin/make -f CMakeFiles/cmTC_a5999.dir/build.make CMakeFiles/cmTC_a5999.dir/build
make[1]: Entering directory '/workspace/build-catamaran-3.4.0/CMakeFiles/CMakeTmp'
Building C object CMakeFiles/cmTC_a5999.dir/CheckSymbolExists.c.o
/usr/bin/gcc-7    -o CMakeFiles/cmTC_a5999.dir/CheckSymbolExists.c.o   -c /workspace/build-catamaran-3.4.0/CMakeFiles/CMakeTmp/CheckSymbolExists.c
Linking C executable cmTC_a5999
/usr/bin/cmake -E cmake_link_script CMakeFiles/cmTC_a5999.dir/link.txt --verbose=1
/usr/bin/gcc-7      -rdynamic CMakeFiles/cmTC_a5999.dir/CheckSymbolExists.c.o  -o cmTC_a5999  -lm 
make[1]: Leaving directory '/workspace/build-catamaran-3.4.0/CMakeFiles/CMakeTmp'


File /workspace/build-catamaran-3.4.0/CMakeFiles/CMakeTmp/CheckSymbolExists.c:
/* */
#include <stdlib.h>

int main(int argc, char** argv)
{
  (void)argv;
#ifndef srand48
  return ((int*)(&srand48))[argc];
#else
  (void)argc;
  return 0;
#endif
}
Determining if the lrand48 exist passed with the following output:
Change Dir: /workspace/build-catamaran-3.4.0/CMakeFiles/CMakeTmp

Run Build Command(s):/usr/bin/make cmTC_0a8de/fast && /usr/bin/make -f CMakeFiles/cmTC_0a8de.dir/build.make CMakeFiles/cmTC_0a8de.dir/build
make[1]: Entering directory '/workspace/build-catamaran-3.4.0/CMakeFiles/CMakeTmp'
Building C object CMakeFiles/cmTC_0a8de.dir/CheckSymbolExists.c.o
/usr/bin/gcc-7    -o CMakeFiles/cmTC_0a8de.dir/CheckSymbolExists.c.o   -c /workspace/build-catamaran-3.4.0/CMakeFiles/CMakeTmp/CheckSymbolExists.c
Linking C executable cmTC_0a8de
/usr/bin/cmake -E cmake_link_script CMakeFiles/cmTC_0a8de.dir/link.txt --verbose=1
/usr/bin/gcc-7      -rdynamic CMakeFiles/cmTC_0a8de.dir/CheckSymbolExists.c.o  -o cmTC_0a8de  -lm 
make[1]: Leaving directory '/workspace/build-catamaran-3.4.0/CMakeFiles/CMakeTmp'


File /workspace/build-catamaran-3.4.0/CMakeFiles/CMakeTmp/CheckSymbolExists.c:
/* */
#include <stdlib.h>

int main(int argc, char** argv)
{
  (void)argv;
#ifndef lrand48
  return ((int*)(&lrand48))[argc];
#else
  (void)argc;
  return 0;
#endif
}
Determining if the drand48 exist passed with the following output:
Change Dir: /workspace/build-catamaran-3.4.0/CMakeFiles/CMakeTmp

Run Build Command(s):/usr/bin/make cmTC_0786f/fast && /usr/bin/make -f CMakeFiles/cmTC_0786f.dir/build.make CMakeFiles/cmTC_0786f.dir/build
make[1]: Entering directory '/workspace/build-catamaran-3.4.0/CMakeFiles/CMakeTmp'
Building C object CMakeFiles/cmTC_0786f.dir/CheckSymbolExists.c.o
/usr/bin/gcc-7    -o CMakeFiles/cmTC_0786f.dir/CheckSymbolExists.c.o   -c /workspace/build-catamaran-3.4.0/CMakeFiles/CMakeTmp/CheckSymbolExists.c
Linking C executable cmTC_0786f
/usr/bin/cmake -E cmake_link_script CMakeFiles/cmTC_0786f.dir/link.txt --verbose=1
/usr/bin/gcc-7      -rdynamic CMakeFiles/cmTC_0786f.dir/CheckSymbolExists.c.o  -o cmTC_0786f  -lm 
make[1]: Leaving directory '/workspace/build-catamaran-3.4.0/CMakeFiles/CMakeTmp'


File /workspace/build-catamaran-3.4.0/CMakeFiles/CMakeTmp/CheckSymbolExists.c:
/* */
#include <stdlib.h>

int main(int argc, char** argv)
{
  (void)argv;
#ifndef drand48
  return ((int*)(&drand48))[argc];
#else
  (void)argc;
  return 0;
#endif
}
Determining if the strtoll exist passed with the following output:
Change Dir: /workspace/build-catamaran-3.4.0/CMakeFiles/CMakeTmp

Run Build Command(s):/usr/bin/make cmTC_f5795/fast && /usr/bin/make -f CMakeFiles/cmTC_f5795.dir/build.make CMakeFiles/cmTC_f5795.dir/build
make[1]: Entering directory '/workspace/build-catamaran-3.4.0/CMakeFiles/CMakeTmp'
Building C object CMakeFiles/cmTC_f5795.dir/CheckSymbolExists.c.o
/usr/bin/gcc-7    -o CMakeFiles/cmTC_f5795.dir/CheckSymbolExists.c.o   -c /workspace/build-catamaran-3.4.0/CMakeFiles/CMakeTmp/CheckSymbolExists.c
Linking C executable cmTC_f5795
/usr/bin/cmake -E cmake_link_script CMakeFiles/cmTC_f5795.dir/link.txt --verbose=1
/usr/bin/gcc-7      -rdynamic CMakeFiles/cmTC_f5795.dir/CheckSymbolExists.c.o  -o cmTC_f5795  -lm 
make[1]: Leaving directory '/workspace/build-catamaran-3.4.0/CMakeFiles/CMakeTmp'


File /workspace/build-catamaran-3.4.0/CMakeFiles/CMakeTmp/CheckSymbolExists.c:
/* */
#include <stdlib.h>

int main(int argc, char** argv)
{
  (void)argv;
#ifndef strtoll
  return ((int*)(&strtoll))[argc];
#else
  (void)argc;
  return 0;
#endif
}
Determining if the strtoq exist passed with the following output:
Change Dir: /workspace/build-catamaran-3.4.0/CMakeFiles/CMakeTmp

Run Build Command(s):/usr/bin/make cmTC_daf41/fast && /usr/bin/make -f CMakeFiles/cmTC_daf41.dir/build.make CMakeFiles/cmTC_daf41.dir/build
make[1]: Entering directory '/workspace/build-catamaran-3.4.0/CMakeFiles/CMakeTmp'
Building C object CMakeFiles/cmTC_daf41.dir/CheckSymbolExists.c.o
/usr/bin/gcc-7    -o CMakeFiles/cmTC_daf41.dir/CheckSymbolExists.c.o   -c /workspace/build-catamaran-3.4.0/CMakeFiles/CMakeTmp/CheckSymbolExists.c
Linking C executable cmTC_daf41
/usr/bin/cmake -E cmake_link_script CMakeFiles/cmTC_daf41.dir/link.txt --verbose=1
/usr/bin/gcc-7      -rdynamic CMakeFiles/cmTC_daf41.dir/CheckSymbolExists.c.o  -o cmTC_daf41  -lm 
make[1]: Leaving directory '/workspace/build-catamaran-3.4.0/CMakeFiles/CMakeTmp'


File /workspace/build-catamaran-3.4.0/CMakeFiles/CMakeTmp/CheckSymbolExists.c:
/* */
#include <stdlib.h>

int main(int argc, char** argv)
{
  (void)argv;
#ifndef strtoq
  return ((int*)(&strtoq))[argc];
#else
  (void)argc;
  return 0;
#endif
}
Determining if the strerror exist passed with the following output:
Change Dir: /workspace/build-catamaran-3.4.0/CMakeFiles/CMakeTmp

Run Build Command(s):/usr/bin/make cmTC_e35b9/fast && /usr/bin/make -f CMakeFiles/cmTC_e35b9.dir/build.make CMakeFiles/cmTC_e35b9.dir/build
make[1]: Entering directory '/workspace/build-catamaran-3.4.0/CMakeFiles/CMakeTmp'
Building C object CMakeFiles/cmTC_e35b9.dir/CheckSymbolExists.c.o
/usr/bin/gcc-7    -o CMakeFiles/cmTC_e35b9.dir/CheckSymbolExists.c.o   -c /workspace/build-catamaran-3.4.0/CMakeFiles/CMakeTmp/CheckSymbolExists.c
Linking C executable cmTC_e35b9
/usr/bin/cmake -E cmake_link_script CMakeFiles/cmTC_e35b9.dir/link.txt --verbose=1
/usr/bin/gcc-7      -rdynamic CMakeFiles/cmTC_e35b9.dir/CheckSymbolExists.c.o  -o cmTC_e35b9  -lm 
make[1]: Leaving directory '/workspace/build-catamaran-3.4.0/CMakeFiles/CMakeTmp'


File /workspace/build-catamaran-3.4.0/CMakeFiles/CMakeTmp/CheckSymbolExists.c:
/* */
#include <string.h>

int main(int argc, char** argv)
{
  (void)argv;
#ifndef strerror
  return ((int*)(&strerror))[argc];
#else
  (void)argc;
  return 0;
#endif
}
Determining if the strerror_r exist passed with the following output:
Change Dir: /workspace/build-catamaran-3.4.0/CMakeFiles/CMakeTmp

Run Build Command(s):/usr/bin/make cmTC_0a8f7/fast && /usr/bin/make -f CMakeFiles/cmTC_0a8f7.dir/build.make CMakeFiles/cmTC_0a8f7.dir/build
make[1]: Entering directory '/workspace/build-catamaran-3.4.0/CMakeFiles/CMakeTmp'
Building C object CMakeFiles/cmTC_0a8f7.dir/CheckSymbolExists.c.o
/usr/bin/gcc-7    -o CMakeFiles/cmTC_0a8f7.dir/CheckSymbolExists.c.o   -c /workspace/build-catamaran-3.4.0/CMakeFiles/CMakeTmp/CheckSymbolExists.c
Linking C executable cmTC_0a8f7
/usr/bin/cmake -E cmake_link_script CMakeFiles/cmTC_0a8f7.dir/link.txt --verbose=1
/usr/bin/gcc-7      -rdynamic CMakeFiles/cmTC_0a8f7.dir/CheckSymbolExists.c.o  -o cmTC_0a8f7  -lm 
make[1]: Leaving directory '/workspace/build-catamaran-3.4.0/CMakeFiles/CMakeTmp'


File /workspace/build-catamaran-3.4.0/CMakeFiles/CMakeTmp/CheckSymbolExists.c:
/* */
#include <string.h>

int main(int argc, char** argv)
{
  (void)argv;
#ifndef strerror_r
  return ((int*)(&strerror_r))[argc];
#else
  (void)argc;
  return 0;
#endif
}
Determining if the setenv exist passed with the following output:
Change Dir: /workspace/build-catamaran-3.4.0/CMakeFiles/CMakeTmp

Run Build Command(s):/usr/bin/make cmTC_46c07/fast && /usr/bin/make -f CMakeFiles/cmTC_46c07.dir/build.make CMakeFiles/cmTC_46c07.dir/build
make[1]: Entering directory '/workspace/build-catamaran-3.4.0/CMakeFiles/CMakeTmp'
Building C object CMakeFiles/cmTC_46c07.dir/CheckSymbolExists.c.o
/usr/bin/gcc-7    -o CMakeFiles/cmTC_46c07.dir/CheckSymbolExists.c.o   -c /workspace/build-catamaran-3.4.0/CMakeFiles/CMakeTmp/CheckSymbolExists.c
Linking C executable cmTC_46c07
/usr/bin/cmake -E cmake_link_script CMakeFiles/cmTC_46c07.dir/link.txt --verbose=1
/usr/bin/gcc-7      -rdynamic CMakeFiles/cmTC_46c07.dir/CheckSymbolExists.c.o  -o cmTC_46c07  -lm 
make[1]: Leaving directory '/workspace/build-catamaran-3.4.0/CMakeFiles/CMakeTmp'


File /workspace/build-catamaran-3.4.0/CMakeFiles/CMakeTmp/CheckSymbolExists.c:
/* */
#include <stdlib.h>

int main(int argc, char** argv)
{
  (void)argv;
#ifndef setenv
  return ((int*)(&setenv))[argc];
#else
  (void)argc;
  return 0;
#endif
}
Determining if the dlerror exist passed with the following output:
Change Dir: /workspace/build-catamaran-3.4.0/CMakeFiles/CMakeTmp

Run Build Command(s):/usr/bin/make cmTC_b2709/fast && /usr/bin/make -f CMakeFiles/cmTC_b2709.dir/build.make CMakeFiles/cmTC_b2709.dir/build
make[1]: Entering directory '/workspace/build-catamaran-3.4.0/CMakeFiles/CMakeTmp'
Building C object CMakeFiles/cmTC_b2709.dir/CheckSymbolExists.c.o
/usr/bin/gcc-7    -o CMakeFiles/cmTC_b2709.dir/CheckSymbolExists.c.o   -c /workspace/build-catamaran-3.4.0/CMakeFiles/CMakeTmp/CheckSymbolExists.c
Linking C executable cmTC_b2709
/usr/bin/cmake -E cmake_link_script CMakeFiles/cmTC_b2709.dir/link.txt --verbose=1
/usr/bin/gcc-7      -rdynamic CMakeFiles/cmTC_b2709.dir/CheckSymbolExists.c.o  -o cmTC_b2709  -lm -ldl 
make[1]: Leaving directory '/workspace/build-catamaran-3.4.0/CMakeFiles/CMakeTmp'


File /workspace/build-catamaran-3.4.0/CMakeFiles/CMakeTmp/CheckSymbolExists.c:
/* */
#include <dlfcn.h>

int main(int argc, char** argv)
{
  (void)argv;
#ifndef dlerror
  return ((int*)(&dlerror))[argc];
#else
  (void)argc;
  return 0;
#endif
}
Determining if the dlopen exist passed with the following output:
Change Dir: /workspace/build-catamaran-3.4.0/CMakeFiles/CMakeTmp

Run Build Command(s):/usr/bin/make cmTC_d7d7e/fast && /usr/bin/make -f CMakeFiles/cmTC_d7d7e.dir/build.make CMakeFiles/cmTC_d7d7e.dir/build
make[1]: Entering directory '/workspace/build-catamaran-3.4.0/CMakeFiles/CMakeTmp'
Building C object CMakeFiles/cmTC_d7d7e.dir/CheckSymbolExists.c.o
/usr/bin/gcc-7    -o CMakeFiles/cmTC_d7d7e.dir/CheckSymbolExists.c.o   -c /workspace/build-catamaran-3.4.0/CMakeFiles/CMakeTmp/CheckSymbolExists.c
Linking C executable cmTC_d7d7e
/usr/bin/cmake -E cmake_link_script CMakeFiles/cmTC_d7d7e.dir/link.txt --verbose=1
/usr/bin/gcc-7      -rdynamic CMakeFiles/cmTC_d7d7e.dir/CheckSymbolExists.c.o  -o cmTC_d7d7e  -lm -ldl 
make[1]: Leaving directory '/workspace/build-catamaran-3.4.0/CMakeFiles/CMakeTmp'


File /workspace/build-catamaran-3.4.0/CMakeFiles/CMakeTmp/CheckSymbolExists.c:
/* */
#include <dlfcn.h>

int main(int argc, char** argv)
{
  (void)argv;
#ifndef dlopen
  return ((int*)(&dlopen))[argc];
#else
  (void)argc;
  return 0;
#endif
}
Determining if the __GLIBC__ exist passed with the following output:
Change Dir: /workspace/build-catamaran-3.4.0/CMakeFiles/CMakeTmp

Run Build Command(s):/usr/bin/make cmTC_a6186/fast && /usr/bin/make -f CMakeFiles/cmTC_a6186.dir/build.make CMakeFiles/cmTC_a6186.dir/build
make[1]: Entering directory '/workspace/build-catamaran-3.4.0/CMakeFiles/CMakeTmp'
Building C object CMakeFiles/cmTC_a6186.dir/CheckSymbolExists.c.o
/usr/bin/gcc-7    -o CMakeFiles/cmTC_a6186.dir/CheckSymbolExists.c.o   -c /workspace/build-catamaran-3.4.0/CMakeFiles/CMakeTmp/CheckSymbolExists.c
Linking C executable cmTC_a6186
/usr/bin/cmake -E cmake_link_script CMakeFiles/cmTC_a6186.dir/link.txt --verbose=1
/usr/bin/gcc-7      -rdynamic CMakeFiles/cmTC_a6186.dir/CheckSymbolExists.c.o  -o cmTC_a6186  -lm 
make[1]: Leaving directory '/workspace/build-catamaran-3.4.0/CMakeFiles/CMakeTmp'


File /workspace/build-catamaran-3.4.0/CMakeFiles/CMakeTmp/CheckSymbolExists.c:
/* */
#include <stdio.h>

int main(int argc, char** argv)
{
  (void)argv;
#ifndef __GLIBC__
  return ((int*)(&__GLIBC__))[argc];
#else
  (void)argc;
  return 0;
#endif
}
Performing C++ SOURCE FILE Test HAVE_INT64_T succeeded with the following output:
Change Dir: /workspace/build-catamaran-3.4.0/CMakeFiles/CMakeTmp

Run Build Command(s):/usr/bin/make cmTC_9d129/fast && /usr/bin/make -f CMakeFiles/cmTC_9d129.dir/build.make CMakeFiles/cmTC_9d129.dir/build
make[1]: Entering directory '/workspace/build-catamaran-3.4.0/CMakeFiles/CMakeTmp'
Building CXX object CMakeFiles/cmTC_9d129.dir/src.cxx.o
/usr/bin/g++-7    -std=c++11 -DHAVE_INT64_T   -o CMakeFiles/cmTC_9d129.dir/src.cxx.o -c /workspace/build-catamaran-3.4.0/CMakeFiles/CMakeTmp/src.cxx
Linking CXX executable cmTC_9d129
/usr/bin/cmake -E cmake_link_script CMakeFiles/cmTC_9d129.dir/link.txt --verbose=1
/usr/bin/g++-7   -std=c++11 -DHAVE_INT64_T    -rdynamic CMakeFiles/cmTC_9d129.dir/src.cxx.o  -o cmTC_9d129  -lm 
make[1]: Leaving directory '/workspace/build-catamaran-3.4.0/CMakeFiles/CMakeTmp'


Source file was:

    #include<sys/types.h>
#include<inttypes.h>
#include<stdint.h>
 int64_t typeVar;
    int main() {
        return 0;
    }
    
Performing C++ SOURCE FILE Test HAVE_UINT64_T succeeded with the following output:
Change Dir: /workspace/build-catamaran-3.4.0/CMakeFiles/CMakeTmp

Run Build Command(s):/usr/bin/make cmTC_f8560/fast && /usr/bin/make -f CMakeFiles/cmTC_f8560.dir/build.make CMakeFiles/cmTC_f8560.dir/build
make[1]: Entering directory '/workspace/build-catamaran-3.4.0/CMakeFiles/CMakeTmp'
Building CXX object CMakeFiles/cmTC_f8560.dir/src.cxx.o
/usr/bin/g++-7    -std=c++11 -DHAVE_UINT64_T   -o CMakeFiles/cmTC_f8560.dir/src.cxx.o -c /workspace/build-catamaran-3.4.0/CMakeFiles/CMakeTmp/src.cxx
Linking CXX executable cmTC_f8560
/usr/bin/cmake -E cmake_link_script CMakeFiles/cmTC_f8560.dir/link.txt --verbose=1
/usr/bin/g++-7   -std=c++11 -DHAVE_UINT64_T    -rdynamic CMakeFiles/cmTC_f8560.dir/src.cxx.o  -o cmTC_f8560  -lm 
make[1]: Leaving directory '/workspace/build-catamaran-3.4.0/CMakeFiles/CMakeTmp'


Source file was:

    #include<sys/types.h>
#include<inttypes.h>
#include<stdint.h>
 uint64_t typeVar;
    int main() {
        return 0;
    }
    
Performing C++ SOURCE FILE Test HAVE_U_INT64_T succeeded with the following output:
Change Dir: /workspace/build-catamaran-3.4.0/CMakeFiles/CMakeTmp

Run Build Command(s):/usr/bin/make cmTC_f02b0/fast && /usr/bin/make -f CMakeFiles/cmTC_f02b0.dir/build.make CMakeFiles/cmTC_f02b0.dir/build
make[1]: Entering directory '/workspace/build-catamaran-3.4.0/CMakeFiles/CMakeTmp'
Building CXX object CMakeFiles/cmTC_f02b0.dir/src.cxx.o
/usr/bin/g++-7    -std=c++11 -DHAVE_U_INT64_T   -o CMakeFiles/cmTC_f02b0.dir/src.cxx.o -c /workspace/build-catamaran-3.4.0/CMakeFiles/CMakeTmp/src.cxx
Linking CXX executable cmTC_f02b0
/usr/bin/cmake -E cmake_link_script CMakeFiles/cmTC_f02b0.dir/link.txt --verbose=1
/usr/bin/g++-7   -std=c++11 -DHAVE_U_INT64_T    -rdynamic CMakeFiles/cmTC_f02b0.dir/src.cxx.o  -o cmTC_f02b0  -lm 
make[1]: Leaving directory '/workspace/build-catamaran-3.4.0/CMakeFiles/CMakeTmp'


Source file was:

    #include<sys/types.h>
#include<inttypes.h>
#include<stdint.h>
 u_int64_t typeVar;
    int main() {
        return 0;
    }
    
Performing C++ SOURCE FILE Test LLVM_HAS_ATOMICS succeeded with the following output:
Change Dir: /workspace/build-catamaran-3.4.0/CMakeFiles/CMakeTmp

Run Build Command(s):/usr/bin/make cmTC_77ab1/fast && /usr/bin/make -f CMakeFiles/cmTC_77ab1.dir/build.make CMakeFiles/cmTC_77ab1.dir/build
make[1]: Entering directory '/workspace/build-catamaran-3.4.0/CMakeFiles/CMakeTmp'
Building CXX object CMakeFiles/cmTC_77ab1.dir/src.cxx.o
/usr/bin/g++-7    -std=c++11 -DLLVM_HAS_ATOMICS   -o CMakeFiles/cmTC_77ab1.dir/src.cxx.o -c /workspace/build-catamaran-3.4.0/CMakeFiles/CMakeTmp/src.cxx
Linking CXX executable cmTC_77ab1
/usr/bin/cmake -E cmake_link_script CMakeFiles/cmTC_77ab1.dir/link.txt --verbose=1
/usr/bin/g++-7   -std=c++11 -DLLVM_HAS_ATOMICS    -rdynamic CMakeFiles/cmTC_77ab1.dir/src.cxx.o  -o cmTC_77ab1  -lm 
make[1]: Leaving directory '/workspace/build-catamaran-3.4.0/CMakeFiles/CMakeTmp'


Source file was:

#ifdef _MSC_VER
#include <windows.h>
#endif
int main() {
#ifdef _MSC_VER
        volatile LONG val = 1;
        MemoryBarrier();
        InterlockedCompareExchange(&val, 0, 1);
        InterlockedIncrement(&val);
        InterlockedDecrement(&val);
#else
        volatile unsigned long val = 1;
        __sync_synchronize();
        __sync_val_compare_and_swap(&val, 1, 0);
        __sync_add_and_fetch(&val, 1);
        __sync_sub_and_fetch(&val, 1);
#endif
        return 0;
      }

Performing C++ SOURCE FILE Test SUPPORTS_NO_VARIADIC_MACROS_FLAG succeeded with the following output:
Change Dir: /workspace/build-catamaran-3.4.0/CMakeFiles/CMakeTmp

Run Build Command(s):/usr/bin/make cmTC_3f35a/fast && /usr/bin/make -f CMakeFiles/cmTC_3f35a.dir/build.make CMakeFiles/cmTC_3f35a.dir/build
make[1]: Entering directory '/workspace/build-catamaran-3.4.0/CMakeFiles/CMakeTmp'
Building CXX object CMakeFiles/cmTC_3f35a.dir/src.cxx.o
/usr/bin/g++-7    -std=c++11 -DSUPPORTS_NO_VARIADIC_MACROS_FLAG   -Wno-variadic-macros -o CMakeFiles/cmTC_3f35a.dir/src.cxx.o -c /workspace/build-catamaran-3.4.0/CMakeFiles/CMakeTmp/src.cxx
Linking CXX executable cmTC_3f35a
/usr/bin/cmake -E cmake_link_script CMakeFiles/cmTC_3f35a.dir/link.txt --verbose=1
/usr/bin/g++-7   -std=c++11 -DSUPPORTS_NO_VARIADIC_MACROS_FLAG    -rdynamic CMakeFiles/cmTC_3f35a.dir/src.cxx.o  -o cmTC_3f35a  -lm 
make[1]: Leaving directory '/workspace/build-catamaran-3.4.0/CMakeFiles/CMakeTmp'


Source file was:
int main() { return 0; }
Performing C++ SOURCE FILE Test HAS_MAYBE_UNINITIALIZED succeeded with the following output:
Change Dir: /workspace/build-catamaran-3.4.0/CMakeFiles/CMakeTmp

Run Build Command(s):/usr/bin/make cmTC_7077e/fast && /usr/bin/make -f CMakeFiles/cmTC_7077e.dir/build.make CMakeFiles/cmTC_7077e.dir/build
make[1]: Entering directory '/workspace/build-catamaran-3.4.0/CMakeFiles/CMakeTmp'
Building CXX object CMakeFiles/cmTC_7077e.dir/src.cxx.o
/usr/bin/g++-7    -std=c++11 -DHAS_MAYBE_UNINITIALIZED   -Wmaybe-uninitialized -o CMakeFiles/cmTC_7077e.dir/src.cxx.o -c /workspace/build-catamaran-3.4.0/CMakeFiles/CMakeTmp/src.cxx
Linking CXX executable cmTC_7077e
/usr/bin/cmake -E cmake_link_script CMakeFiles/cmTC_7077e.dir/link.txt --verbose=1
/usr/bin/g++-7   -std=c++11 -DHAS_MAYBE_UNINITIALIZED    -rdynamic CMakeFiles/cmTC_7077e.dir/src.cxx.o  -o cmTC_7077e  -lm 
make[1]: Leaving directory '/workspace/build-catamaran-3.4.0/CMakeFiles/CMakeTmp'


Source file was:
int main() { return 0; }
Performing C SOURCE FILE Test C_SUPPORTS_FLAG succeeded with the following output:
Change Dir: /workspace/build-catamaran-3.4.0/CMakeFiles/CMakeTmp

Run Build Command(s):/usr/bin/make cmTC_0154d/fast && /usr/bin/make -f CMakeFiles/cmTC_0154d.dir/build.make CMakeFiles/cmTC_0154d.dir/build
make[1]: Entering directory '/workspace/build-catamaran-3.4.0/CMakeFiles/CMakeTmp'
Building C object CMakeFiles/cmTC_0154d.dir/src.c.o
/usr/bin/gcc-7   -DC_SUPPORTS_FLAG   -fPIC -o CMakeFiles/cmTC_0154d.dir/src.c.o   -c /workspace/build-catamaran-3.4.0/CMakeFiles/CMakeTmp/src.c
Linking C executable cmTC_0154d
/usr/bin/cmake -E cmake_link_script CMakeFiles/cmTC_0154d.dir/link.txt --verbose=1
/usr/bin/gcc-7  -DC_SUPPORTS_FLAG    -rdynamic CMakeFiles/cmTC_0154d.dir/src.c.o  -o cmTC_0154d  -lm 
make[1]: Leaving directory '/workspace/build-catamaran-3.4.0/CMakeFiles/CMakeTmp'


Source file was:
int main(void) { return 0; }
Performing C++ SOURCE FILE Test CXX_SUPPORTS_FLAG succeeded with the following output:
Change Dir: /workspace/build-catamaran-3.4.0/CMakeFiles/CMakeTmp

Run Build Command(s):/usr/bin/make cmTC_bca0a/fast && /usr/bin/make -f CMakeFiles/cmTC_bca0a.dir/build.make CMakeFiles/cmTC_bca0a.dir/build
make[1]: Entering directory '/workspace/build-catamaran-3.4.0/CMakeFiles/CMakeTmp'
Building CXX object CMakeFiles/cmTC_bca0a.dir/src.cxx.o
/usr/bin/g++-7    -std=c++11 -DCXX_SUPPORTS_FLAG   -fPIC -o CMakeFiles/cmTC_bca0a.dir/src.cxx.o -c /workspace/build-catamaran-3.4.0/CMakeFiles/CMakeTmp/src.cxx
Linking CXX executable cmTC_bca0a
/usr/bin/cmake -E cmake_link_script CMakeFiles/cmTC_bca0a.dir/link.txt --verbose=1
/usr/bin/g++-7   -std=c++11 -DCXX_SUPPORTS_FLAG    -rdynamic CMakeFiles/cmTC_bca0a.dir/src.cxx.o  -o cmTC_bca0a  -lm 
make[1]: Leaving directory '/workspace/build-catamaran-3.4.0/CMakeFiles/CMakeTmp'


Source file was:
int main() { return 0; }
Performing C++ SOURCE FILE Test SUPPORTS_FVISIBILITY_INLINES_HIDDEN_FLAG succeeded with the following output:
Change Dir: /workspace/build-catamaran-3.4.0/CMakeFiles/CMakeTmp

Run Build Command(s):/usr/bin/make cmTC_8b0d5/fast && /usr/bin/make -f CMakeFiles/cmTC_8b0d5.dir/build.make CMakeFiles/cmTC_8b0d5.dir/build
make[1]: Entering directory '/workspace/build-catamaran-3.4.0/CMakeFiles/CMakeTmp'
Building CXX object CMakeFiles/cmTC_8b0d5.dir/src.cxx.o
/usr/bin/g++-7    -std=c++11 -fPIC -DSUPPORTS_FVISIBILITY_INLINES_HIDDEN_FLAG   -fvisibility-inlines-hidden -o CMakeFiles/cmTC_8b0d5.dir/src.cxx.o -c /workspace/build-catamaran-3.4.0/CMakeFiles/CMakeTmp/src.cxx
Linking CXX executable cmTC_8b0d5
/usr/bin/cmake -E cmake_link_script CMakeFiles/cmTC_8b0d5.dir/link.txt --verbose=1
/usr/bin/g++-7   -std=c++11 -fPIC -DSUPPORTS_FVISIBILITY_INLINES_HIDDEN_FLAG    -rdynamic CMakeFiles/cmTC_8b0d5.dir/src.cxx.o  -o cmTC_8b0d5  -lm 
make[1]: Leaving directory '/workspace/build-catamaran-3.4.0/CMakeFiles/CMakeTmp'


Source file was:
int main() { return 0; }
Performing C++ SOURCE FILE Test CXX_SUPPORTS_MISSING_FIELD_INITIALIZERS_FLAG succeeded with the following output:
Change Dir: /workspace/build-catamaran-3.4.0/CMakeFiles/CMakeTmp

Run Build Command(s):/usr/bin/make cmTC_56988/fast && /usr/bin/make -f CMakeFiles/cmTC_56988.dir/build.make CMakeFiles/cmTC_56988.dir/build
make[1]: Entering directory '/workspace/build-catamaran-3.4.0/CMakeFiles/CMakeTmp'
Building CXX object CMakeFiles/cmTC_56988.dir/src.cxx.o
/usr/bin/g++-7    -std=c++11 -fPIC -fvisibility-inlines-hidden -Wall -W -Wno-unused-parameter -Wwrite-strings -DCXX_SUPPORTS_MISSING_FIELD_INITIALIZERS_FLAG   -Wmissing-field-initializers -o CMakeFiles/cmTC_56988.dir/src.cxx.o -c /workspace/build-catamaran-3.4.0/CMakeFiles/CMakeTmp/src.cxx
Linking CXX executable cmTC_56988
/usr/bin/cmake -E cmake_link_script CMakeFiles/cmTC_56988.dir/link.txt --verbose=1
/usr/bin/g++-7   -std=c++11 -fPIC -fvisibility-inlines-hidden -Wall -W -Wno-unused-parameter -Wwrite-strings -DCXX_SUPPORTS_MISSING_FIELD_INITIALIZERS_FLAG    -rdynamic CMakeFiles/cmTC_56988.dir/src.cxx.o  -o cmTC_56988  -lm 
make[1]: Leaving directory '/workspace/build-catamaran-3.4.0/CMakeFiles/CMakeTmp'


Source file was:
int main() { return 0; }
Performing C++ SOURCE FILE Test CXX_SUPPORTS_NON_VIRTUAL_DTOR_FLAG succeeded with the following output:
Change Dir: /workspace/build-catamaran-3.4.0/CMakeFiles/CMakeTmp

Run Build Command(s):/usr/bin/make cmTC_33720/fast && /usr/bin/make -f CMakeFiles/cmTC_33720.dir/build.make CMakeFiles/cmTC_33720.dir/build
make[1]: Entering directory '/workspace/build-catamaran-3.4.0/CMakeFiles/CMakeTmp'
Building CXX object CMakeFiles/cmTC_33720.dir/src.cxx.o
/usr/bin/g++-7    -std=c++11 -fPIC -fvisibility-inlines-hidden -Wall -W -Wno-unused-parameter -Wwrite-strings -Wno-missing-field-initializers -pedantic -Wno-long-long -Wno-maybe-uninitialized -DCXX_SUPPORTS_NON_VIRTUAL_DTOR_FLAG   -Werror -Wnon-virtual-dtor -o CMakeFiles/cmTC_33720.dir/src.cxx.o -c /workspace/build-catamaran-3.4.0/CMakeFiles/CMakeTmp/src.cxx
Linking CXX executable cmTC_33720
/usr/bin/cmake -E cmake_link_script CMakeFiles/cmTC_33720.dir/link.txt --verbose=1
/usr/bin/g++-7   -std=c++11 -fPIC -fvisibility-inlines-hidden -Wall -W -Wno-unused-parameter -Wwrite-strings -Wno-missing-field-initializers -pedantic -Wno-long-long -Wno-maybe-uninitialized -DCXX_SUPPORTS_NON_VIRTUAL_DTOR_FLAG    -rdynamic CMakeFiles/cmTC_33720.dir/src.cxx.o  -o cmTC_33720  -lm 
make[1]: Leaving directory '/workspace/build-catamaran-3.4.0/CMakeFiles/CMakeTmp'


Source file was:
int main() { return 0; }
Performing C++ SOURCE FILE Test SUPPORTS_NO_C99_EXTENSIONS_FLAG succeeded with the following output:
Change Dir: /workspace/build-catamaran-3.4.0/CMakeFiles/CMakeTmp

Run Build Command(s):/usr/bin/make cmTC_588ec/fast && /usr/bin/make -f CMakeFiles/cmTC_588ec.dir/build.make CMakeFiles/cmTC_588ec.dir/build
make[1]: Entering directory '/workspace/build-catamaran-3.4.0/CMakeFiles/CMakeTmp'
Building CXX object CMakeFiles/cmTC_588ec.dir/src.cxx.o
/usr/bin/g++-7    -std=c++11 -fPIC -fvisibility-inlines-hidden -Wall -W -Wno-unused-parameter -Wwrite-strings -Wno-missing-field-initializers -pedantic -Wno-long-long -Wno-maybe-uninitialized -Wnon-virtual-dtor -DSUPPORTS_NO_C99_EXTENSIONS_FLAG   -Wno-c99-extensions -o CMakeFiles/cmTC_588ec.dir/src.cxx.o -c /workspace/build-catamaran-3.4.0/CMakeFiles/CMakeTmp/src.cxx
Linking CXX executable cmTC_588ec
/usr/bin/cmake -E cmake_link_script CMakeFiles/cmTC_588ec.dir/link.txt --verbose=1
/usr/bin/g++-7   -std=c++11 -fPIC -fvisibility-inlines-hidden -Wall -W -Wno-unused-parameter -Wwrite-strings -Wno-missing-field-initializers -pedantic -Wno-long-long -Wno-maybe-uninitialized -Wnon-virtual-dtor -DSUPPORTS_NO_C99_EXTENSIONS_FLAG    -rdynamic CMakeFiles/cmTC_588ec.dir/src.cxx.o  -o cmTC_588ec  -lm 
make[1]: Leaving directory '/workspace/build-catamaran-3.4.0/CMakeFiles/CMakeTmp'


Source file was:
int main() { return 0; }
Performing C++ SOURCE FILE Test SUPPORTS_NO_NON_VIRTUAL_DTOR_FLAG succeeded with the following output:
Change Dir: /workspace/build-catamaran-3.4.0/CMakeFiles/CMakeTmp

Run Build Command(s):/usr/bin/make cmTC_a4fc1/fast && /usr/bin/make -f CMakeFiles/cmTC_a4fc1.dir/build.make CMakeFiles/cmTC_a4fc1.dir/build
make[1]: Entering directory '/workspace/build-catamaran-3.4.0/CMakeFiles/CMakeTmp'
Building CXX object CMakeFiles/cmTC_a4fc1.dir/src.cxx.o
/usr/bin/g++-7    -std=c++11 -fPIC -fvisibility-inlines-hidden -Wall -W -Wno-unused-parameter -Wwrite-strings -Wno-missing-field-initializers -pedantic -Wno-long-long -Wno-maybe-uninitialized -Wnon-virtual-dtor -DSUPPORTS_NO_NON_VIRTUAL_DTOR_FLAG   -Wno-non-virtual-dtor -o CMakeFiles/cmTC_a4fc1.dir/src.cxx.o -c /workspace/build-catamaran-3.4.0/CMakeFiles/CMakeTmp/src.cxx
Linking CXX executable cmTC_a4fc1
/usr/bin/cmake -E cmake_link_script CMakeFiles/cmTC_a4fc1.dir/link.txt --verbose=1
/usr/bin/g++-7   -std=c++11 -fPIC -fvisibility-inlines-hidden -Wall -W -Wno-unused-parameter -Wwrite-strings -Wno-missing-field-initializers -pedantic -Wno-long-long -Wno-maybe-uninitialized -Wnon-virtual-dtor -DSUPPORTS_NO_NON_VIRTUAL_DTOR_FLAG    -rdynamic CMakeFiles/cmTC_a4fc1.dir/src.cxx.o  -o cmTC_a4fc1  -lm 
make[1]: Leaving directory '/workspace/build-catamaran-3.4.0/CMakeFiles/CMakeTmp'


Source file was:
int main() { return 0; }
