The system is: Linux - 6.6.87.2-microsoft-standard-WSL2 - x86_64
Compiling the C compiler identification source file "CMakeCCompilerId.c" succeeded.
Compiler: /usr/bin/cc 
Build flags: 
Id flags:  

The output was:
0


Compilation of the C compiler identification source "CMakeCCompilerId.c" produced "a.out"

The C compiler identification is GNU, found in "/home/rkddngpr/Catamaran_artifact_issta23/build-catamaran-3.4.0/CMakeFiles/3.22.1/CompilerIdC/a.out"

Compiling the CXX compiler identification source file "CMakeCXXCompilerId.cpp" succeeded.
Compiler: /usr/bin/c++ 
Build flags: 
Id flags:  

The output was:
0


Compilation of the CXX compiler identification source "CMakeCXXCompilerId.cpp" produced "a.out"

The CXX compiler identification is GNU, found in "/home/rkddngpr/Catamaran_artifact_issta23/build-catamaran-3.4.0/CMakeFiles/3.22.1/CompilerIdCXX/a.out"

Detecting C compiler ABI info compiled with the following output:
Change Dir: /home/rkddngpr/Catamaran_artifact_issta23/build-catamaran-3.4.0/CMakeFiles/CMakeTmp

Run Build Command(s):/usr/bin/gmake -f Makefile cmTC_e9183/fast && /usr/bin/gmake  -f CMakeFiles/cmTC_e9183.dir/build.make CMakeFiles/cmTC_e9183.dir/build
gmake[1]: Entering directory '/home/rkddngpr/Catamaran_artifact_issta23/build-catamaran-3.4.0/CMakeFiles/CMakeTmp'
Building C object CMakeFiles/cmTC_e9183.dir/CMakeCCompilerABI.c.o
/usr/bin/cc   -v -o CMakeFiles/cmTC_e9183.dir/CMakeCCompilerABI.c.o -c /usr/share/cmake-3.22/Modules/CMakeCCompilerABI.c
Using built-in specs.
COLLECT_GCC=/usr/bin/cc
OFFLOAD_TARGET_NAMES=nvptx-none:amdgcn-amdhsa
OFFLOAD_TARGET_DEFAULT=1
Target: x86_64-linux-gnu
Configured with: ../src/configure -v --with-pkgversion='Ubuntu 11.4.0-1ubuntu1~22.04.2' --with-bugurl=file:///usr/share/doc/gcc-11/README.Bugs --enable-languages=c,ada,c++,go,brig,d,fortran,objc,obj-c++,m2 --prefix=/usr --with-gcc-major-version-only --program-suffix=-11 --program-prefix=x86_64-linux-gnu- --enable-shared --enable-linker-build-id --libexecdir=/usr/lib --without-included-gettext --enable-threads=posix --libdir=/usr/lib --enable-nls --enable-bootstrap --enable-clocale=gnu --enable-libstdcxx-debug --enable-libstdcxx-time=yes --with-default-libstdcxx-abi=new --enable-gnu-unique-object --disable-vtable-verify --enable-plugin --enable-default-pie --with-system-zlib --enable-libphobos-checking=release --with-target-system-zlib=auto --enable-objc-gc=auto --enable-multiarch --disable-werror --enable-cet --with-arch-32=i686 --with-abi=m64 --with-multilib-list=m32,m64,mx32 --enable-multilib --with-tune=generic --enable-offload-targets=nvptx-none=/build/gcc-11-2Y5pKs/gcc-11-11.4.0/debian/tmp-nvptx/usr,amdgcn-amdhsa=/build/gcc-11-2Y5pKs/gcc-11-11.4.0/debian/tmp-gcn/usr --without-cuda-driver --enable-checking=release --build=x86_64-linux-gnu --host=x86_64-linux-gnu --target=x86_64-linux-gnu --with-build-config=bootstrap-lto-lean --enable-link-serialization=2
Thread model: posix
Supported LTO compression algorithms: zlib zstd
gcc version 11.4.0 (Ubuntu 11.4.0-1ubuntu1~22.04.2) 
COLLECT_GCC_OPTIONS='-v' '-o' 'CMakeFiles/cmTC_e9183.dir/CMakeCCompilerABI.c.o' '-c' '-mtune=generic' '-march=x86-64' '-dumpdir' 'CMakeFiles/cmTC_e9183.dir/'
 /usr/lib/gcc/x86_64-linux-gnu/11/cc1 -quiet -v -imultiarch x86_64-linux-gnu /usr/share/cmake-3.22/Modules/CMakeCCompilerABI.c -quiet -dumpdir CMakeFiles/cmTC_e9183.dir/ -dumpbase CMakeCCompilerABI.c.c -dumpbase-ext .c -mtune=generic -march=x86-64 -version -fasynchronous-unwind-tables -fstack-protector-strong -Wformat -Wformat-security -fstack-clash-protection -fcf-protection -o /tmp/ccfePTd7.s
GNU C17 (Ubuntu 11.4.0-1ubuntu1~22.04.2) version 11.4.0 (x86_64-linux-gnu)
	compiled by GNU C version 11.4.0, GMP version 6.2.1, MPFR version 4.1.0, MPC version 1.2.1, isl version isl-0.24-GMP

GGC heuristics: --param ggc-min-expand=100 --param ggc-min-heapsize=131072
ignoring nonexistent directory "/usr/local/include/x86_64-linux-gnu"
ignoring nonexistent directory "/usr/lib/gcc/x86_64-linux-gnu/11/include-fixed"
ignoring nonexistent directory "/usr/lib/gcc/x86_64-linux-gnu/11/../../../../x86_64-linux-gnu/include"
#include "..." search starts here:
#include <...> search starts here:
 /usr/lib/gcc/x86_64-linux-gnu/11/include
 /usr/local/include
 /usr/include/x86_64-linux-gnu
 /usr/include
End of search list.
GNU C17 (Ubuntu 11.4.0-1ubuntu1~22.04.2) version 11.4.0 (x86_64-linux-gnu)
	compiled by GNU C version 11.4.0, GMP version 6.2.1, MPFR version 4.1.0, MPC version 1.2.1, isl version isl-0.24-GMP

GGC heuristics: --param ggc-min-expand=100 --param ggc-min-heapsize=131072
Compiler executable checksum: 4011c2103cba78949d7e02d0f0047a3d
COLLECT_GCC_OPTIONS='-v' '-o' 'CMakeFiles/cmTC_e9183.dir/CMakeCCompilerABI.c.o' '-c' '-mtune=generic' '-march=x86-64' '-dumpdir' 'CMakeFiles/cmTC_e9183.dir/'
 as -v --64 -o CMakeFiles/cmTC_e9183.dir/CMakeCCompilerABI.c.o /tmp/ccfePTd7.s
GNU assembler version 2.38 (x86_64-linux-gnu) using BFD version (GNU Binutils for Ubuntu) 2.38
COMPILER_PATH=/usr/lib/gcc/x86_64-linux-gnu/11/:/usr/lib/gcc/x86_64-linux-gnu/11/:/usr/lib/gcc/x86_64-linux-gnu/:/usr/lib/gcc/x86_64-linux-gnu/11/:/usr/lib/gcc/x86_64-linux-gnu/
LIBRARY_PATH=/usr/lib/gcc/x86_64-linux-gnu/11/:/usr/lib/gcc/x86_64-linux-gnu/11/../../../x86_64-linux-gnu/:/usr/lib/gcc/x86_64-linux-gnu/11/../../../../lib/:/lib/x86_64-linux-gnu/:/lib/../lib/:/usr/lib/x86_64-linux-gnu/:/usr/lib/../lib/:/usr/lib/gcc/x86_64-linux-gnu/11/../../../:/lib/:/usr/lib/
COLLECT_GCC_OPTIONS='-v' '-o' 'CMakeFiles/cmTC_e9183.dir/CMakeCCompilerABI.c.o' '-c' '-mtune=generic' '-march=x86-64' '-dumpdir' 'CMakeFiles/cmTC_e9183.dir/CMakeCCompilerABI.c.'
Linking C executable cmTC_e9183
/usr/bin/cmake -E cmake_link_script CMakeFiles/cmTC_e9183.dir/link.txt --verbose=1
/usr/bin/cc  -v -rdynamic CMakeFiles/cmTC_e9183.dir/CMakeCCompilerABI.c.o -o cmTC_e9183 
Using built-in specs.
COLLECT_GCC=/usr/bin/cc
COLLECT_LTO_WRAPPER=/usr/lib/gcc/x86_64-linux-gnu/11/lto-wrapper
OFFLOAD_TARGET_NAMES=nvptx-none:amdgcn-amdhsa
OFFLOAD_TARGET_DEFAULT=1
Target: x86_64-linux-gnu
Configured with: ../src/configure -v --with-pkgversion='Ubuntu 11.4.0-1ubuntu1~22.04.2' --with-bugurl=file:///usr/share/doc/gcc-11/README.Bugs --enable-languages=c,ada,c++,go,brig,d,fortran,objc,obj-c++,m2 --prefix=/usr --with-gcc-major-version-only --program-suffix=-11 --program-prefix=x86_64-linux-gnu- --enable-shared --enable-linker-build-id --libexecdir=/usr/lib --without-included-gettext --enable-threads=posix --libdir=/usr/lib --enable-nls --enable-bootstrap --enable-clocale=gnu --enable-libstdcxx-debug --enable-libstdcxx-time=yes --with-default-libstdcxx-abi=new --enable-gnu-unique-object --disable-vtable-verify --enable-plugin --enable-default-pie --with-system-zlib --enable-libphobos-checking=release --with-target-system-zlib=auto --enable-objc-gc=auto --enable-multiarch --disable-werror --enable-cet --with-arch-32=i686 --with-abi=m64 --with-multilib-list=m32,m64,mx32 --enable-multilib --with-tune=generic --enable-offload-targets=nvptx-none=/build/gcc-11-2Y5pKs/gcc-11-11.4.0/debian/tmp-nvptx/usr,amdgcn-amdhsa=/build/gcc-11-2Y5pKs/gcc-11-11.4.0/debian/tmp-gcn/usr --without-cuda-driver --enable-checking=release --build=x86_64-linux-gnu --host=x86_64-linux-gnu --target=x86_64-linux-gnu --with-build-config=bootstrap-lto-lean --enable-link-serialization=2
Thread model: posix
Supported LTO compression algorithms: zlib zstd
gcc version 11.4.0 (Ubuntu 11.4.0-1ubuntu1~22.04.2) 
COMPILER_PATH=/usr/lib/gcc/x86_64-linux-gnu/11/:/usr/lib/gcc/x86_64-linux-gnu/11/:/usr/lib/gcc/x86_64-linux-gnu/:/usr/lib/gcc/x86_64-linux-gnu/11/:/usr/lib/gcc/x86_64-linux-gnu/
LIBRARY_PATH=/usr/lib/gcc/x86_64-linux-gnu/11/:/usr/lib/gcc/x86_64-linux-gnu/11/../../../x86_64-linux-gnu/:/usr/lib/gcc/x86_64-linux-gnu/11/../../../../lib/:/lib/x86_64-linux-gnu/:/lib/../lib/:/usr/lib/x86_64-linux-gnu/:/usr/lib/../lib/:/usr/lib/gcc/x86_64-linux-gnu/11/../../../:/lib/:/usr/lib/
COLLECT_GCC_OPTIONS='-v' '-rdynamic' '-o' 'cmTC_e9183' '-mtune=generic' '-march=x86-64' '-dumpdir' 'cmTC_e9183.'
 /usr/lib/gcc/x86_64-linux-gnu/11/collect2 -plugin /usr/lib/gcc/x86_64-linux-gnu/11/liblto_plugin.so -plugin-opt=/usr/lib/gcc/x86_64-linux-gnu/11/lto-wrapper -plugin-opt=-fresolution=/tmp/ccfP8Cq4.res -plugin-opt=-pass-through=-lgcc -plugin-opt=-pass-through=-lgcc_s -plugin-opt=-pass-through=-lc -plugin-opt=-pass-through=-lgcc -plugin-opt=-pass-through=-lgcc_s --build-id --eh-frame-hdr -m elf_x86_64 --hash-style=gnu --as-needed -export-dynamic -dynamic-linker /lib64/ld-linux-x86-64.so.2 -pie -z now -z relro -o cmTC_e9183 /usr/lib/gcc/x86_64-linux-gnu/11/../../../x86_64-linux-gnu/Scrt1.o /usr/lib/gcc/x86_64-linux-gnu/11/../../../x86_64-linux-gnu/crti.o /usr/lib/gcc/x86_64-linux-gnu/11/crtbeginS.o -L/usr/lib/gcc/x86_64-linux-gnu/11 -L/usr/lib/gcc/x86_64-linux-gnu/11/../../../x86_64-linux-gnu -L/usr/lib/gcc/x86_64-linux-gnu/11/../../../../lib -L/lib/x86_64-linux-gnu -L/lib/../lib -L/usr/lib/x86_64-linux-gnu -L/usr/lib/../lib -L/usr/lib/gcc/x86_64-linux-gnu/11/../../.. CMakeFiles/cmTC_e9183.dir/CMakeCCompilerABI.c.o -lgcc --push-state --as-needed -lgcc_s --pop-state -lc -lgcc --push-state --as-needed -lgcc_s --pop-state /usr/lib/gcc/x86_64-linux-gnu/11/crtendS.o /usr/lib/gcc/x86_64-linux-gnu/11/../../../x86_64-linux-gnu/crtn.o
COLLECT_GCC_OPTIONS='-v' '-rdynamic' '-o' 'cmTC_e9183' '-mtune=generic' '-march=x86-64' '-dumpdir' 'cmTC_e9183.'
gmake[1]: Leaving directory '/home/rkddngpr/Catamaran_artifact_issta23/build-catamaran-3.4.0/CMakeFiles/CMakeTmp'



Parsed C implicit include dir info from above output: rv=done
  found start of include info
  found start of implicit include info
    add: [/usr/lib/gcc/x86_64-linux-gnu/11/include]
    add: [/usr/local/include]
    add: [/usr/include/x86_64-linux-gnu]
    add: [/usr/include]
  end of search list found
  collapse include dir [/usr/lib/gcc/x86_64-linux-gnu/11/include] ==> [/usr/lib/gcc/x86_64-linux-gnu/11/include]
  collapse include dir [/usr/local/include] ==> [/usr/local/include]
  collapse include dir [/usr/include/x86_64-linux-gnu] ==> [/usr/include/x86_64-linux-gnu]
  collapse include dir [/usr/include] ==> [/usr/include]
  implicit include dirs: [/usr/lib/gcc/x86_64-linux-gnu/11/include;/usr/local/include;/usr/include/x86_64-linux-gnu;/usr/include]


Parsed C implicit link information from above output:
  link line regex: [^( *|.*[/\])(ld|CMAKE_LINK_STARTFILE-NOTFOUND|([^/\]+-)?ld|collect2)[^/\]*( |$)]
  ignore line: [Change Dir: /home/rkddngpr/Catamaran_artifact_issta23/build-catamaran-3.4.0/CMakeFiles/CMakeTmp]
  ignore line: []
  ignore line: [Run Build Command(s):/usr/bin/gmake -f Makefile cmTC_e9183/fast && /usr/bin/gmake  -f CMakeFiles/cmTC_e9183.dir/build.make CMakeFiles/cmTC_e9183.dir/build]
  ignore line: [gmake[1]: Entering directory '/home/rkddngpr/Catamaran_artifact_issta23/build-catamaran-3.4.0/CMakeFiles/CMakeTmp']
  ignore line: [Building C object CMakeFiles/cmTC_e9183.dir/CMakeCCompilerABI.c.o]
  ignore line: [/usr/bin/cc   -v -o CMakeFiles/cmTC_e9183.dir/CMakeCCompilerABI.c.o -c /usr/share/cmake-3.22/Modules/CMakeCCompilerABI.c]
  ignore line: [Using built-in specs.]
  ignore line: [COLLECT_GCC=/usr/bin/cc]
  ignore line: [OFFLOAD_TARGET_NAMES=nvptx-none:amdgcn-amdhsa]
  ignore line: [OFFLOAD_TARGET_DEFAULT=1]
  ignore line: [Target: x86_64-linux-gnu]
  ignore line: [Configured with: ../src/configure -v --with-pkgversion='Ubuntu 11.4.0-1ubuntu1~22.04.2' --with-bugurl=file:///usr/share/doc/gcc-11/README.Bugs --enable-languages=c ada c++ go brig d fortran objc obj-c++ m2 --prefix=/usr --with-gcc-major-version-only --program-suffix=-11 --program-prefix=x86_64-linux-gnu- --enable-shared --enable-linker-build-id --libexecdir=/usr/lib --without-included-gettext --enable-threads=posix --libdir=/usr/lib --enable-nls --enable-bootstrap --enable-clocale=gnu --enable-libstdcxx-debug --enable-libstdcxx-time=yes --with-default-libstdcxx-abi=new --enable-gnu-unique-object --disable-vtable-verify --enable-plugin --enable-default-pie --with-system-zlib --enable-libphobos-checking=release --with-target-system-zlib=auto --enable-objc-gc=auto --enable-multiarch --disable-werror --enable-cet --with-arch-32=i686 --with-abi=m64 --with-multilib-list=m32 m64 mx32 --enable-multilib --with-tune=generic --enable-offload-targets=nvptx-none=/build/gcc-11-2Y5pKs/gcc-11-11.4.0/debian/tmp-nvptx/usr amdgcn-amdhsa=/build/gcc-11-2Y5pKs/gcc-11-11.4.0/debian/tmp-gcn/usr --without-cuda-driver --enable-checking=release --build=x86_64-linux-gnu --host=x86_64-linux-gnu --target=x86_64-linux-gnu --with-build-config=bootstrap-lto-lean --enable-link-serialization=2]
  ignore line: [Thread model: posix]
  ignore line: [Supported LTO compression algorithms: zlib zstd]
  ignore line: [gcc version 11.4.0 (Ubuntu 11.4.0-1ubuntu1~22.04.2) ]
  ignore line: [COLLECT_GCC_OPTIONS='-v' '-o' 'CMakeFiles/cmTC_e9183.dir/CMakeCCompilerABI.c.o' '-c' '-mtune=generic' '-march=x86-64' '-dumpdir' 'CMakeFiles/cmTC_e9183.dir/']
  ignore line: [ /usr/lib/gcc/x86_64-linux-gnu/11/cc1 -quiet -v -imultiarch x86_64-linux-gnu /usr/share/cmake-3.22/Modules/CMakeCCompilerABI.c -quiet -dumpdir CMakeFiles/cmTC_e9183.dir/ -dumpbase CMakeCCompilerABI.c.c -dumpbase-ext .c -mtune=generic -march=x86-64 -version -fasynchronous-unwind-tables -fstack-protector-strong -Wformat -Wformat-security -fstack-clash-protection -fcf-protection -o /tmp/ccfePTd7.s]
  ignore line: [GNU C17 (Ubuntu 11.4.0-1ubuntu1~22.04.2) version 11.4.0 (x86_64-linux-gnu)]
  ignore line: [	compiled by GNU C version 11.4.0  GMP version 6.2.1  MPFR version 4.1.0  MPC version 1.2.1  isl version isl-0.24-GMP]
  ignore line: []
  ignore line: [GGC heuristics: --param ggc-min-expand=100 --param ggc-min-heapsize=131072]
  ignore line: [ignoring nonexistent directory "/usr/local/include/x86_64-linux-gnu"]
  ignore line: [ignoring nonexistent directory "/usr/lib/gcc/x86_64-linux-gnu/11/include-fixed"]
  ignore line: [ignoring nonexistent directory "/usr/lib/gcc/x86_64-linux-gnu/11/../../../../x86_64-linux-gnu/include"]
  ignore line: [#include "..." search starts here:]
  ignore line: [#include <...> search starts here:]
  ignore line: [ /usr/lib/gcc/x86_64-linux-gnu/11/include]
  ignore line: [ /usr/local/include]
  ignore line: [ /usr/include/x86_64-linux-gnu]
  ignore line: [ /usr/include]
  ignore line: [End of search list.]
  ignore line: [GNU C17 (Ubuntu 11.4.0-1ubuntu1~22.04.2) version 11.4.0 (x86_64-linux-gnu)]
  ignore line: [	compiled by GNU C version 11.4.0  GMP version 6.2.1  MPFR version 4.1.0  MPC version 1.2.1  isl version isl-0.24-GMP]
  ignore line: []
  ignore line: [GGC heuristics: --param ggc-min-expand=100 --param ggc-min-heapsize=131072]
  ignore line: [Compiler executable checksum: 4011c2103cba78949d7e02d0f0047a3d]
  ignore line: [COLLECT_GCC_OPTIONS='-v' '-o' 'CMakeFiles/cmTC_e9183.dir/CMakeCCompilerABI.c.o' '-c' '-mtune=generic' '-march=x86-64' '-dumpdir' 'CMakeFiles/cmTC_e9183.dir/']
  ignore line: [ as -v --64 -o CMakeFiles/cmTC_e9183.dir/CMakeCCompilerABI.c.o /tmp/ccfePTd7.s]
  ignore line: [GNU assembler version 2.38 (x86_64-linux-gnu) using BFD version (GNU Binutils for Ubuntu) 2.38]
  ignore line: [COMPILER_PATH=/usr/lib/gcc/x86_64-linux-gnu/11/:/usr/lib/gcc/x86_64-linux-gnu/11/:/usr/lib/gcc/x86_64-linux-gnu/:/usr/lib/gcc/x86_64-linux-gnu/11/:/usr/lib/gcc/x86_64-linux-gnu/]
  ignore line: [LIBRARY_PATH=/usr/lib/gcc/x86_64-linux-gnu/11/:/usr/lib/gcc/x86_64-linux-gnu/11/../../../x86_64-linux-gnu/:/usr/lib/gcc/x86_64-linux-gnu/11/../../../../lib/:/lib/x86_64-linux-gnu/:/lib/../lib/:/usr/lib/x86_64-linux-gnu/:/usr/lib/../lib/:/usr/lib/gcc/x86_64-linux-gnu/11/../../../:/lib/:/usr/lib/]
  ignore line: [COLLECT_GCC_OPTIONS='-v' '-o' 'CMakeFiles/cmTC_e9183.dir/CMakeCCompilerABI.c.o' '-c' '-mtune=generic' '-march=x86-64' '-dumpdir' 'CMakeFiles/cmTC_e9183.dir/CMakeCCompilerABI.c.']
  ignore line: [Linking C executable cmTC_e9183]
  ignore line: [/usr/bin/cmake -E cmake_link_script CMakeFiles/cmTC_e9183.dir/link.txt --verbose=1]
  ignore line: [/usr/bin/cc  -v -rdynamic CMakeFiles/cmTC_e9183.dir/CMakeCCompilerABI.c.o -o cmTC_e9183 ]
  ignore line: [Using built-in specs.]
  ignore line: [COLLECT_GCC=/usr/bin/cc]
  ignore line: [COLLECT_LTO_WRAPPER=/usr/lib/gcc/x86_64-linux-gnu/11/lto-wrapper]
  ignore line: [OFFLOAD_TARGET_NAMES=nvptx-none:amdgcn-amdhsa]
  ignore line: [OFFLOAD_TARGET_DEFAULT=1]
  ignore line: [Target: x86_64-linux-gnu]
  ignore line: [Configured with: ../src/configure -v --with-pkgversion='Ubuntu 11.4.0-1ubuntu1~22.04.2' --with-bugurl=file:///usr/share/doc/gcc-11/README.Bugs --enable-languages=c ada c++ go brig d fortran objc obj-c++ m2 --prefix=/usr --with-gcc-major-version-only --program-suffix=-11 --program-prefix=x86_64-linux-gnu- --enable-shared --enable-linker-build-id --libexecdir=/usr/lib --without-included-gettext --enable-threads=posix --libdir=/usr/lib --enable-nls --enable-bootstrap --enable-clocale=gnu --enable-libstdcxx-debug --enable-libstdcxx-time=yes --with-default-libstdcxx-abi=new --enable-gnu-unique-object --disable-vtable-verify --enable-plugin --enable-default-pie --with-system-zlib --enable-libphobos-checking=release --with-target-system-zlib=auto --enable-objc-gc=auto --enable-multiarch --disable-werror --enable-cet --with-arch-32=i686 --with-abi=m64 --with-multilib-list=m32 m64 mx32 --enable-multilib --with-tune=generic --enable-offload-targets=nvptx-none=/build/gcc-11-2Y5pKs/gcc-11-11.4.0/debian/tmp-nvptx/usr amdgcn-amdhsa=/build/gcc-11-2Y5pKs/gcc-11-11.4.0/debian/tmp-gcn/usr --without-cuda-driver --enable-checking=release --build=x86_64-linux-gnu --host=x86_64-linux-gnu --target=x86_64-linux-gnu --with-build-config=bootstrap-lto-lean --enable-link-serialization=2]
  ignore line: [Thread model: posix]
  ignore line: [Supported LTO compression algorithms: zlib zstd]
  ignore line: [gcc version 11.4.0 (Ubuntu 11.4.0-1ubuntu1~22.04.2) ]
  ignore line: [COMPILER_PATH=/usr/lib/gcc/x86_64-linux-gnu/11/:/usr/lib/gcc/x86_64-linux-gnu/11/:/usr/lib/gcc/x86_64-linux-gnu/:/usr/lib/gcc/x86_64-linux-gnu/11/:/usr/lib/gcc/x86_64-linux-gnu/]
  ignore line: [LIBRARY_PATH=/usr/lib/gcc/x86_64-linux-gnu/11/:/usr/lib/gcc/x86_64-linux-gnu/11/../../../x86_64-linux-gnu/:/usr/lib/gcc/x86_64-linux-gnu/11/../../../../lib/:/lib/x86_64-linux-gnu/:/lib/../lib/:/usr/lib/x86_64-linux-gnu/:/usr/lib/../lib/:/usr/lib/gcc/x86_64-linux-gnu/11/../../../:/lib/:/usr/lib/]
  ignore line: [COLLECT_GCC_OPTIONS='-v' '-rdynamic' '-o' 'cmTC_e9183' '-mtune=generic' '-march=x86-64' '-dumpdir' 'cmTC_e9183.']
  link line: [ /usr/lib/gcc/x86_64-linux-gnu/11/collect2 -plugin /usr/lib/gcc/x86_64-linux-gnu/11/liblto_plugin.so -plugin-opt=/usr/lib/gcc/x86_64-linux-gnu/11/lto-wrapper -plugin-opt=-fresolution=/tmp/ccfP8Cq4.res -plugin-opt=-pass-through=-lgcc -plugin-opt=-pass-through=-lgcc_s -plugin-opt=-pass-through=-lc -plugin-opt=-pass-through=-lgcc -plugin-opt=-pass-through=-lgcc_s --build-id --eh-frame-hdr -m elf_x86_64 --hash-style=gnu --as-needed -export-dynamic -dynamic-linker /lib64/ld-linux-x86-64.so.2 -pie -z now -z relro -o cmTC_e9183 /usr/lib/gcc/x86_64-linux-gnu/11/../../../x86_64-linux-gnu/Scrt1.o /usr/lib/gcc/x86_64-linux-gnu/11/../../../x86_64-linux-gnu/crti.o /usr/lib/gcc/x86_64-linux-gnu/11/crtbeginS.o -L/usr/lib/gcc/x86_64-linux-gnu/11 -L/usr/lib/gcc/x86_64-linux-gnu/11/../../../x86_64-linux-gnu -L/usr/lib/gcc/x86_64-linux-gnu/11/../../../../lib -L/lib/x86_64-linux-gnu -L/lib/../lib -L/usr/lib/x86_64-linux-gnu -L/usr/lib/../lib -L/usr/lib/gcc/x86_64-linux-gnu/11/../../.. CMakeFiles/cmTC_e9183.dir/CMakeCCompilerABI.c.o -lgcc --push-state --as-needed -lgcc_s --pop-state -lc -lgcc --push-state --as-needed -lgcc_s --pop-state /usr/lib/gcc/x86_64-linux-gnu/11/crtendS.o /usr/lib/gcc/x86_64-linux-gnu/11/../../../x86_64-linux-gnu/crtn.o]
    arg [/usr/lib/gcc/x86_64-linux-gnu/11/collect2] ==> ignore
    arg [-plugin] ==> ignore
    arg [/usr/lib/gcc/x86_64-linux-gnu/11/liblto_plugin.so] ==> ignore
    arg [-plugin-opt=/usr/lib/gcc/x86_64-linux-gnu/11/lto-wrapper] ==> ignore
    arg [-plugin-opt=-fresolution=/tmp/ccfP8Cq4.res] ==> ignore
    arg [-plugin-opt=-pass-through=-lgcc] ==> ignore
    arg [-plugin-opt=-pass-through=-lgcc_s] ==> ignore
    arg [-plugin-opt=-pass-through=-lc] ==> ignore
    arg [-plugin-opt=-pass-through=-lgcc] ==> ignore
    arg [-plugin-opt=-pass-through=-lgcc_s] ==> ignore
    arg [--build-id] ==> ignore
    arg [--eh-frame-hdr] ==> ignore
    arg [-m] ==> ignore
    arg [elf_x86_64] ==> ignore
    arg [--hash-style=gnu] ==> ignore
    arg [--as-needed] ==> ignore
    arg [-export-dynamic] ==> ignore
    arg [-dynamic-linker] ==> ignore
    arg [/lib64/ld-linux-x86-64.so.2] ==> ignore
    arg [-pie] ==> ignore
    arg [-znow] ==> ignore
    arg [-zrelro] ==> ignore
    arg [-o] ==> ignore
    arg [cmTC_e9183] ==> ignore
    arg [/usr/lib/gcc/x86_64-linux-gnu/11/../../../x86_64-linux-gnu/Scrt1.o] ==> obj [/usr/lib/gcc/x86_64-linux-gnu/11/../../../x86_64-linux-gnu/Scrt1.o]
    arg [/usr/lib/gcc/x86_64-linux-gnu/11/../../../x86_64-linux-gnu/crti.o] ==> obj [/usr/lib/gcc/x86_64-linux-gnu/11/../../../x86_64-linux-gnu/crti.o]
    arg [/usr/lib/gcc/x86_64-linux-gnu/11/crtbeginS.o] ==> obj [/usr/lib/gcc/x86_64-linux-gnu/11/crtbeginS.o]
    arg [-L/usr/lib/gcc/x86_64-linux-gnu/11] ==> dir [/usr/lib/gcc/x86_64-linux-gnu/11]
    arg [-L/usr/lib/gcc/x86_64-linux-gnu/11/../../../x86_64-linux-gnu] ==> dir [/usr/lib/gcc/x86_64-linux-gnu/11/../../../x86_64-linux-gnu]
    arg [-L/usr/lib/gcc/x86_64-linux-gnu/11/../../../../lib] ==> dir [/usr/lib/gcc/x86_64-linux-gnu/11/../../../../lib]
    arg [-L/lib/x86_64-linux-gnu] ==> dir [/lib/x86_64-linux-gnu]
    arg [-L/lib/../lib] ==> dir [/lib/../lib]
    arg [-L/usr/lib/x86_64-linux-gnu] ==> dir [/usr/lib/x86_64-linux-gnu]
    arg [-L/usr/lib/../lib] ==> dir [/usr/lib/../lib]
    arg [-L/usr/lib/gcc/x86_64-linux-gnu/11/../../..] ==> dir [/usr/lib/gcc/x86_64-linux-gnu/11/../../..]
    arg [CMakeFiles/cmTC_e9183.dir/CMakeCCompilerABI.c.o] ==> ignore
    arg [-lgcc] ==> lib [gcc]
    arg [--push-state] ==> ignore
    arg [--as-needed] ==> ignore
    arg [-lgcc_s] ==> lib [gcc_s]
    arg [--pop-state] ==> ignore
    arg [-lc] ==> lib [c]
    arg [-lgcc] ==> lib [gcc]
    arg [--push-state] ==> ignore
    arg [--as-needed] ==> ignore
    arg [-lgcc_s] ==> lib [gcc_s]
    arg [--pop-state] ==> ignore
    arg [/usr/lib/gcc/x86_64-linux-gnu/11/crtendS.o] ==> obj [/usr/lib/gcc/x86_64-linux-gnu/11/crtendS.o]
    arg [/usr/lib/gcc/x86_64-linux-gnu/11/../../../x86_64-linux-gnu/crtn.o] ==> obj [/usr/lib/gcc/x86_64-linux-gnu/11/../../../x86_64-linux-gnu/crtn.o]
  collapse obj [/usr/lib/gcc/x86_64-linux-gnu/11/../../../x86_64-linux-gnu/Scrt1.o] ==> [/usr/lib/x86_64-linux-gnu/Scrt1.o]
  collapse obj [/usr/lib/gcc/x86_64-linux-gnu/11/../../../x86_64-linux-gnu/crti.o] ==> [/usr/lib/x86_64-linux-gnu/crti.o]
  collapse obj [/usr/lib/gcc/x86_64-linux-gnu/11/../../../x86_64-linux-gnu/crtn.o] ==> [/usr/lib/x86_64-linux-gnu/crtn.o]
  collapse library dir [/usr/lib/gcc/x86_64-linux-gnu/11] ==> [/usr/lib/gcc/x86_64-linux-gnu/11]
  collapse library dir [/usr/lib/gcc/x86_64-linux-gnu/11/../../../x86_64-linux-gnu] ==> [/usr/lib/x86_64-linux-gnu]
  collapse library dir [/usr/lib/gcc/x86_64-linux-gnu/11/../../../../lib] ==> [/usr/lib]
  collapse library dir [/lib/x86_64-linux-gnu] ==> [/lib/x86_64-linux-gnu]
  collapse library dir [/lib/../lib] ==> [/lib]
  collapse library dir [/usr/lib/x86_64-linux-gnu] ==> [/usr/lib/x86_64-linux-gnu]
  collapse library dir [/usr/lib/../lib] ==> [/usr/lib]
  collapse library dir [/usr/lib/gcc/x86_64-linux-gnu/11/../../..] ==> [/usr/lib]
  implicit libs: [gcc;gcc_s;c;gcc;gcc_s]
  implicit objs: [/usr/lib/x86_64-linux-gnu/Scrt1.o;/usr/lib/x86_64-linux-gnu/crti.o;/usr/lib/gcc/x86_64-linux-gnu/11/crtbeginS.o;/usr/lib/gcc/x86_64-linux-gnu/11/crtendS.o;/usr/lib/x86_64-linux-gnu/crtn.o]
  implicit dirs: [/usr/lib/gcc/x86_64-linux-gnu/11;/usr/lib/x86_64-linux-gnu;/usr/lib;/lib/x86_64-linux-gnu;/lib]
  implicit fwks: []


Detecting CXX compiler ABI info compiled with the following output:
Change Dir: /home/rkddngpr/Catamaran_artifact_issta23/build-catamaran-3.4.0/CMakeFiles/CMakeTmp

Run Build Command(s):/usr/bin/gmake -f Makefile cmTC_4b69f/fast && /usr/bin/gmake  -f CMakeFiles/cmTC_4b69f.dir/build.make CMakeFiles/cmTC_4b69f.dir/build
gmake[1]: Entering directory '/home/rkddngpr/Catamaran_artifact_issta23/build-catamaran-3.4.0/CMakeFiles/CMakeTmp'
Building CXX object CMakeFiles/cmTC_4b69f.dir/CMakeCXXCompilerABI.cpp.o
/usr/bin/c++   -v -o CMakeFiles/cmTC_4b69f.dir/CMakeCXXCompilerABI.cpp.o -c /usr/share/cmake-3.22/Modules/CMakeCXXCompilerABI.cpp
Using built-in specs.
COLLECT_GCC=/usr/bin/c++
OFFLOAD_TARGET_NAMES=nvptx-none:amdgcn-amdhsa
OFFLOAD_TARGET_DEFAULT=1
Target: x86_64-linux-gnu
Configured with: ../src/configure -v --with-pkgversion='Ubuntu 11.4.0-1ubuntu1~22.04.2' --with-bugurl=file:///usr/share/doc/gcc-11/README.Bugs --enable-languages=c,ada,c++,go,brig,d,fortran,objc,obj-c++,m2 --prefix=/usr --with-gcc-major-version-only --program-suffix=-11 --program-prefix=x86_64-linux-gnu- --enable-shared --enable-linker-build-id --libexecdir=/usr/lib --without-included-gettext --enable-threads=posix --libdir=/usr/lib --enable-nls --enable-bootstrap --enable-clocale=gnu --enable-libstdcxx-debug --enable-libstdcxx-time=yes --with-default-libstdcxx-abi=new --enable-gnu-unique-object --disable-vtable-verify --enable-plugin --enable-default-pie --with-system-zlib --enable-libphobos-checking=release --with-target-system-zlib=auto --enable-objc-gc=auto --enable-multiarch --disable-werror --enable-cet --with-arch-32=i686 --with-abi=m64 --with-multilib-list=m32,m64,mx32 --enable-multilib --with-tune=generic --enable-offload-targets=nvptx-none=/build/gcc-11-2Y5pKs/gcc-11-11.4.0/debian/tmp-nvptx/usr,amdgcn-amdhsa=/build/gcc-11-2Y5pKs/gcc-11-11.4.0/debian/tmp-gcn/usr --without-cuda-driver --enable-checking=release --build=x86_64-linux-gnu --host=x86_64-linux-gnu --target=x86_64-linux-gnu --with-build-config=bootstrap-lto-lean --enable-link-serialization=2
Thread model: posix
Supported LTO compression algorithms: zlib zstd
gcc version 11.4.0 (Ubuntu 11.4.0-1ubuntu1~22.04.2) 
COLLECT_GCC_OPTIONS='-v' '-o' 'CMakeFiles/cmTC_4b69f.dir/CMakeCXXCompilerABI.cpp.o' '-c' '-shared-libgcc' '-mtune=generic' '-march=x86-64' '-dumpdir' 'CMakeFiles/cmTC_4b69f.dir/'
 /usr/lib/gcc/x86_64-linux-gnu/11/cc1plus -quiet -v -imultiarch x86_64-linux-gnu -D_GNU_SOURCE /usr/share/cmake-3.22/Modules/CMakeCXXCompilerABI.cpp -quiet -dumpdir CMakeFiles/cmTC_4b69f.dir/ -dumpbase CMakeCXXCompilerABI.cpp.cpp -dumpbase-ext .cpp -mtune=generic -march=x86-64 -version -fasynchronous-unwind-tables -fstack-protector-strong -Wformat -Wformat-security -fstack-clash-protection -fcf-protection -o /tmp/ccY3i9UR.s
GNU C++17 (Ubuntu 11.4.0-1ubuntu1~22.04.2) version 11.4.0 (x86_64-linux-gnu)
	compiled by GNU C version 11.4.0, GMP version 6.2.1, MPFR version 4.1.0, MPC version 1.2.1, isl version isl-0.24-GMP

GGC heuristics: --param ggc-min-expand=100 --param ggc-min-heapsize=131072
ignoring duplicate directory "/usr/include/x86_64-linux-gnu/c++/11"
ignoring nonexistent directory "/usr/local/include/x86_64-linux-gnu"
ignoring nonexistent directory "/usr/lib/gcc/x86_64-linux-gnu/11/include-fixed"
ignoring nonexistent directory "/usr/lib/gcc/x86_64-linux-gnu/11/../../../../x86_64-linux-gnu/include"
#include "..." search starts here:
#include <...> search starts here:
 /usr/include/c++/11
 /usr/include/x86_64-linux-gnu/c++/11
 /usr/include/c++/11/backward
 /usr/lib/gcc/x86_64-linux-gnu/11/include
 /usr/local/include
 /usr/include/x86_64-linux-gnu
 /usr/include
End of search list.
GNU C++17 (Ubuntu 11.4.0-1ubuntu1~22.04.2) version 11.4.0 (x86_64-linux-gnu)
	compiled by GNU C version 11.4.0, GMP version 6.2.1, MPFR version 4.1.0, MPC version 1.2.1, isl version isl-0.24-GMP

GGC heuristics: --param ggc-min-expand=100 --param ggc-min-heapsize=131072
Compiler executable checksum: 6c87588fc345655b93b8c25f48f88886
COLLECT_GCC_OPTIONS='-v' '-o' 'CMakeFiles/cmTC_4b69f.dir/CMakeCXXCompilerABI.cpp.o' '-c' '-shared-libgcc' '-mtune=generic' '-march=x86-64' '-dumpdir' 'CMakeFiles/cmTC_4b69f.dir/'
 as -v --64 -o CMakeFiles/cmTC_4b69f.dir/CMakeCXXCompilerABI.cpp.o /tmp/ccY3i9UR.s
GNU assembler version 2.38 (x86_64-linux-gnu) using BFD version (GNU Binutils for Ubuntu) 2.38
COMPILER_PATH=/usr/lib/gcc/x86_64-linux-gnu/11/:/usr/lib/gcc/x86_64-linux-gnu/11/:/usr/lib/gcc/x86_64-linux-gnu/:/usr/lib/gcc/x86_64-linux-gnu/11/:/usr/lib/gcc/x86_64-linux-gnu/
LIBRARY_PATH=/usr/lib/gcc/x86_64-linux-gnu/11/:/usr/lib/gcc/x86_64-linux-gnu/11/../../../x86_64-linux-gnu/:/usr/lib/gcc/x86_64-linux-gnu/11/../../../../lib/:/lib/x86_64-linux-gnu/:/lib/../lib/:/usr/lib/x86_64-linux-gnu/:/usr/lib/../lib/:/usr/lib/gcc/x86_64-linux-gnu/11/../../../:/lib/:/usr/lib/
COLLECT_GCC_OPTIONS='-v' '-o' 'CMakeFiles/cmTC_4b69f.dir/CMakeCXXCompilerABI.cpp.o' '-c' '-shared-libgcc' '-mtune=generic' '-march=x86-64' '-dumpdir' 'CMakeFiles/cmTC_4b69f.dir/CMakeCXXCompilerABI.cpp.'
Linking CXX executable cmTC_4b69f
/usr/bin/cmake -E cmake_link_script CMakeFiles/cmTC_4b69f.dir/link.txt --verbose=1
/usr/bin/c++  -v -rdynamic CMakeFiles/cmTC_4b69f.dir/CMakeCXXCompilerABI.cpp.o -o cmTC_4b69f 
Using built-in specs.
COLLECT_GCC=/usr/bin/c++
COLLECT_LTO_WRAPPER=/usr/lib/gcc/x86_64-linux-gnu/11/lto-wrapper
OFFLOAD_TARGET_NAMES=nvptx-none:amdgcn-amdhsa
OFFLOAD_TARGET_DEFAULT=1
Target: x86_64-linux-gnu
Configured with: ../src/configure -v --with-pkgversion='Ubuntu 11.4.0-1ubuntu1~22.04.2' --with-bugurl=file:///usr/share/doc/gcc-11/README.Bugs --enable-languages=c,ada,c++,go,brig,d,fortran,objc,obj-c++,m2 --prefix=/usr --with-gcc-major-version-only --program-suffix=-11 --program-prefix=x86_64-linux-gnu- --enable-shared --enable-linker-build-id --libexecdir=/usr/lib --without-included-gettext --enable-threads=posix --libdir=/usr/lib --enable-nls --enable-bootstrap --enable-clocale=gnu --enable-libstdcxx-debug --enable-libstdcxx-time=yes --with-default-libstdcxx-abi=new --enable-gnu-unique-object --disable-vtable-verify --enable-plugin --enable-default-pie --with-system-zlib --enable-libphobos-checking=release --with-target-system-zlib=auto --enable-objc-gc=auto --enable-multiarch --disable-werror --enable-cet --with-arch-32=i686 --with-abi=m64 --with-multilib-list=m32,m64,mx32 --enable-multilib --with-tune=generic --enable-offload-targets=nvptx-none=/build/gcc-11-2Y5pKs/gcc-11-11.4.0/debian/tmp-nvptx/usr,amdgcn-amdhsa=/build/gcc-11-2Y5pKs/gcc-11-11.4.0/debian/tmp-gcn/usr --without-cuda-driver --enable-checking=release --build=x86_64-linux-gnu --host=x86_64-linux-gnu --target=x86_64-linux-gnu --with-build-config=bootstrap-lto-lean --enable-link-serialization=2
Thread model: posix
Supported LTO compression algorithms: zlib zstd
gcc version 11.4.0 (Ubuntu 11.4.0-1ubuntu1~22.04.2) 
COMPILER_PATH=/usr/lib/gcc/x86_64-linux-gnu/11/:/usr/lib/gcc/x86_64-linux-gnu/11/:/usr/lib/gcc/x86_64-linux-gnu/:/usr/lib/gcc/x86_64-linux-gnu/11/:/usr/lib/gcc/x86_64-linux-gnu/
LIBRARY_PATH=/usr/lib/gcc/x86_64-linux-gnu/11/:/usr/lib/gcc/x86_64-linux-gnu/11/../../../x86_64-linux-gnu/:/usr/lib/gcc/x86_64-linux-gnu/11/../../../../lib/:/lib/x86_64-linux-gnu/:/lib/../lib/:/usr/lib/x86_64-linux-gnu/:/usr/lib/../lib/:/usr/lib/gcc/x86_64-linux-gnu/11/../../../:/lib/:/usr/lib/
COLLECT_GCC_OPTIONS='-v' '-rdynamic' '-o' 'cmTC_4b69f' '-shared-libgcc' '-mtune=generic' '-march=x86-64' '-dumpdir' 'cmTC_4b69f.'
 /usr/lib/gcc/x86_64-linux-gnu/11/collect2 -plugin /usr/lib/gcc/x86_64-linux-gnu/11/liblto_plugin.so -plugin-opt=/usr/lib/gcc/x86_64-linux-gnu/11/lto-wrapper -plugin-opt=-fresolution=/tmp/cc5TMRIr.res -plugin-opt=-pass-through=-lgcc_s -plugin-opt=-pass-through=-lgcc -plugin-opt=-pass-through=-lc -plugin-opt=-pass-through=-lgcc_s -plugin-opt=-pass-through=-lgcc --build-id --eh-frame-hdr -m elf_x86_64 --hash-style=gnu --as-needed -export-dynamic -dynamic-linker /lib64/ld-linux-x86-64.so.2 -pie -z now -z relro -o cmTC_4b69f /usr/lib/gcc/x86_64-linux-gnu/11/../../../x86_64-linux-gnu/Scrt1.o /usr/lib/gcc/x86_64-linux-gnu/11/../../../x86_64-linux-gnu/crti.o /usr/lib/gcc/x86_64-linux-gnu/11/crtbeginS.o -L/usr/lib/gcc/x86_64-linux-gnu/11 -L/usr/lib/gcc/x86_64-linux-gnu/11/../../../x86_64-linux-gnu -L/usr/lib/gcc/x86_64-linux-gnu/11/../../../../lib -L/lib/x86_64-linux-gnu -L/lib/../lib -L/usr/lib/x86_64-linux-gnu -L/usr/lib/../lib -L/usr/lib/gcc/x86_64-linux-gnu/11/../../.. CMakeFiles/cmTC_4b69f.dir/CMakeCXXCompilerABI.cpp.o -lstdc++ -lm -lgcc_s -lgcc -lc -lgcc_s -lgcc /usr/lib/gcc/x86_64-linux-gnu/11/crtendS.o /usr/lib/gcc/x86_64-linux-gnu/11/../../../x86_64-linux-gnu/crtn.o
COLLECT_GCC_OPTIONS='-v' '-rdynamic' '-o' 'cmTC_4b69f' '-shared-libgcc' '-mtune=generic' '-march=x86-64' '-dumpdir' 'cmTC_4b69f.'
gmake[1]: Leaving directory '/home/rkddngpr/Catamaran_artifact_issta23/build-catamaran-3.4.0/CMakeFiles/CMakeTmp'



Parsed CXX implicit include dir info from above output: rv=done
  found start of include info
  found start of implicit include info
    add: [/usr/include/c++/11]
    add: [/usr/include/x86_64-linux-gnu/c++/11]
    add: [/usr/include/c++/11/backward]
    add: [/usr/lib/gcc/x86_64-linux-gnu/11/include]
    add: [/usr/local/include]
    add: [/usr/include/x86_64-linux-gnu]
    add: [/usr/include]
  end of search list found
  collapse include dir [/usr/include/c++/11] ==> [/usr/include/c++/11]
  collapse include dir [/usr/include/x86_64-linux-gnu/c++/11] ==> [/usr/include/x86_64-linux-gnu/c++/11]
  collapse include dir [/usr/include/c++/11/backward] ==> [/usr/include/c++/11/backward]
  collapse include dir [/usr/lib/gcc/x86_64-linux-gnu/11/include] ==> [/usr/lib/gcc/x86_64-linux-gnu/11/include]
  collapse include dir [/usr/local/include] ==> [/usr/local/include]
  collapse include dir [/usr/include/x86_64-linux-gnu] ==> [/usr/include/x86_64-linux-gnu]
  collapse include dir [/usr/include] ==> [/usr/include]
  implicit include dirs: [/usr/include/c++/11;/usr/include/x86_64-linux-gnu/c++/11;/usr/include/c++/11/backward;/usr/lib/gcc/x86_64-linux-gnu/11/include;/usr/local/include;/usr/include/x86_64-linux-gnu;/usr/include]


Parsed CXX implicit link information from above output:
  link line regex: [^( *|.*[/\])(ld|CMAKE_LINK_STARTFILE-NOTFOUND|([^/\]+-)?ld|collect2)[^/\]*( |$)]
  ignore line: [Change Dir: /home/rkddngpr/Catamaran_artifact_issta23/build-catamaran-3.4.0/CMakeFiles/CMakeTmp]
  ignore line: []
  ignore line: [Run Build Command(s):/usr/bin/gmake -f Makefile cmTC_4b69f/fast && /usr/bin/gmake  -f CMakeFiles/cmTC_4b69f.dir/build.make CMakeFiles/cmTC_4b69f.dir/build]
  ignore line: [gmake[1]: Entering directory '/home/rkddngpr/Catamaran_artifact_issta23/build-catamaran-3.4.0/CMakeFiles/CMakeTmp']
  ignore line: [Building CXX object CMakeFiles/cmTC_4b69f.dir/CMakeCXXCompilerABI.cpp.o]
  ignore line: [/usr/bin/c++   -v -o CMakeFiles/cmTC_4b69f.dir/CMakeCXXCompilerABI.cpp.o -c /usr/share/cmake-3.22/Modules/CMakeCXXCompilerABI.cpp]
  ignore line: [Using built-in specs.]
  ignore line: [COLLECT_GCC=/usr/bin/c++]
  ignore line: [OFFLOAD_TARGET_NAMES=nvptx-none:amdgcn-amdhsa]
  ignore line: [OFFLOAD_TARGET_DEFAULT=1]
  ignore line: [Target: x86_64-linux-gnu]
  ignore line: [Configured with: ../src/configure -v --with-pkgversion='Ubuntu 11.4.0-1ubuntu1~22.04.2' --with-bugurl=file:///usr/share/doc/gcc-11/README.Bugs --enable-languages=c ada c++ go brig d fortran objc obj-c++ m2 --prefix=/usr --with-gcc-major-version-only --program-suffix=-11 --program-prefix=x86_64-linux-gnu- --enable-shared --enable-linker-build-id --libexecdir=/usr/lib --without-included-gettext --enable-threads=posix --libdir=/usr/lib --enable-nls --enable-bootstrap --enable-clocale=gnu --enable-libstdcxx-debug --enable-libstdcxx-time=yes --with-default-libstdcxx-abi=new --enable-gnu-unique-object --disable-vtable-verify --enable-plugin --enable-default-pie --with-system-zlib --enable-libphobos-checking=release --with-target-system-zlib=auto --enable-objc-gc=auto --enable-multiarch --disable-werror --enable-cet --with-arch-32=i686 --with-abi=m64 --with-multilib-list=m32 m64 mx32 --enable-multilib --with-tune=generic --enable-offload-targets=nvptx-none=/build/gcc-11-2Y5pKs/gcc-11-11.4.0/debian/tmp-nvptx/usr amdgcn-amdhsa=/build/gcc-11-2Y5pKs/gcc-11-11.4.0/debian/tmp-gcn/usr --without-cuda-driver --enable-checking=release --build=x86_64-linux-gnu --host=x86_64-linux-gnu --target=x86_64-linux-gnu --with-build-config=bootstrap-lto-lean --enable-link-serialization=2]
  ignore line: [Thread model: posix]
  ignore line: [Supported LTO compression algorithms: zlib zstd]
  ignore line: [gcc version 11.4.0 (Ubuntu 11.4.0-1ubuntu1~22.04.2) ]
  ignore line: [COLLECT_GCC_OPTIONS='-v' '-o' 'CMakeFiles/cmTC_4b69f.dir/CMakeCXXCompilerABI.cpp.o' '-c' '-shared-libgcc' '-mtune=generic' '-march=x86-64' '-dumpdir' 'CMakeFiles/cmTC_4b69f.dir/']
  ignore line: [ /usr/lib/gcc/x86_64-linux-gnu/11/cc1plus -quiet -v -imultiarch x86_64-linux-gnu -D_GNU_SOURCE /usr/share/cmake-3.22/Modules/CMakeCXXCompilerABI.cpp -quiet -dumpdir CMakeFiles/cmTC_4b69f.dir/ -dumpbase CMakeCXXCompilerABI.cpp.cpp -dumpbase-ext .cpp -mtune=generic -march=x86-64 -version -fasynchronous-unwind-tables -fstack-protector-strong -Wformat -Wformat-security -fstack-clash-protection -fcf-protection -o /tmp/ccY3i9UR.s]
  ignore line: [GNU C++17 (Ubuntu 11.4.0-1ubuntu1~22.04.2) version 11.4.0 (x86_64-linux-gnu)]
  ignore line: [	compiled by GNU C version 11.4.0  GMP version 6.2.1  MPFR version 4.1.0  MPC version 1.2.1  isl version isl-0.24-GMP]
  ignore line: []
  ignore line: [GGC heuristics: --param ggc-min-expand=100 --param ggc-min-heapsize=131072]
  ignore line: [ignoring duplicate directory "/usr/include/x86_64-linux-gnu/c++/11"]
  ignore line: [ignoring nonexistent directory "/usr/local/include/x86_64-linux-gnu"]
  ignore line: [ignoring nonexistent directory "/usr/lib/gcc/x86_64-linux-gnu/11/include-fixed"]
  ignore line: [ignoring nonexistent directory "/usr/lib/gcc/x86_64-linux-gnu/11/../../../../x86_64-linux-gnu/include"]
  ignore line: [#include "..." search starts here:]
  ignore line: [#include <...> search starts here:]
  ignore line: [ /usr/include/c++/11]
  ignore line: [ /usr/include/x86_64-linux-gnu/c++/11]
  ignore line: [ /usr/include/c++/11/backward]
  ignore line: [ /usr/lib/gcc/x86_64-linux-gnu/11/include]
  ignore line: [ /usr/local/include]
  ignore line: [ /usr/include/x86_64-linux-gnu]
  ignore line: [ /usr/include]
  ignore line: [End of search list.]
  ignore line: [GNU C++17 (Ubuntu 11.4.0-1ubuntu1~22.04.2) version 11.4.0 (x86_64-linux-gnu)]
  ignore line: [	compiled by GNU C version 11.4.0  GMP version 6.2.1  MPFR version 4.1.0  MPC version 1.2.1  isl version isl-0.24-GMP]
  ignore line: []
  ignore line: [GGC heuristics: --param ggc-min-expand=100 --param ggc-min-heapsize=131072]
  ignore line: [Compiler executable checksum: 6c87588fc345655b93b8c25f48f88886]
  ignore line: [COLLECT_GCC_OPTIONS='-v' '-o' 'CMakeFiles/cmTC_4b69f.dir/CMakeCXXCompilerABI.cpp.o' '-c' '-shared-libgcc' '-mtune=generic' '-march=x86-64' '-dumpdir' 'CMakeFiles/cmTC_4b69f.dir/']
  ignore line: [ as -v --64 -o CMakeFiles/cmTC_4b69f.dir/CMakeCXXCompilerABI.cpp.o /tmp/ccY3i9UR.s]
  ignore line: [GNU assembler version 2.38 (x86_64-linux-gnu) using BFD version (GNU Binutils for Ubuntu) 2.38]
  ignore line: [COMPILER_PATH=/usr/lib/gcc/x86_64-linux-gnu/11/:/usr/lib/gcc/x86_64-linux-gnu/11/:/usr/lib/gcc/x86_64-linux-gnu/:/usr/lib/gcc/x86_64-linux-gnu/11/:/usr/lib/gcc/x86_64-linux-gnu/]
  ignore line: [LIBRARY_PATH=/usr/lib/gcc/x86_64-linux-gnu/11/:/usr/lib/gcc/x86_64-linux-gnu/11/../../../x86_64-linux-gnu/:/usr/lib/gcc/x86_64-linux-gnu/11/../../../../lib/:/lib/x86_64-linux-gnu/:/lib/../lib/:/usr/lib/x86_64-linux-gnu/:/usr/lib/../lib/:/usr/lib/gcc/x86_64-linux-gnu/11/../../../:/lib/:/usr/lib/]
  ignore line: [COLLECT_GCC_OPTIONS='-v' '-o' 'CMakeFiles/cmTC_4b69f.dir/CMakeCXXCompilerABI.cpp.o' '-c' '-shared-libgcc' '-mtune=generic' '-march=x86-64' '-dumpdir' 'CMakeFiles/cmTC_4b69f.dir/CMakeCXXCompilerABI.cpp.']
  ignore line: [Linking CXX executable cmTC_4b69f]
  ignore line: [/usr/bin/cmake -E cmake_link_script CMakeFiles/cmTC_4b69f.dir/link.txt --verbose=1]
  ignore line: [/usr/bin/c++  -v -rdynamic CMakeFiles/cmTC_4b69f.dir/CMakeCXXCompilerABI.cpp.o -o cmTC_4b69f ]
  ignore line: [Using built-in specs.]
  ignore line: [COLLECT_GCC=/usr/bin/c++]
  ignore line: [COLLECT_LTO_WRAPPER=/usr/lib/gcc/x86_64-linux-gnu/11/lto-wrapper]
  ignore line: [OFFLOAD_TARGET_NAMES=nvptx-none:amdgcn-amdhsa]
  ignore line: [OFFLOAD_TARGET_DEFAULT=1]
  ignore line: [Target: x86_64-linux-gnu]
  ignore line: [Configured with: ../src/configure -v --with-pkgversion='Ubuntu 11.4.0-1ubuntu1~22.04.2' --with-bugurl=file:///usr/share/doc/gcc-11/README.Bugs --enable-languages=c ada c++ go brig d fortran objc obj-c++ m2 --prefix=/usr --with-gcc-major-version-only --program-suffix=-11 --program-prefix=x86_64-linux-gnu- --enable-shared --enable-linker-build-id --libexecdir=/usr/lib --without-included-gettext --enable-threads=posix --libdir=/usr/lib --enable-nls --enable-bootstrap --enable-clocale=gnu --enable-libstdcxx-debug --enable-libstdcxx-time=yes --with-default-libstdcxx-abi=new --enable-gnu-unique-object --disable-vtable-verify --enable-plugin --enable-default-pie --with-system-zlib --enable-libphobos-checking=release --with-target-system-zlib=auto --enable-objc-gc=auto --enable-multiarch --disable-werror --enable-cet --with-arch-32=i686 --with-abi=m64 --with-multilib-list=m32 m64 mx32 --enable-multilib --with-tune=generic --enable-offload-targets=nvptx-none=/build/gcc-11-2Y5pKs/gcc-11-11.4.0/debian/tmp-nvptx/usr amdgcn-amdhsa=/build/gcc-11-2Y5pKs/gcc-11-11.4.0/debian/tmp-gcn/usr --without-cuda-driver --enable-checking=release --build=x86_64-linux-gnu --host=x86_64-linux-gnu --target=x86_64-linux-gnu --with-build-config=bootstrap-lto-lean --enable-link-serialization=2]
  ignore line: [Thread model: posix]
  ignore line: [Supported LTO compression algorithms: zlib zstd]
  ignore line: [gcc version 11.4.0 (Ubuntu 11.4.0-1ubuntu1~22.04.2) ]
  ignore line: [COMPILER_PATH=/usr/lib/gcc/x86_64-linux-gnu/11/:/usr/lib/gcc/x86_64-linux-gnu/11/:/usr/lib/gcc/x86_64-linux-gnu/:/usr/lib/gcc/x86_64-linux-gnu/11/:/usr/lib/gcc/x86_64-linux-gnu/]
  ignore line: [LIBRARY_PATH=/usr/lib/gcc/x86_64-linux-gnu/11/:/usr/lib/gcc/x86_64-linux-gnu/11/../../../x86_64-linux-gnu/:/usr/lib/gcc/x86_64-linux-gnu/11/../../../../lib/:/lib/x86_64-linux-gnu/:/lib/../lib/:/usr/lib/x86_64-linux-gnu/:/usr/lib/../lib/:/usr/lib/gcc/x86_64-linux-gnu/11/../../../:/lib/:/usr/lib/]
  ignore line: [COLLECT_GCC_OPTIONS='-v' '-rdynamic' '-o' 'cmTC_4b69f' '-shared-libgcc' '-mtune=generic' '-march=x86-64' '-dumpdir' 'cmTC_4b69f.']
  link line: [ /usr/lib/gcc/x86_64-linux-gnu/11/collect2 -plugin /usr/lib/gcc/x86_64-linux-gnu/11/liblto_plugin.so -plugin-opt=/usr/lib/gcc/x86_64-linux-gnu/11/lto-wrapper -plugin-opt=-fresolution=/tmp/cc5TMRIr.res -plugin-opt=-pass-through=-lgcc_s -plugin-opt=-pass-through=-lgcc -plugin-opt=-pass-through=-lc -plugin-opt=-pass-through=-lgcc_s -plugin-opt=-pass-through=-lgcc --build-id --eh-frame-hdr -m elf_x86_64 --hash-style=gnu --as-needed -export-dynamic -dynamic-linker /lib64/ld-linux-x86-64.so.2 -pie -z now -z relro -o cmTC_4b69f /usr/lib/gcc/x86_64-linux-gnu/11/../../../x86_64-linux-gnu/Scrt1.o /usr/lib/gcc/x86_64-linux-gnu/11/../../../x86_64-linux-gnu/crti.o /usr/lib/gcc/x86_64-linux-gnu/11/crtbeginS.o -L/usr/lib/gcc/x86_64-linux-gnu/11 -L/usr/lib/gcc/x86_64-linux-gnu/11/../../../x86_64-linux-gnu -L/usr/lib/gcc/x86_64-linux-gnu/11/../../../../lib -L/lib/x86_64-linux-gnu -L/lib/../lib -L/usr/lib/x86_64-linux-gnu -L/usr/lib/../lib -L/usr/lib/gcc/x86_64-linux-gnu/11/../../.. CMakeFiles/cmTC_4b69f.dir/CMakeCXXCompilerABI.cpp.o -lstdc++ -lm -lgcc_s -lgcc -lc -lgcc_s -lgcc /usr/lib/gcc/x86_64-linux-gnu/11/crtendS.o /usr/lib/gcc/x86_64-linux-gnu/11/../../../x86_64-linux-gnu/crtn.o]
    arg [/usr/lib/gcc/x86_64-linux-gnu/11/collect2] ==> ignore
    arg [-plugin] ==> ignore
    arg [/usr/lib/gcc/x86_64-linux-gnu/11/liblto_plugin.so] ==> ignore
    arg [-plugin-opt=/usr/lib/gcc/x86_64-linux-gnu/11/lto-wrapper] ==> ignore
    arg [-plugin-opt=-fresolution=/tmp/cc5TMRIr.res] ==> ignore
    arg [-plugin-opt=-pass-through=-lgcc_s] ==> ignore
    arg [-plugin-opt=-pass-through=-lgcc] ==> ignore
    arg [-plugin-opt=-pass-through=-lc] ==> ignore
    arg [-plugin-opt=-pass-through=-lgcc_s] ==> ignore
    arg [-plugin-opt=-pass-through=-lgcc] ==> ignore
    arg [--build-id] ==> ignore
    arg [--eh-frame-hdr] ==> ignore
    arg [-m] ==> ignore
    arg [elf_x86_64] ==> ignore
    arg [--hash-style=gnu] ==> ignore
    arg [--as-needed] ==> ignore
    arg [-export-dynamic] ==> ignore
    arg [-dynamic-linker] ==> ignore
    arg [/lib64/ld-linux-x86-64.so.2] ==> ignore
    arg [-pie] ==> ignore
    arg [-znow] ==> ignore
    arg [-zrelro] ==> ignore
    arg [-o] ==> ignore
    arg [cmTC_4b69f] ==> ignore
    arg [/usr/lib/gcc/x86_64-linux-gnu/11/../../../x86_64-linux-gnu/Scrt1.o] ==> obj [/usr/lib/gcc/x86_64-linux-gnu/11/../../../x86_64-linux-gnu/Scrt1.o]
    arg [/usr/lib/gcc/x86_64-linux-gnu/11/../../../x86_64-linux-gnu/crti.o] ==> obj [/usr/lib/gcc/x86_64-linux-gnu/11/../../../x86_64-linux-gnu/crti.o]
    arg [/usr/lib/gcc/x86_64-linux-gnu/11/crtbeginS.o] ==> obj [/usr/lib/gcc/x86_64-linux-gnu/11/crtbeginS.o]
    arg [-L/usr/lib/gcc/x86_64-linux-gnu/11] ==> dir [/usr/lib/gcc/x86_64-linux-gnu/11]
    arg [-L/usr/lib/gcc/x86_64-linux-gnu/11/../../../x86_64-linux-gnu] ==> dir [/usr/lib/gcc/x86_64-linux-gnu/11/../../../x86_64-linux-gnu]
    arg [-L/usr/lib/gcc/x86_64-linux-gnu/11/../../../../lib] ==> dir [/usr/lib/gcc/x86_64-linux-gnu/11/../../../../lib]
    arg [-L/lib/x86_64-linux-gnu] ==> dir [/lib/x86_64-linux-gnu]
    arg [-L/lib/../lib] ==> dir [/lib/../lib]
    arg [-L/usr/lib/x86_64-linux-gnu] ==> dir [/usr/lib/x86_64-linux-gnu]
    arg [-L/usr/lib/../lib] ==> dir [/usr/lib/../lib]
    arg [-L/usr/lib/gcc/x86_64-linux-gnu/11/../../..] ==> dir [/usr/lib/gcc/x86_64-linux-gnu/11/../../..]
    arg [CMakeFiles/cmTC_4b69f.dir/CMakeCXXCompilerABI.cpp.o] ==> ignore
    arg [-lstdc++] ==> lib [stdc++]
    arg [-lm] ==> lib [m]
    arg [-lgcc_s] ==> lib [gcc_s]
    arg [-lgcc] ==> lib [gcc]
    arg [-lc] ==> lib [c]
    arg [-lgcc_s] ==> lib [gcc_s]
    arg [-lgcc] ==> lib [gcc]
    arg [/usr/lib/gcc/x86_64-linux-gnu/11/crtendS.o] ==> obj [/usr/lib/gcc/x86_64-linux-gnu/11/crtendS.o]
    arg [/usr/lib/gcc/x86_64-linux-gnu/11/../../../x86_64-linux-gnu/crtn.o] ==> obj [/usr/lib/gcc/x86_64-linux-gnu/11/../../../x86_64-linux-gnu/crtn.o]
  collapse obj [/usr/lib/gcc/x86_64-linux-gnu/11/../../../x86_64-linux-gnu/Scrt1.o] ==> [/usr/lib/x86_64-linux-gnu/Scrt1.o]
  collapse obj [/usr/lib/gcc/x86_64-linux-gnu/11/../../../x86_64-linux-gnu/crti.o] ==> [/usr/lib/x86_64-linux-gnu/crti.o]
  collapse obj [/usr/lib/gcc/x86_64-linux-gnu/11/../../../x86_64-linux-gnu/crtn.o] ==> [/usr/lib/x86_64-linux-gnu/crtn.o]
  collapse library dir [/usr/lib/gcc/x86_64-linux-gnu/11] ==> [/usr/lib/gcc/x86_64-linux-gnu/11]
  collapse library dir [/usr/lib/gcc/x86_64-linux-gnu/11/../../../x86_64-linux-gnu] ==> [/usr/lib/x86_64-linux-gnu]
  collapse library dir [/usr/lib/gcc/x86_64-linux-gnu/11/../../../../lib] ==> [/usr/lib]
  collapse library dir [/lib/x86_64-linux-gnu] ==> [/lib/x86_64-linux-gnu]
  collapse library dir [/lib/../lib] ==> [/lib]
  collapse library dir [/usr/lib/x86_64-linux-gnu] ==> [/usr/lib/x86_64-linux-gnu]
  collapse library dir [/usr/lib/../lib] ==> [/usr/lib]
  collapse library dir [/usr/lib/gcc/x86_64-linux-gnu/11/../../..] ==> [/usr/lib]
  implicit libs: [stdc++;m;gcc_s;gcc;c;gcc_s;gcc]
  implicit objs: [/usr/lib/x86_64-linux-gnu/Scrt1.o;/usr/lib/x86_64-linux-gnu/crti.o;/usr/lib/gcc/x86_64-linux-gnu/11/crtbeginS.o;/usr/lib/gcc/x86_64-linux-gnu/11/crtendS.o;/usr/lib/x86_64-linux-gnu/crtn.o]
  implicit dirs: [/usr/lib/gcc/x86_64-linux-gnu/11;/usr/lib/x86_64-linux-gnu;/usr/lib;/lib/x86_64-linux-gnu;/lib]
  implicit fwks: []


Performing C++ SOURCE FILE Test COMPILER_SUPPORTS_CXX11 succeeded with the following output:
Change Dir: /home/rkddngpr/Catamaran_artifact_issta23/build-catamaran-3.4.0/CMakeFiles/CMakeTmp

Run Build Command(s):/usr/bin/gmake -f Makefile cmTC_37f29/fast && /usr/bin/gmake  -f CMakeFiles/cmTC_37f29.dir/build.make CMakeFiles/cmTC_37f29.dir/build
gmake[1]: Entering directory '/home/rkddngpr/Catamaran_artifact_issta23/build-catamaran-3.4.0/CMakeFiles/CMakeTmp'
Building CXX object CMakeFiles/cmTC_37f29.dir/src.cxx.o
/usr/bin/c++ -DCOMPILER_SUPPORTS_CXX11  -std=c++11 -o CMakeFiles/cmTC_37f29.dir/src.cxx.o -c /home/rkddngpr/Catamaran_artifact_issta23/build-catamaran-3.4.0/CMakeFiles/CMakeTmp/src.cxx
Linking CXX executable cmTC_37f29
/usr/bin/cmake -E cmake_link_script CMakeFiles/cmTC_37f29.dir/link.txt --verbose=1
/usr/bin/c++ -rdynamic CMakeFiles/cmTC_37f29.dir/src.cxx.o -o cmTC_37f29 
gmake[1]: Leaving directory '/home/rkddngpr/Catamaran_artifact_issta23/build-catamaran-3.4.0/CMakeFiles/CMakeTmp'


Source file was:
int main() { return 0; }
Performing C++ SOURCE FILE Test COMPILER_SUPPORTS_CXX0X succeeded with the following output:
Change Dir: /home/rkddngpr/Catamaran_artifact_issta23/build-catamaran-3.4.0/CMakeFiles/CMakeTmp

Run Build Command(s):/usr/bin/gmake -f Makefile cmTC_eb6e2/fast && /usr/bin/gmake  -f CMakeFiles/cmTC_eb6e2.dir/build.make CMakeFiles/cmTC_eb6e2.dir/build
gmake[1]: Entering directory '/home/rkddngpr/Catamaran_artifact_issta23/build-catamaran-3.4.0/CMakeFiles/CMakeTmp'
Building CXX object CMakeFiles/cmTC_eb6e2.dir/src.cxx.o
/usr/bin/c++ -DCOMPILER_SUPPORTS_CXX0X  -std=c++0x -o CMakeFiles/cmTC_eb6e2.dir/src.cxx.o -c /home/rkddngpr/Catamaran_artifact_issta23/build-catamaran-3.4.0/CMakeFiles/CMakeTmp/src.cxx
Linking CXX executable cmTC_eb6e2
/usr/bin/cmake -E cmake_link_script CMakeFiles/cmTC_eb6e2.dir/link.txt --verbose=1
/usr/bin/c++ -rdynamic CMakeFiles/cmTC_eb6e2.dir/src.cxx.o -o cmTC_eb6e2 
gmake[1]: Leaving directory '/home/rkddngpr/Catamaran_artifact_issta23/build-catamaran-3.4.0/CMakeFiles/CMakeTmp'


Source file was:
int main() { return 0; }
Determining if the include file cxxabi.h exists passed with the following output:
Change Dir: /home/rkddngpr/Catamaran_artifact_issta23/build-catamaran-3.4.0/CMakeFiles/CMakeTmp

Run Build Command(s):/usr/bin/gmake -f Makefile cmTC_58549/fast && /usr/bin/gmake  -f CMakeFiles/cmTC_58549.dir/build.make CMakeFiles/cmTC_58549.dir/build
gmake[1]: Entering directory '/home/rkddngpr/Catamaran_artifact_issta23/build-catamaran-3.4.0/CMakeFiles/CMakeTmp'
Building CXX object CMakeFiles/cmTC_58549.dir/CheckIncludeFile.cxx.o
/usr/bin/c++   -std=c++11  -o CMakeFiles/cmTC_58549.dir/CheckIncludeFile.cxx.o -c /home/rkddngpr/Catamaran_artifact_issta23/build-catamaran-3.4.0/CMakeFiles/CMakeTmp/CheckIncludeFile.cxx
Linking CXX executable cmTC_58549
/usr/bin/cmake -E cmake_link_script CMakeFiles/cmTC_58549.dir/link.txt --verbose=1
/usr/bin/c++  -std=c++11  -rdynamic CMakeFiles/cmTC_58549.dir/CheckIncludeFile.cxx.o -o cmTC_58549 
gmake[1]: Leaving directory '/home/rkddngpr/Catamaran_artifact_issta23/build-catamaran-3.4.0/CMakeFiles/CMakeTmp'



Determining if the include file dirent.h exists passed with the following output:
Change Dir: /home/rkddngpr/Catamaran_artifact_issta23/build-catamaran-3.4.0/CMakeFiles/CMakeTmp

Run Build Command(s):/usr/bin/gmake -f Makefile cmTC_cc599/fast && /usr/bin/gmake  -f CMakeFiles/cmTC_cc599.dir/build.make CMakeFiles/cmTC_cc599.dir/build
gmake[1]: Entering directory '/home/rkddngpr/Catamaran_artifact_issta23/build-catamaran-3.4.0/CMakeFiles/CMakeTmp'
Building C object CMakeFiles/cmTC_cc599.dir/CheckIncludeFile.c.o
/usr/bin/cc    -o CMakeFiles/cmTC_cc599.dir/CheckIncludeFile.c.o -c /home/rkddngpr/Catamaran_artifact_issta23/build-catamaran-3.4.0/CMakeFiles/CMakeTmp/CheckIncludeFile.c
Linking C executable cmTC_cc599
/usr/bin/cmake -E cmake_link_script CMakeFiles/cmTC_cc599.dir/link.txt --verbose=1
/usr/bin/cc -rdynamic CMakeFiles/cmTC_cc599.dir/CheckIncludeFile.c.o -o cmTC_cc599 
gmake[1]: Leaving directory '/home/rkddngpr/Catamaran_artifact_issta23/build-catamaran-3.4.0/CMakeFiles/CMakeTmp'



Determining if the include file dlfcn.h exists passed with the following output:
Change Dir: /home/rkddngpr/Catamaran_artifact_issta23/build-catamaran-3.4.0/CMakeFiles/CMakeTmp

Run Build Command(s):/usr/bin/gmake -f Makefile cmTC_44da6/fast && /usr/bin/gmake  -f CMakeFiles/cmTC_44da6.dir/build.make CMakeFiles/cmTC_44da6.dir/build
gmake[1]: Entering directory '/home/rkddngpr/Catamaran_artifact_issta23/build-catamaran-3.4.0/CMakeFiles/CMakeTmp'
Building C object CMakeFiles/cmTC_44da6.dir/CheckIncludeFile.c.o
/usr/bin/cc    -o CMakeFiles/cmTC_44da6.dir/CheckIncludeFile.c.o -c /home/rkddngpr/Catamaran_artifact_issta23/build-catamaran-3.4.0/CMakeFiles/CMakeTmp/CheckIncludeFile.c
Linking C executable cmTC_44da6
/usr/bin/cmake -E cmake_link_script CMakeFiles/cmTC_44da6.dir/link.txt --verbose=1
/usr/bin/cc -rdynamic CMakeFiles/cmTC_44da6.dir/CheckIncludeFile.c.o -o cmTC_44da6 
gmake[1]: Leaving directory '/home/rkddngpr/Catamaran_artifact_issta23/build-catamaran-3.4.0/CMakeFiles/CMakeTmp'



Determining if the include file errno.h exists passed with the following output:
Change Dir: /home/rkddngpr/Catamaran_artifact_issta23/build-catamaran-3.4.0/CMakeFiles/CMakeTmp

Run Build Command(s):/usr/bin/gmake -f Makefile cmTC_2fb50/fast && /usr/bin/gmake  -f CMakeFiles/cmTC_2fb50.dir/build.make CMakeFiles/cmTC_2fb50.dir/build
gmake[1]: Entering directory '/home/rkddngpr/Catamaran_artifact_issta23/build-catamaran-3.4.0/CMakeFiles/CMakeTmp'
Building C object CMakeFiles/cmTC_2fb50.dir/CheckIncludeFile.c.o
/usr/bin/cc    -o CMakeFiles/cmTC_2fb50.dir/CheckIncludeFile.c.o -c /home/rkddngpr/Catamaran_artifact_issta23/build-catamaran-3.4.0/CMakeFiles/CMakeTmp/CheckIncludeFile.c
Linking C executable cmTC_2fb50
/usr/bin/cmake -E cmake_link_script CMakeFiles/cmTC_2fb50.dir/link.txt --verbose=1
/usr/bin/cc -rdynamic CMakeFiles/cmTC_2fb50.dir/CheckIncludeFile.c.o -o cmTC_2fb50 
gmake[1]: Leaving directory '/home/rkddngpr/Catamaran_artifact_issta23/build-catamaran-3.4.0/CMakeFiles/CMakeTmp'



Determining if the include file execinfo.h exists passed with the following output:
Change Dir: /home/rkddngpr/Catamaran_artifact_issta23/build-catamaran-3.4.0/CMakeFiles/CMakeTmp

Run Build Command(s):/usr/bin/gmake -f Makefile cmTC_2aa18/fast && /usr/bin/gmake  -f CMakeFiles/cmTC_2aa18.dir/build.make CMakeFiles/cmTC_2aa18.dir/build
gmake[1]: Entering directory '/home/rkddngpr/Catamaran_artifact_issta23/build-catamaran-3.4.0/CMakeFiles/CMakeTmp'
Building C object CMakeFiles/cmTC_2aa18.dir/CheckIncludeFile.c.o
/usr/bin/cc    -o CMakeFiles/cmTC_2aa18.dir/CheckIncludeFile.c.o -c /home/rkddngpr/Catamaran_artifact_issta23/build-catamaran-3.4.0/CMakeFiles/CMakeTmp/CheckIncludeFile.c
Linking C executable cmTC_2aa18
/usr/bin/cmake -E cmake_link_script CMakeFiles/cmTC_2aa18.dir/link.txt --verbose=1
/usr/bin/cc -rdynamic CMakeFiles/cmTC_2aa18.dir/CheckIncludeFile.c.o -o cmTC_2aa18 
gmake[1]: Leaving directory '/home/rkddngpr/Catamaran_artifact_issta23/build-catamaran-3.4.0/CMakeFiles/CMakeTmp'



Determining if the include file fcntl.h exists passed with the following output:
Change Dir: /home/rkddngpr/Catamaran_artifact_issta23/build-catamaran-3.4.0/CMakeFiles/CMakeTmp

Run Build Command(s):/usr/bin/gmake -f Makefile cmTC_8b136/fast && /usr/bin/gmake  -f CMakeFiles/cmTC_8b136.dir/build.make CMakeFiles/cmTC_8b136.dir/build
gmake[1]: Entering directory '/home/rkddngpr/Catamaran_artifact_issta23/build-catamaran-3.4.0/CMakeFiles/CMakeTmp'
Building C object CMakeFiles/cmTC_8b136.dir/CheckIncludeFile.c.o
/usr/bin/cc    -o CMakeFiles/cmTC_8b136.dir/CheckIncludeFile.c.o -c /home/rkddngpr/Catamaran_artifact_issta23/build-catamaran-3.4.0/CMakeFiles/CMakeTmp/CheckIncludeFile.c
Linking C executable cmTC_8b136
/usr/bin/cmake -E cmake_link_script CMakeFiles/cmTC_8b136.dir/link.txt --verbose=1
/usr/bin/cc -rdynamic CMakeFiles/cmTC_8b136.dir/CheckIncludeFile.c.o -o cmTC_8b136 
gmake[1]: Leaving directory '/home/rkddngpr/Catamaran_artifact_issta23/build-catamaran-3.4.0/CMakeFiles/CMakeTmp'



Determining if the include file inttypes.h exists passed with the following output:
Change Dir: /home/rkddngpr/Catamaran_artifact_issta23/build-catamaran-3.4.0/CMakeFiles/CMakeTmp

Run Build Command(s):/usr/bin/gmake -f Makefile cmTC_1f589/fast && /usr/bin/gmake  -f CMakeFiles/cmTC_1f589.dir/build.make CMakeFiles/cmTC_1f589.dir/build
gmake[1]: Entering directory '/home/rkddngpr/Catamaran_artifact_issta23/build-catamaran-3.4.0/CMakeFiles/CMakeTmp'
Building C object CMakeFiles/cmTC_1f589.dir/CheckIncludeFile.c.o
/usr/bin/cc    -o CMakeFiles/cmTC_1f589.dir/CheckIncludeFile.c.o -c /home/rkddngpr/Catamaran_artifact_issta23/build-catamaran-3.4.0/CMakeFiles/CMakeTmp/CheckIncludeFile.c
Linking C executable cmTC_1f589
/usr/bin/cmake -E cmake_link_script CMakeFiles/cmTC_1f589.dir/link.txt --verbose=1
/usr/bin/cc -rdynamic CMakeFiles/cmTC_1f589.dir/CheckIncludeFile.c.o -o cmTC_1f589 
gmake[1]: Leaving directory '/home/rkddngpr/Catamaran_artifact_issta23/build-catamaran-3.4.0/CMakeFiles/CMakeTmp'



Determining if the include file limits.h exists passed with the following output:
Change Dir: /home/rkddngpr/Catamaran_artifact_issta23/build-catamaran-3.4.0/CMakeFiles/CMakeTmp

Run Build Command(s):/usr/bin/gmake -f Makefile cmTC_f85a6/fast && /usr/bin/gmake  -f CMakeFiles/cmTC_f85a6.dir/build.make CMakeFiles/cmTC_f85a6.dir/build
gmake[1]: Entering directory '/home/rkddngpr/Catamaran_artifact_issta23/build-catamaran-3.4.0/CMakeFiles/CMakeTmp'
Building C object CMakeFiles/cmTC_f85a6.dir/CheckIncludeFile.c.o
/usr/bin/cc    -o CMakeFiles/cmTC_f85a6.dir/CheckIncludeFile.c.o -c /home/rkddngpr/Catamaran_artifact_issta23/build-catamaran-3.4.0/CMakeFiles/CMakeTmp/CheckIncludeFile.c
Linking C executable cmTC_f85a6
/usr/bin/cmake -E cmake_link_script CMakeFiles/cmTC_f85a6.dir/link.txt --verbose=1
/usr/bin/cc -rdynamic CMakeFiles/cmTC_f85a6.dir/CheckIncludeFile.c.o -o cmTC_f85a6 
gmake[1]: Leaving directory '/home/rkddngpr/Catamaran_artifact_issta23/build-catamaran-3.4.0/CMakeFiles/CMakeTmp'



Determining if the include file malloc.h exists passed with the following output:
Change Dir: /home/rkddngpr/Catamaran_artifact_issta23/build-catamaran-3.4.0/CMakeFiles/CMakeTmp

Run Build Command(s):/usr/bin/gmake -f Makefile cmTC_841e9/fast && /usr/bin/gmake  -f CMakeFiles/cmTC_841e9.dir/build.make CMakeFiles/cmTC_841e9.dir/build
gmake[1]: Entering directory '/home/rkddngpr/Catamaran_artifact_issta23/build-catamaran-3.4.0/CMakeFiles/CMakeTmp'
Building C object CMakeFiles/cmTC_841e9.dir/CheckIncludeFile.c.o
/usr/bin/cc    -o CMakeFiles/cmTC_841e9.dir/CheckIncludeFile.c.o -c /home/rkddngpr/Catamaran_artifact_issta23/build-catamaran-3.4.0/CMakeFiles/CMakeTmp/CheckIncludeFile.c
Linking C executable cmTC_841e9
/usr/bin/cmake -E cmake_link_script CMakeFiles/cmTC_841e9.dir/link.txt --verbose=1
/usr/bin/cc -rdynamic CMakeFiles/cmTC_841e9.dir/CheckIncludeFile.c.o -o cmTC_841e9 
gmake[1]: Leaving directory '/home/rkddngpr/Catamaran_artifact_issta23/build-catamaran-3.4.0/CMakeFiles/CMakeTmp'



Determining if the include file pthread.h exists passed with the following output:
Change Dir: /home/rkddngpr/Catamaran_artifact_issta23/build-catamaran-3.4.0/CMakeFiles/CMakeTmp

Run Build Command(s):/usr/bin/gmake -f Makefile cmTC_48f3b/fast && /usr/bin/gmake  -f CMakeFiles/cmTC_48f3b.dir/build.make CMakeFiles/cmTC_48f3b.dir/build
gmake[1]: Entering directory '/home/rkddngpr/Catamaran_artifact_issta23/build-catamaran-3.4.0/CMakeFiles/CMakeTmp'
Building C object CMakeFiles/cmTC_48f3b.dir/CheckIncludeFile.c.o
/usr/bin/cc    -o CMakeFiles/cmTC_48f3b.dir/CheckIncludeFile.c.o -c /home/rkddngpr/Catamaran_artifact_issta23/build-catamaran-3.4.0/CMakeFiles/CMakeTmp/CheckIncludeFile.c
Linking C executable cmTC_48f3b
/usr/bin/cmake -E cmake_link_script CMakeFiles/cmTC_48f3b.dir/link.txt --verbose=1
/usr/bin/cc -rdynamic CMakeFiles/cmTC_48f3b.dir/CheckIncludeFile.c.o -o cmTC_48f3b 
gmake[1]: Leaving directory '/home/rkddngpr/Catamaran_artifact_issta23/build-catamaran-3.4.0/CMakeFiles/CMakeTmp'



Determining if the include file signal.h exists passed with the following output:
Change Dir: /home/rkddngpr/Catamaran_artifact_issta23/build-catamaran-3.4.0/CMakeFiles/CMakeTmp

Run Build Command(s):/usr/bin/gmake -f Makefile cmTC_2fdd9/fast && /usr/bin/gmake  -f CMakeFiles/cmTC_2fdd9.dir/build.make CMakeFiles/cmTC_2fdd9.dir/build
gmake[1]: Entering directory '/home/rkddngpr/Catamaran_artifact_issta23/build-catamaran-3.4.0/CMakeFiles/CMakeTmp'
Building C object CMakeFiles/cmTC_2fdd9.dir/CheckIncludeFile.c.o
/usr/bin/cc    -o CMakeFiles/cmTC_2fdd9.dir/CheckIncludeFile.c.o -c /home/rkddngpr/Catamaran_artifact_issta23/build-catamaran-3.4.0/CMakeFiles/CMakeTmp/CheckIncludeFile.c
Linking C executable cmTC_2fdd9
/usr/bin/cmake -E cmake_link_script CMakeFiles/cmTC_2fdd9.dir/link.txt --verbose=1
/usr/bin/cc -rdynamic CMakeFiles/cmTC_2fdd9.dir/CheckIncludeFile.c.o -o cmTC_2fdd9 
gmake[1]: Leaving directory '/home/rkddngpr/Catamaran_artifact_issta23/build-catamaran-3.4.0/CMakeFiles/CMakeTmp'



Determining if the include file stdint.h exists passed with the following output:
Change Dir: /home/rkddngpr/Catamaran_artifact_issta23/build-catamaran-3.4.0/CMakeFiles/CMakeTmp

Run Build Command(s):/usr/bin/gmake -f Makefile cmTC_54427/fast && /usr/bin/gmake  -f CMakeFiles/cmTC_54427.dir/build.make CMakeFiles/cmTC_54427.dir/build
gmake[1]: Entering directory '/home/rkddngpr/Catamaran_artifact_issta23/build-catamaran-3.4.0/CMakeFiles/CMakeTmp'
Building C object CMakeFiles/cmTC_54427.dir/CheckIncludeFile.c.o
/usr/bin/cc    -o CMakeFiles/cmTC_54427.dir/CheckIncludeFile.c.o -c /home/rkddngpr/Catamaran_artifact_issta23/build-catamaran-3.4.0/CMakeFiles/CMakeTmp/CheckIncludeFile.c
Linking C executable cmTC_54427
/usr/bin/cmake -E cmake_link_script CMakeFiles/cmTC_54427.dir/link.txt --verbose=1
/usr/bin/cc -rdynamic CMakeFiles/cmTC_54427.dir/CheckIncludeFile.c.o -o cmTC_54427 
gmake[1]: Leaving directory '/home/rkddngpr/Catamaran_artifact_issta23/build-catamaran-3.4.0/CMakeFiles/CMakeTmp'



Determining if the include file sys/dir.h exists passed with the following output:
Change Dir: /home/rkddngpr/Catamaran_artifact_issta23/build-catamaran-3.4.0/CMakeFiles/CMakeTmp

Run Build Command(s):/usr/bin/gmake -f Makefile cmTC_1fb3b/fast && /usr/bin/gmake  -f CMakeFiles/cmTC_1fb3b.dir/build.make CMakeFiles/cmTC_1fb3b.dir/build
gmake[1]: Entering directory '/home/rkddngpr/Catamaran_artifact_issta23/build-catamaran-3.4.0/CMakeFiles/CMakeTmp'
Building C object CMakeFiles/cmTC_1fb3b.dir/CheckIncludeFile.c.o
/usr/bin/cc    -o CMakeFiles/cmTC_1fb3b.dir/CheckIncludeFile.c.o -c /home/rkddngpr/Catamaran_artifact_issta23/build-catamaran-3.4.0/CMakeFiles/CMakeTmp/CheckIncludeFile.c
Linking C executable cmTC_1fb3b
/usr/bin/cmake -E cmake_link_script CMakeFiles/cmTC_1fb3b.dir/link.txt --verbose=1
/usr/bin/cc -rdynamic CMakeFiles/cmTC_1fb3b.dir/CheckIncludeFile.c.o -o cmTC_1fb3b 
gmake[1]: Leaving directory '/home/rkddngpr/Catamaran_artifact_issta23/build-catamaran-3.4.0/CMakeFiles/CMakeTmp'



Determining if the include file sys/ioctl.h exists passed with the following output:
Change Dir: /home/rkddngpr/Catamaran_artifact_issta23/build-catamaran-3.4.0/CMakeFiles/CMakeTmp

Run Build Command(s):/usr/bin/gmake -f Makefile cmTC_6fcde/fast && /usr/bin/gmake  -f CMakeFiles/cmTC_6fcde.dir/build.make CMakeFiles/cmTC_6fcde.dir/build
gmake[1]: Entering directory '/home/rkddngpr/Catamaran_artifact_issta23/build-catamaran-3.4.0/CMakeFiles/CMakeTmp'
Building C object CMakeFiles/cmTC_6fcde.dir/CheckIncludeFile.c.o
/usr/bin/cc    -o CMakeFiles/cmTC_6fcde.dir/CheckIncludeFile.c.o -c /home/rkddngpr/Catamaran_artifact_issta23/build-catamaran-3.4.0/CMakeFiles/CMakeTmp/CheckIncludeFile.c
Linking C executable cmTC_6fcde
/usr/bin/cmake -E cmake_link_script CMakeFiles/cmTC_6fcde.dir/link.txt --verbose=1
/usr/bin/cc -rdynamic CMakeFiles/cmTC_6fcde.dir/CheckIncludeFile.c.o -o cmTC_6fcde 
gmake[1]: Leaving directory '/home/rkddngpr/Catamaran_artifact_issta23/build-catamaran-3.4.0/CMakeFiles/CMakeTmp'



Determining if the include file sys/mman.h exists passed with the following output:
Change Dir: /home/rkddngpr/Catamaran_artifact_issta23/build-catamaran-3.4.0/CMakeFiles/CMakeTmp

Run Build Command(s):/usr/bin/gmake -f Makefile cmTC_6a7c9/fast && /usr/bin/gmake  -f CMakeFiles/cmTC_6a7c9.dir/build.make CMakeFiles/cmTC_6a7c9.dir/build
gmake[1]: Entering directory '/home/rkddngpr/Catamaran_artifact_issta23/build-catamaran-3.4.0/CMakeFiles/CMakeTmp'
Building C object CMakeFiles/cmTC_6a7c9.dir/CheckIncludeFile.c.o
/usr/bin/cc    -o CMakeFiles/cmTC_6a7c9.dir/CheckIncludeFile.c.o -c /home/rkddngpr/Catamaran_artifact_issta23/build-catamaran-3.4.0/CMakeFiles/CMakeTmp/CheckIncludeFile.c
Linking C executable cmTC_6a7c9
/usr/bin/cmake -E cmake_link_script CMakeFiles/cmTC_6a7c9.dir/link.txt --verbose=1
/usr/bin/cc -rdynamic CMakeFiles/cmTC_6a7c9.dir/CheckIncludeFile.c.o -o cmTC_6a7c9 
gmake[1]: Leaving directory '/home/rkddngpr/Catamaran_artifact_issta23/build-catamaran-3.4.0/CMakeFiles/CMakeTmp'



Determining if the include file sys/param.h exists passed with the following output:
Change Dir: /home/rkddngpr/Catamaran_artifact_issta23/build-catamaran-3.4.0/CMakeFiles/CMakeTmp

Run Build Command(s):/usr/bin/gmake -f Makefile cmTC_ef20e/fast && /usr/bin/gmake  -f CMakeFiles/cmTC_ef20e.dir/build.make CMakeFiles/cmTC_ef20e.dir/build
gmake[1]: Entering directory '/home/rkddngpr/Catamaran_artifact_issta23/build-catamaran-3.4.0/CMakeFiles/CMakeTmp'
Building C object CMakeFiles/cmTC_ef20e.dir/CheckIncludeFile.c.o
/usr/bin/cc    -o CMakeFiles/cmTC_ef20e.dir/CheckIncludeFile.c.o -c /home/rkddngpr/Catamaran_artifact_issta23/build-catamaran-3.4.0/CMakeFiles/CMakeTmp/CheckIncludeFile.c
Linking C executable cmTC_ef20e
/usr/bin/cmake -E cmake_link_script CMakeFiles/cmTC_ef20e.dir/link.txt --verbose=1
/usr/bin/cc -rdynamic CMakeFiles/cmTC_ef20e.dir/CheckIncludeFile.c.o -o cmTC_ef20e 
gmake[1]: Leaving directory '/home/rkddngpr/Catamaran_artifact_issta23/build-catamaran-3.4.0/CMakeFiles/CMakeTmp'



Determining if the include file sys/resource.h exists passed with the following output:
Change Dir: /home/rkddngpr/Catamaran_artifact_issta23/build-catamaran-3.4.0/CMakeFiles/CMakeTmp

Run Build Command(s):/usr/bin/gmake -f Makefile cmTC_ee1f6/fast && /usr/bin/gmake  -f CMakeFiles/cmTC_ee1f6.dir/build.make CMakeFiles/cmTC_ee1f6.dir/build
gmake[1]: Entering directory '/home/rkddngpr/Catamaran_artifact_issta23/build-catamaran-3.4.0/CMakeFiles/CMakeTmp'
Building C object CMakeFiles/cmTC_ee1f6.dir/CheckIncludeFile.c.o
/usr/bin/cc    -o CMakeFiles/cmTC_ee1f6.dir/CheckIncludeFile.c.o -c /home/rkddngpr/Catamaran_artifact_issta23/build-catamaran-3.4.0/CMakeFiles/CMakeTmp/CheckIncludeFile.c
Linking C executable cmTC_ee1f6
/usr/bin/cmake -E cmake_link_script CMakeFiles/cmTC_ee1f6.dir/link.txt --verbose=1
/usr/bin/cc -rdynamic CMakeFiles/cmTC_ee1f6.dir/CheckIncludeFile.c.o -o cmTC_ee1f6 
gmake[1]: Leaving directory '/home/rkddngpr/Catamaran_artifact_issta23/build-catamaran-3.4.0/CMakeFiles/CMakeTmp'



Determining if the include file sys/stat.h exists passed with the following output:
Change Dir: /home/rkddngpr/Catamaran_artifact_issta23/build-catamaran-3.4.0/CMakeFiles/CMakeTmp

Run Build Command(s):/usr/bin/gmake -f Makefile cmTC_ed5aa/fast && /usr/bin/gmake  -f CMakeFiles/cmTC_ed5aa.dir/build.make CMakeFiles/cmTC_ed5aa.dir/build
gmake[1]: Entering directory '/home/rkddngpr/Catamaran_artifact_issta23/build-catamaran-3.4.0/CMakeFiles/CMakeTmp'
Building C object CMakeFiles/cmTC_ed5aa.dir/CheckIncludeFile.c.o
/usr/bin/cc    -o CMakeFiles/cmTC_ed5aa.dir/CheckIncludeFile.c.o -c /home/rkddngpr/Catamaran_artifact_issta23/build-catamaran-3.4.0/CMakeFiles/CMakeTmp/CheckIncludeFile.c
Linking C executable cmTC_ed5aa
/usr/bin/cmake -E cmake_link_script CMakeFiles/cmTC_ed5aa.dir/link.txt --verbose=1
/usr/bin/cc -rdynamic CMakeFiles/cmTC_ed5aa.dir/CheckIncludeFile.c.o -o cmTC_ed5aa 
gmake[1]: Leaving directory '/home/rkddngpr/Catamaran_artifact_issta23/build-catamaran-3.4.0/CMakeFiles/CMakeTmp'



Determining if the include file sys/time.h exists passed with the following output:
Change Dir: /home/rkddngpr/Catamaran_artifact_issta23/build-catamaran-3.4.0/CMakeFiles/CMakeTmp

Run Build Command(s):/usr/bin/gmake -f Makefile cmTC_29a0c/fast && /usr/bin/gmake  -f CMakeFiles/cmTC_29a0c.dir/build.make CMakeFiles/cmTC_29a0c.dir/build
gmake[1]: Entering directory '/home/rkddngpr/Catamaran_artifact_issta23/build-catamaran-3.4.0/CMakeFiles/CMakeTmp'
Building C object CMakeFiles/cmTC_29a0c.dir/CheckIncludeFile.c.o
/usr/bin/cc    -o CMakeFiles/cmTC_29a0c.dir/CheckIncludeFile.c.o -c /home/rkddngpr/Catamaran_artifact_issta23/build-catamaran-3.4.0/CMakeFiles/CMakeTmp/CheckIncludeFile.c
Linking C executable cmTC_29a0c
/usr/bin/cmake -E cmake_link_script CMakeFiles/cmTC_29a0c.dir/link.txt --verbose=1
/usr/bin/cc -rdynamic CMakeFiles/cmTC_29a0c.dir/CheckIncludeFile.c.o -o cmTC_29a0c 
gmake[1]: Leaving directory '/home/rkddngpr/Catamaran_artifact_issta23/build-catamaran-3.4.0/CMakeFiles/CMakeTmp'



Determining if the include file sys/uio.h exists passed with the following output:
Change Dir: /home/rkddngpr/Catamaran_artifact_issta23/build-catamaran-3.4.0/CMakeFiles/CMakeTmp

Run Build Command(s):/usr/bin/gmake -f Makefile cmTC_464d4/fast && /usr/bin/gmake  -f CMakeFiles/cmTC_464d4.dir/build.make CMakeFiles/cmTC_464d4.dir/build
gmake[1]: Entering directory '/home/rkddngpr/Catamaran_artifact_issta23/build-catamaran-3.4.0/CMakeFiles/CMakeTmp'
Building C object CMakeFiles/cmTC_464d4.dir/CheckIncludeFile.c.o
/usr/bin/cc    -o CMakeFiles/cmTC_464d4.dir/CheckIncludeFile.c.o -c /home/rkddngpr/Catamaran_artifact_issta23/build-catamaran-3.4.0/CMakeFiles/CMakeTmp/CheckIncludeFile.c
Linking C executable cmTC_464d4
/usr/bin/cmake -E cmake_link_script CMakeFiles/cmTC_464d4.dir/link.txt --verbose=1
/usr/bin/cc -rdynamic CMakeFiles/cmTC_464d4.dir/CheckIncludeFile.c.o -o cmTC_464d4 
gmake[1]: Leaving directory '/home/rkddngpr/Catamaran_artifact_issta23/build-catamaran-3.4.0/CMakeFiles/CMakeTmp'



Determining if the include file sys/wait.h exists passed with the following output:
Change Dir: /home/rkddngpr/Catamaran_artifact_issta23/build-catamaran-3.4.0/CMakeFiles/CMakeTmp

Run Build Command(s):/usr/bin/gmake -f Makefile cmTC_05f49/fast && /usr/bin/gmake  -f CMakeFiles/cmTC_05f49.dir/build.make CMakeFiles/cmTC_05f49.dir/build
gmake[1]: Entering directory '/home/rkddngpr/Catamaran_artifact_issta23/build-catamaran-3.4.0/CMakeFiles/CMakeTmp'
Building C object CMakeFiles/cmTC_05f49.dir/CheckIncludeFile.c.o
/usr/bin/cc    -o CMakeFiles/cmTC_05f49.dir/CheckIncludeFile.c.o -c /home/rkddngpr/Catamaran_artifact_issta23/build-catamaran-3.4.0/CMakeFiles/CMakeTmp/CheckIncludeFile.c
Linking C executable cmTC_05f49
/usr/bin/cmake -E cmake_link_script CMakeFiles/cmTC_05f49.dir/link.txt --verbose=1
/usr/bin/cc -rdynamic CMakeFiles/cmTC_05f49.dir/CheckIncludeFile.c.o -o cmTC_05f49 
gmake[1]: Leaving directory '/home/rkddngpr/Catamaran_artifact_issta23/build-catamaran-3.4.0/CMakeFiles/CMakeTmp'



Determining if the include file termios.h exists passed with the following output:
Change Dir: /home/rkddngpr/Catamaran_artifact_issta23/build-catamaran-3.4.0/CMakeFiles/CMakeTmp

Run Build Command(s):/usr/bin/gmake -f Makefile cmTC_50a31/fast && /usr/bin/gmake  -f CMakeFiles/cmTC_50a31.dir/build.make CMakeFiles/cmTC_50a31.dir/build
gmake[1]: Entering directory '/home/rkddngpr/Catamaran_artifact_issta23/build-catamaran-3.4.0/CMakeFiles/CMakeTmp'
Building C object CMakeFiles/cmTC_50a31.dir/CheckIncludeFile.c.o
/usr/bin/cc    -o CMakeFiles/cmTC_50a31.dir/CheckIncludeFile.c.o -c /home/rkddngpr/Catamaran_artifact_issta23/build-catamaran-3.4.0/CMakeFiles/CMakeTmp/CheckIncludeFile.c
Linking C executable cmTC_50a31
/usr/bin/cmake -E cmake_link_script CMakeFiles/cmTC_50a31.dir/link.txt --verbose=1
/usr/bin/cc -rdynamic CMakeFiles/cmTC_50a31.dir/CheckIncludeFile.c.o -o cmTC_50a31 
gmake[1]: Leaving directory '/home/rkddngpr/Catamaran_artifact_issta23/build-catamaran-3.4.0/CMakeFiles/CMakeTmp'



Determining if the include file unistd.h exists passed with the following output:
Change Dir: /home/rkddngpr/Catamaran_artifact_issta23/build-catamaran-3.4.0/CMakeFiles/CMakeTmp

Run Build Command(s):/usr/bin/gmake -f Makefile cmTC_5f194/fast && /usr/bin/gmake  -f CMakeFiles/cmTC_5f194.dir/build.make CMakeFiles/cmTC_5f194.dir/build
gmake[1]: Entering directory '/home/rkddngpr/Catamaran_artifact_issta23/build-catamaran-3.4.0/CMakeFiles/CMakeTmp'
Building C object CMakeFiles/cmTC_5f194.dir/CheckIncludeFile.c.o
/usr/bin/cc    -o CMakeFiles/cmTC_5f194.dir/CheckIncludeFile.c.o -c /home/rkddngpr/Catamaran_artifact_issta23/build-catamaran-3.4.0/CMakeFiles/CMakeTmp/CheckIncludeFile.c
Linking C executable cmTC_5f194
/usr/bin/cmake -E cmake_link_script CMakeFiles/cmTC_5f194.dir/link.txt --verbose=1
/usr/bin/cc -rdynamic CMakeFiles/cmTC_5f194.dir/CheckIncludeFile.c.o -o cmTC_5f194 
gmake[1]: Leaving directory '/home/rkddngpr/Catamaran_artifact_issta23/build-catamaran-3.4.0/CMakeFiles/CMakeTmp'



Determining if the include file utime.h exists passed with the following output:
Change Dir: /home/rkddngpr/Catamaran_artifact_issta23/build-catamaran-3.4.0/CMakeFiles/CMakeTmp

Run Build Command(s):/usr/bin/gmake -f Makefile cmTC_1d399/fast && /usr/bin/gmake  -f CMakeFiles/cmTC_1d399.dir/build.make CMakeFiles/cmTC_1d399.dir/build
gmake[1]: Entering directory '/home/rkddngpr/Catamaran_artifact_issta23/build-catamaran-3.4.0/CMakeFiles/CMakeTmp'
Building C object CMakeFiles/cmTC_1d399.dir/CheckIncludeFile.c.o
/usr/bin/cc    -o CMakeFiles/cmTC_1d399.dir/CheckIncludeFile.c.o -c /home/rkddngpr/Catamaran_artifact_issta23/build-catamaran-3.4.0/CMakeFiles/CMakeTmp/CheckIncludeFile.c
Linking C executable cmTC_1d399
/usr/bin/cmake -E cmake_link_script CMakeFiles/cmTC_1d399.dir/link.txt --verbose=1
/usr/bin/cc -rdynamic CMakeFiles/cmTC_1d399.dir/CheckIncludeFile.c.o -o cmTC_1d399 
gmake[1]: Leaving directory '/home/rkddngpr/Catamaran_artifact_issta23/build-catamaran-3.4.0/CMakeFiles/CMakeTmp'



Determining if the include file zlib.h exists passed with the following output:
Change Dir: /home/rkddngpr/Catamaran_artifact_issta23/build-catamaran-3.4.0/CMakeFiles/CMakeTmp

Run Build Command(s):/usr/bin/gmake -f Makefile cmTC_303df/fast && /usr/bin/gmake  -f CMakeFiles/cmTC_303df.dir/build.make CMakeFiles/cmTC_303df.dir/build
gmake[1]: Entering directory '/home/rkddngpr/Catamaran_artifact_issta23/build-catamaran-3.4.0/CMakeFiles/CMakeTmp'
Building C object CMakeFiles/cmTC_303df.dir/CheckIncludeFile.c.o
/usr/bin/cc    -o CMakeFiles/cmTC_303df.dir/CheckIncludeFile.c.o -c /home/rkddngpr/Catamaran_artifact_issta23/build-catamaran-3.4.0/CMakeFiles/CMakeTmp/CheckIncludeFile.c
Linking C executable cmTC_303df
/usr/bin/cmake -E cmake_link_script CMakeFiles/cmTC_303df.dir/link.txt --verbose=1
/usr/bin/cc -rdynamic CMakeFiles/cmTC_303df.dir/CheckIncludeFile.c.o -o cmTC_303df 
gmake[1]: Leaving directory '/home/rkddngpr/Catamaran_artifact_issta23/build-catamaran-3.4.0/CMakeFiles/CMakeTmp'



Determining if the include file fenv.h exists passed with the following output:
Change Dir: /home/rkddngpr/Catamaran_artifact_issta23/build-catamaran-3.4.0/CMakeFiles/CMakeTmp

Run Build Command(s):/usr/bin/gmake -f Makefile cmTC_bca41/fast && /usr/bin/gmake  -f CMakeFiles/cmTC_bca41.dir/build.make CMakeFiles/cmTC_bca41.dir/build
gmake[1]: Entering directory '/home/rkddngpr/Catamaran_artifact_issta23/build-catamaran-3.4.0/CMakeFiles/CMakeTmp'
Building C object CMakeFiles/cmTC_bca41.dir/CheckIncludeFile.c.o
/usr/bin/cc    -o CMakeFiles/cmTC_bca41.dir/CheckIncludeFile.c.o -c /home/rkddngpr/Catamaran_artifact_issta23/build-catamaran-3.4.0/CMakeFiles/CMakeTmp/CheckIncludeFile.c
Linking C executable cmTC_bca41
/usr/bin/cmake -E cmake_link_script CMakeFiles/cmTC_bca41.dir/link.txt --verbose=1
/usr/bin/cc -rdynamic CMakeFiles/cmTC_bca41.dir/CheckIncludeFile.c.o -o cmTC_bca41 
gmake[1]: Leaving directory '/home/rkddngpr/Catamaran_artifact_issta23/build-catamaran-3.4.0/CMakeFiles/CMakeTmp'



Determining if the FE_ALL_EXCEPT exist passed with the following output:
Change Dir: /home/rkddngpr/Catamaran_artifact_issta23/build-catamaran-3.4.0/CMakeFiles/CMakeTmp

Run Build Command(s):/usr/bin/gmake -f Makefile cmTC_d2e16/fast && /usr/bin/gmake  -f CMakeFiles/cmTC_d2e16.dir/build.make CMakeFiles/cmTC_d2e16.dir/build
gmake[1]: Entering directory '/home/rkddngpr/Catamaran_artifact_issta23/build-catamaran-3.4.0/CMakeFiles/CMakeTmp'
Building C object CMakeFiles/cmTC_d2e16.dir/CheckSymbolExists.c.o
/usr/bin/cc    -o CMakeFiles/cmTC_d2e16.dir/CheckSymbolExists.c.o -c /home/rkddngpr/Catamaran_artifact_issta23/build-catamaran-3.4.0/CMakeFiles/CMakeTmp/CheckSymbolExists.c
Linking C executable cmTC_d2e16
/usr/bin/cmake -E cmake_link_script CMakeFiles/cmTC_d2e16.dir/link.txt --verbose=1
/usr/bin/cc -rdynamic CMakeFiles/cmTC_d2e16.dir/CheckSymbolExists.c.o -o cmTC_d2e16  -lm 
gmake[1]: Leaving directory '/home/rkddngpr/Catamaran_artifact_issta23/build-catamaran-3.4.0/CMakeFiles/CMakeTmp'


File /home/rkddngpr/Catamaran_artifact_issta23/build-catamaran-3.4.0/CMakeFiles/CMakeTmp/CheckSymbolExists.c:
/* */
#include <fenv.h>

int main(int argc, char** argv)
{
  (void)argv;
#ifndef FE_ALL_EXCEPT
  return ((int*)(&FE_ALL_EXCEPT))[argc];
#else
  (void)argc;
  return 0;
#endif
}
Determining if the FE_INEXACT exist passed with the following output:
Change Dir: /home/rkddngpr/Catamaran_artifact_issta23/build-catamaran-3.4.0/CMakeFiles/CMakeTmp

Run Build Command(s):/usr/bin/gmake -f Makefile cmTC_47e82/fast && /usr/bin/gmake  -f CMakeFiles/cmTC_47e82.dir/build.make CMakeFiles/cmTC_47e82.dir/build
gmake[1]: Entering directory '/home/rkddngpr/Catamaran_artifact_issta23/build-catamaran-3.4.0/CMakeFiles/CMakeTmp'
Building C object CMakeFiles/cmTC_47e82.dir/CheckSymbolExists.c.o
/usr/bin/cc    -o CMakeFiles/cmTC_47e82.dir/CheckSymbolExists.c.o -c /home/rkddngpr/Catamaran_artifact_issta23/build-catamaran-3.4.0/CMakeFiles/CMakeTmp/CheckSymbolExists.c
Linking C executable cmTC_47e82
/usr/bin/cmake -E cmake_link_script CMakeFiles/cmTC_47e82.dir/link.txt --verbose=1
/usr/bin/cc -rdynamic CMakeFiles/cmTC_47e82.dir/CheckSymbolExists.c.o -o cmTC_47e82  -lm 
gmake[1]: Leaving directory '/home/rkddngpr/Catamaran_artifact_issta23/build-catamaran-3.4.0/CMakeFiles/CMakeTmp'


File /home/rkddngpr/Catamaran_artifact_issta23/build-catamaran-3.4.0/CMakeFiles/CMakeTmp/CheckSymbolExists.c:
/* */
#include <fenv.h>

int main(int argc, char** argv)
{
  (void)argv;
#ifndef FE_INEXACT
  return ((int*)(&FE_INEXACT))[argc];
#else
  (void)argc;
  return 0;
#endif
}
Determining if the function pthread_create exists in the pthread passed with the following output:
Change Dir: /home/rkddngpr/Catamaran_artifact_issta23/build-catamaran-3.4.0/CMakeFiles/CMakeTmp

Run Build Command(s):/usr/bin/gmake -f Makefile cmTC_f6929/fast && /usr/bin/gmake  -f CMakeFiles/cmTC_f6929.dir/build.make CMakeFiles/cmTC_f6929.dir/build
gmake[1]: Entering directory '/home/rkddngpr/Catamaran_artifact_issta23/build-catamaran-3.4.0/CMakeFiles/CMakeTmp'
Building C object CMakeFiles/cmTC_f6929.dir/CheckFunctionExists.c.o
/usr/bin/cc   -DCHECK_FUNCTION_EXISTS=pthread_create -o CMakeFiles/cmTC_f6929.dir/CheckFunctionExists.c.o -c /usr/share/cmake-3.22/Modules/CheckFunctionExists.c
Linking C executable cmTC_f6929
/usr/bin/cmake -E cmake_link_script CMakeFiles/cmTC_f6929.dir/link.txt --verbose=1
/usr/bin/cc  -DCHECK_FUNCTION_EXISTS=pthread_create -rdynamic CMakeFiles/cmTC_f6929.dir/CheckFunctionExists.c.o -o cmTC_f6929  -lpthread -lm 
gmake[1]: Leaving directory '/home/rkddngpr/Catamaran_artifact_issta23/build-catamaran-3.4.0/CMakeFiles/CMakeTmp'



Determining if the function pthread_getspecific exists in the pthread passed with the following output:
Change Dir: /home/rkddngpr/Catamaran_artifact_issta23/build-catamaran-3.4.0/CMakeFiles/CMakeTmp

Run Build Command(s):/usr/bin/gmake -f Makefile cmTC_3c984/fast && /usr/bin/gmake  -f CMakeFiles/cmTC_3c984.dir/build.make CMakeFiles/cmTC_3c984.dir/build
gmake[1]: Entering directory '/home/rkddngpr/Catamaran_artifact_issta23/build-catamaran-3.4.0/CMakeFiles/CMakeTmp'
Building C object CMakeFiles/cmTC_3c984.dir/CheckFunctionExists.c.o
/usr/bin/cc   -DCHECK_FUNCTION_EXISTS=pthread_getspecific -o CMakeFiles/cmTC_3c984.dir/CheckFunctionExists.c.o -c /usr/share/cmake-3.22/Modules/CheckFunctionExists.c
Linking C executable cmTC_3c984
/usr/bin/cmake -E cmake_link_script CMakeFiles/cmTC_3c984.dir/link.txt --verbose=1
/usr/bin/cc  -DCHECK_FUNCTION_EXISTS=pthread_getspecific -rdynamic CMakeFiles/cmTC_3c984.dir/CheckFunctionExists.c.o -o cmTC_3c984  -lpthread -lm 
gmake[1]: Leaving directory '/home/rkddngpr/Catamaran_artifact_issta23/build-catamaran-3.4.0/CMakeFiles/CMakeTmp'



Determining if the function pthread_rwlock_init exists in the pthread passed with the following output:
Change Dir: /home/rkddngpr/Catamaran_artifact_issta23/build-catamaran-3.4.0/CMakeFiles/CMakeTmp

Run Build Command(s):/usr/bin/gmake -f Makefile cmTC_1a926/fast && /usr/bin/gmake  -f CMakeFiles/cmTC_1a926.dir/build.make CMakeFiles/cmTC_1a926.dir/build
gmake[1]: Entering directory '/home/rkddngpr/Catamaran_artifact_issta23/build-catamaran-3.4.0/CMakeFiles/CMakeTmp'
Building C object CMakeFiles/cmTC_1a926.dir/CheckFunctionExists.c.o
/usr/bin/cc   -DCHECK_FUNCTION_EXISTS=pthread_rwlock_init -o CMakeFiles/cmTC_1a926.dir/CheckFunctionExists.c.o -c /usr/share/cmake-3.22/Modules/CheckFunctionExists.c
Linking C executable cmTC_1a926
/usr/bin/cmake -E cmake_link_script CMakeFiles/cmTC_1a926.dir/link.txt --verbose=1
/usr/bin/cc  -DCHECK_FUNCTION_EXISTS=pthread_rwlock_init -rdynamic CMakeFiles/cmTC_1a926.dir/CheckFunctionExists.c.o -o cmTC_1a926  -lpthread -lm 
gmake[1]: Leaving directory '/home/rkddngpr/Catamaran_artifact_issta23/build-catamaran-3.4.0/CMakeFiles/CMakeTmp'



Determining if the function pthread_mutex_lock exists in the pthread passed with the following output:
Change Dir: /home/rkddngpr/Catamaran_artifact_issta23/build-catamaran-3.4.0/CMakeFiles/CMakeTmp

Run Build Command(s):/usr/bin/gmake -f Makefile cmTC_b4169/fast && /usr/bin/gmake  -f CMakeFiles/cmTC_b4169.dir/build.make CMakeFiles/cmTC_b4169.dir/build
gmake[1]: Entering directory '/home/rkddngpr/Catamaran_artifact_issta23/build-catamaran-3.4.0/CMakeFiles/CMakeTmp'
Building C object CMakeFiles/cmTC_b4169.dir/CheckFunctionExists.c.o
/usr/bin/cc   -DCHECK_FUNCTION_EXISTS=pthread_mutex_lock -o CMakeFiles/cmTC_b4169.dir/CheckFunctionExists.c.o -c /usr/share/cmake-3.22/Modules/CheckFunctionExists.c
Linking C executable cmTC_b4169
/usr/bin/cmake -E cmake_link_script CMakeFiles/cmTC_b4169.dir/link.txt --verbose=1
/usr/bin/cc  -DCHECK_FUNCTION_EXISTS=pthread_mutex_lock -rdynamic CMakeFiles/cmTC_b4169.dir/CheckFunctionExists.c.o -o cmTC_b4169  -lpthread -lm 
gmake[1]: Leaving directory '/home/rkddngpr/Catamaran_artifact_issta23/build-catamaran-3.4.0/CMakeFiles/CMakeTmp'



Determining if the function dlopen exists in the dl passed with the following output:
Change Dir: /home/rkddngpr/Catamaran_artifact_issta23/build-catamaran-3.4.0/CMakeFiles/CMakeTmp

Run Build Command(s):/usr/bin/gmake -f Makefile cmTC_b37a1/fast && /usr/bin/gmake  -f CMakeFiles/cmTC_b37a1.dir/build.make CMakeFiles/cmTC_b37a1.dir/build
gmake[1]: Entering directory '/home/rkddngpr/Catamaran_artifact_issta23/build-catamaran-3.4.0/CMakeFiles/CMakeTmp'
Building C object CMakeFiles/cmTC_b37a1.dir/CheckFunctionExists.c.o
/usr/bin/cc   -DCHECK_FUNCTION_EXISTS=dlopen -o CMakeFiles/cmTC_b37a1.dir/CheckFunctionExists.c.o -c /usr/share/cmake-3.22/Modules/CheckFunctionExists.c
Linking C executable cmTC_b37a1
/usr/bin/cmake -E cmake_link_script CMakeFiles/cmTC_b37a1.dir/link.txt --verbose=1
/usr/bin/cc  -DCHECK_FUNCTION_EXISTS=dlopen -rdynamic CMakeFiles/cmTC_b37a1.dir/CheckFunctionExists.c.o -o cmTC_b37a1  -ldl -lm 
gmake[1]: Leaving directory '/home/rkddngpr/Catamaran_artifact_issta23/build-catamaran-3.4.0/CMakeFiles/CMakeTmp'



Determining if the function clock_gettime exists in the rt passed with the following output:
Change Dir: /home/rkddngpr/Catamaran_artifact_issta23/build-catamaran-3.4.0/CMakeFiles/CMakeTmp

Run Build Command(s):/usr/bin/gmake -f Makefile cmTC_cbebf/fast && /usr/bin/gmake  -f CMakeFiles/cmTC_cbebf.dir/build.make CMakeFiles/cmTC_cbebf.dir/build
gmake[1]: Entering directory '/home/rkddngpr/Catamaran_artifact_issta23/build-catamaran-3.4.0/CMakeFiles/CMakeTmp'
Building C object CMakeFiles/cmTC_cbebf.dir/CheckFunctionExists.c.o
/usr/bin/cc   -DCHECK_FUNCTION_EXISTS=clock_gettime -o CMakeFiles/cmTC_cbebf.dir/CheckFunctionExists.c.o -c /usr/share/cmake-3.22/Modules/CheckFunctionExists.c
Linking C executable cmTC_cbebf
/usr/bin/cmake -E cmake_link_script CMakeFiles/cmTC_cbebf.dir/link.txt --verbose=1
/usr/bin/cc  -DCHECK_FUNCTION_EXISTS=clock_gettime -rdynamic CMakeFiles/cmTC_cbebf.dir/CheckFunctionExists.c.o -o cmTC_cbebf  -lrt -lm 
gmake[1]: Leaving directory '/home/rkddngpr/Catamaran_artifact_issta23/build-catamaran-3.4.0/CMakeFiles/CMakeTmp'



Determining if the function compress2 exists in the z passed with the following output:
Change Dir: /home/rkddngpr/Catamaran_artifact_issta23/build-catamaran-3.4.0/CMakeFiles/CMakeTmp

Run Build Command(s):/usr/bin/gmake -f Makefile cmTC_64cef/fast && /usr/bin/gmake  -f CMakeFiles/cmTC_64cef.dir/build.make CMakeFiles/cmTC_64cef.dir/build
gmake[1]: Entering directory '/home/rkddngpr/Catamaran_artifact_issta23/build-catamaran-3.4.0/CMakeFiles/CMakeTmp'
Building C object CMakeFiles/cmTC_64cef.dir/CheckFunctionExists.c.o
/usr/bin/cc   -DCHECK_FUNCTION_EXISTS=compress2 -o CMakeFiles/cmTC_64cef.dir/CheckFunctionExists.c.o -c /usr/share/cmake-3.22/Modules/CheckFunctionExists.c
Linking C executable cmTC_64cef
/usr/bin/cmake -E cmake_link_script CMakeFiles/cmTC_64cef.dir/link.txt --verbose=1
/usr/bin/cc  -DCHECK_FUNCTION_EXISTS=compress2 -rdynamic CMakeFiles/cmTC_64cef.dir/CheckFunctionExists.c.o -o cmTC_64cef  -lz -lm 
gmake[1]: Leaving directory '/home/rkddngpr/Catamaran_artifact_issta23/build-catamaran-3.4.0/CMakeFiles/CMakeTmp'



Determining if the backtrace exist passed with the following output:
Change Dir: /home/rkddngpr/Catamaran_artifact_issta23/build-catamaran-3.4.0/CMakeFiles/CMakeTmp

Run Build Command(s):/usr/bin/gmake -f Makefile cmTC_c487b/fast && /usr/bin/gmake  -f CMakeFiles/cmTC_c487b.dir/build.make CMakeFiles/cmTC_c487b.dir/build
gmake[1]: Entering directory '/home/rkddngpr/Catamaran_artifact_issta23/build-catamaran-3.4.0/CMakeFiles/CMakeTmp'
Building C object CMakeFiles/cmTC_c487b.dir/CheckSymbolExists.c.o
/usr/bin/cc    -o CMakeFiles/cmTC_c487b.dir/CheckSymbolExists.c.o -c /home/rkddngpr/Catamaran_artifact_issta23/build-catamaran-3.4.0/CMakeFiles/CMakeTmp/CheckSymbolExists.c
Linking C executable cmTC_c487b
/usr/bin/cmake -E cmake_link_script CMakeFiles/cmTC_c487b.dir/link.txt --verbose=1
/usr/bin/cc -rdynamic CMakeFiles/cmTC_c487b.dir/CheckSymbolExists.c.o -o cmTC_c487b  -lm 
gmake[1]: Leaving directory '/home/rkddngpr/Catamaran_artifact_issta23/build-catamaran-3.4.0/CMakeFiles/CMakeTmp'


File /home/rkddngpr/Catamaran_artifact_issta23/build-catamaran-3.4.0/CMakeFiles/CMakeTmp/CheckSymbolExists.c:
/* */
#include <execinfo.h>

int main(int argc, char** argv)
{
  (void)argv;
#ifndef backtrace
  return ((int*)(&backtrace))[argc];
#else
  (void)argc;
  return 0;
#endif
}
Determining if the getpagesize exist passed with the following output:
Change Dir: /home/rkddngpr/Catamaran_artifact_issta23/build-catamaran-3.4.0/CMakeFiles/CMakeTmp

Run Build Command(s):/usr/bin/gmake -f Makefile cmTC_50556/fast && /usr/bin/gmake  -f CMakeFiles/cmTC_50556.dir/build.make CMakeFiles/cmTC_50556.dir/build
gmake[1]: Entering directory '/home/rkddngpr/Catamaran_artifact_issta23/build-catamaran-3.4.0/CMakeFiles/CMakeTmp'
Building C object CMakeFiles/cmTC_50556.dir/CheckSymbolExists.c.o
/usr/bin/cc    -o CMakeFiles/cmTC_50556.dir/CheckSymbolExists.c.o -c /home/rkddngpr/Catamaran_artifact_issta23/build-catamaran-3.4.0/CMakeFiles/CMakeTmp/CheckSymbolExists.c
Linking C executable cmTC_50556
/usr/bin/cmake -E cmake_link_script CMakeFiles/cmTC_50556.dir/link.txt --verbose=1
/usr/bin/cc -rdynamic CMakeFiles/cmTC_50556.dir/CheckSymbolExists.c.o -o cmTC_50556  -lm 
gmake[1]: Leaving directory '/home/rkddngpr/Catamaran_artifact_issta23/build-catamaran-3.4.0/CMakeFiles/CMakeTmp'


File /home/rkddngpr/Catamaran_artifact_issta23/build-catamaran-3.4.0/CMakeFiles/CMakeTmp/CheckSymbolExists.c:
/* */
#include <unistd.h>

int main(int argc, char** argv)
{
  (void)argv;
#ifndef getpagesize
  return ((int*)(&getpagesize))[argc];
#else
  (void)argc;
  return 0;
#endif
}
Determining if the getrusage exist passed with the following output:
Change Dir: /home/rkddngpr/Catamaran_artifact_issta23/build-catamaran-3.4.0/CMakeFiles/CMakeTmp

Run Build Command(s):/usr/bin/gmake -f Makefile cmTC_2b74c/fast && /usr/bin/gmake  -f CMakeFiles/cmTC_2b74c.dir/build.make CMakeFiles/cmTC_2b74c.dir/build
gmake[1]: Entering directory '/home/rkddngpr/Catamaran_artifact_issta23/build-catamaran-3.4.0/CMakeFiles/CMakeTmp'
Building C object CMakeFiles/cmTC_2b74c.dir/CheckSymbolExists.c.o
/usr/bin/cc    -o CMakeFiles/cmTC_2b74c.dir/CheckSymbolExists.c.o -c /home/rkddngpr/Catamaran_artifact_issta23/build-catamaran-3.4.0/CMakeFiles/CMakeTmp/CheckSymbolExists.c
Linking C executable cmTC_2b74c
/usr/bin/cmake -E cmake_link_script CMakeFiles/cmTC_2b74c.dir/link.txt --verbose=1
/usr/bin/cc -rdynamic CMakeFiles/cmTC_2b74c.dir/CheckSymbolExists.c.o -o cmTC_2b74c  -lm 
gmake[1]: Leaving directory '/home/rkddngpr/Catamaran_artifact_issta23/build-catamaran-3.4.0/CMakeFiles/CMakeTmp'


File /home/rkddngpr/Catamaran_artifact_issta23/build-catamaran-3.4.0/CMakeFiles/CMakeTmp/CheckSymbolExists.c:
/* */
#include <sys/resource.h>

int main(int argc, char** argv)
{
  (void)argv;
#ifndef getrusage
  return ((int*)(&getrusage))[argc];
#else
  (void)argc;
  return 0;
#endif
}
Determining if the setrlimit exist passed with the following output:
Change Dir: /home/rkddngpr/Catamaran_artifact_issta23/build-catamaran-3.4.0/CMakeFiles/CMakeTmp

Run Build Command(s):/usr/bin/gmake -f Makefile cmTC_e3018/fast && /usr/bin/gmake  -f CMakeFiles/cmTC_e3018.dir/build.make CMakeFiles/cmTC_e3018.dir/build
gmake[1]: Entering directory '/home/rkddngpr/Catamaran_artifact_issta23/build-catamaran-3.4.0/CMakeFiles/CMakeTmp'
Building C object CMakeFiles/cmTC_e3018.dir/CheckSymbolExists.c.o
/usr/bin/cc    -o CMakeFiles/cmTC_e3018.dir/CheckSymbolExists.c.o -c /home/rkddngpr/Catamaran_artifact_issta23/build-catamaran-3.4.0/CMakeFiles/CMakeTmp/CheckSymbolExists.c
Linking C executable cmTC_e3018
/usr/bin/cmake -E cmake_link_script CMakeFiles/cmTC_e3018.dir/link.txt --verbose=1
/usr/bin/cc -rdynamic CMakeFiles/cmTC_e3018.dir/CheckSymbolExists.c.o -o cmTC_e3018  -lm 
gmake[1]: Leaving directory '/home/rkddngpr/Catamaran_artifact_issta23/build-catamaran-3.4.0/CMakeFiles/CMakeTmp'


File /home/rkddngpr/Catamaran_artifact_issta23/build-catamaran-3.4.0/CMakeFiles/CMakeTmp/CheckSymbolExists.c:
/* */
#include <sys/resource.h>

int main(int argc, char** argv)
{
  (void)argv;
#ifndef setrlimit
  return ((int*)(&setrlimit))[argc];
#else
  (void)argc;
  return 0;
#endif
}
Determining if the isatty exist passed with the following output:
Change Dir: /home/rkddngpr/Catamaran_artifact_issta23/build-catamaran-3.4.0/CMakeFiles/CMakeTmp

Run Build Command(s):/usr/bin/gmake -f Makefile cmTC_942a8/fast && /usr/bin/gmake  -f CMakeFiles/cmTC_942a8.dir/build.make CMakeFiles/cmTC_942a8.dir/build
gmake[1]: Entering directory '/home/rkddngpr/Catamaran_artifact_issta23/build-catamaran-3.4.0/CMakeFiles/CMakeTmp'
Building C object CMakeFiles/cmTC_942a8.dir/CheckSymbolExists.c.o
/usr/bin/cc    -o CMakeFiles/cmTC_942a8.dir/CheckSymbolExists.c.o -c /home/rkddngpr/Catamaran_artifact_issta23/build-catamaran-3.4.0/CMakeFiles/CMakeTmp/CheckSymbolExists.c
Linking C executable cmTC_942a8
/usr/bin/cmake -E cmake_link_script CMakeFiles/cmTC_942a8.dir/link.txt --verbose=1
/usr/bin/cc -rdynamic CMakeFiles/cmTC_942a8.dir/CheckSymbolExists.c.o -o cmTC_942a8  -lm 
gmake[1]: Leaving directory '/home/rkddngpr/Catamaran_artifact_issta23/build-catamaran-3.4.0/CMakeFiles/CMakeTmp'


File /home/rkddngpr/Catamaran_artifact_issta23/build-catamaran-3.4.0/CMakeFiles/CMakeTmp/CheckSymbolExists.c:
/* */
#include <unistd.h>

int main(int argc, char** argv)
{
  (void)argv;
#ifndef isatty
  return ((int*)(&isatty))[argc];
#else
  (void)argc;
  return 0;
#endif
}
Determining if the isinf exist passed with the following output:
Change Dir: /home/rkddngpr/Catamaran_artifact_issta23/build-catamaran-3.4.0/CMakeFiles/CMakeTmp

Run Build Command(s):/usr/bin/gmake -f Makefile cmTC_813a2/fast && /usr/bin/gmake  -f CMakeFiles/cmTC_813a2.dir/build.make CMakeFiles/cmTC_813a2.dir/build
gmake[1]: Entering directory '/home/rkddngpr/Catamaran_artifact_issta23/build-catamaran-3.4.0/CMakeFiles/CMakeTmp'
Building C object CMakeFiles/cmTC_813a2.dir/CheckSymbolExists.c.o
/usr/bin/cc    -o CMakeFiles/cmTC_813a2.dir/CheckSymbolExists.c.o -c /home/rkddngpr/Catamaran_artifact_issta23/build-catamaran-3.4.0/CMakeFiles/CMakeTmp/CheckSymbolExists.c
Linking C executable cmTC_813a2
/usr/bin/cmake -E cmake_link_script CMakeFiles/cmTC_813a2.dir/link.txt --verbose=1
/usr/bin/cc -rdynamic CMakeFiles/cmTC_813a2.dir/CheckSymbolExists.c.o -o cmTC_813a2  -lm 
gmake[1]: Leaving directory '/home/rkddngpr/Catamaran_artifact_issta23/build-catamaran-3.4.0/CMakeFiles/CMakeTmp'


File /home/rkddngpr/Catamaran_artifact_issta23/build-catamaran-3.4.0/CMakeFiles/CMakeTmp/CheckSymbolExists.c:
/* */
#include <math.h>

int main(int argc, char** argv)
{
  (void)argv;
#ifndef isinf
  return ((int*)(&isinf))[argc];
#else
  (void)argc;
  return 0;
#endif
}
Determining if the isnan exist passed with the following output:
Change Dir: /home/rkddngpr/Catamaran_artifact_issta23/build-catamaran-3.4.0/CMakeFiles/CMakeTmp

Run Build Command(s):/usr/bin/gmake -f Makefile cmTC_615d5/fast && /usr/bin/gmake  -f CMakeFiles/cmTC_615d5.dir/build.make CMakeFiles/cmTC_615d5.dir/build
gmake[1]: Entering directory '/home/rkddngpr/Catamaran_artifact_issta23/build-catamaran-3.4.0/CMakeFiles/CMakeTmp'
Building C object CMakeFiles/cmTC_615d5.dir/CheckSymbolExists.c.o
/usr/bin/cc    -o CMakeFiles/cmTC_615d5.dir/CheckSymbolExists.c.o -c /home/rkddngpr/Catamaran_artifact_issta23/build-catamaran-3.4.0/CMakeFiles/CMakeTmp/CheckSymbolExists.c
Linking C executable cmTC_615d5
/usr/bin/cmake -E cmake_link_script CMakeFiles/cmTC_615d5.dir/link.txt --verbose=1
/usr/bin/cc -rdynamic CMakeFiles/cmTC_615d5.dir/CheckSymbolExists.c.o -o cmTC_615d5  -lm 
gmake[1]: Leaving directory '/home/rkddngpr/Catamaran_artifact_issta23/build-catamaran-3.4.0/CMakeFiles/CMakeTmp'


File /home/rkddngpr/Catamaran_artifact_issta23/build-catamaran-3.4.0/CMakeFiles/CMakeTmp/CheckSymbolExists.c:
/* */
#include <math.h>

int main(int argc, char** argv)
{
  (void)argv;
#ifndef isnan
  return ((int*)(&isnan))[argc];
#else
  (void)argc;
  return 0;
#endif
}
Determining if the ceilf exist passed with the following output:
Change Dir: /home/rkddngpr/Catamaran_artifact_issta23/build-catamaran-3.4.0/CMakeFiles/CMakeTmp

Run Build Command(s):/usr/bin/gmake -f Makefile cmTC_127d2/fast && /usr/bin/gmake  -f CMakeFiles/cmTC_127d2.dir/build.make CMakeFiles/cmTC_127d2.dir/build
gmake[1]: Entering directory '/home/rkddngpr/Catamaran_artifact_issta23/build-catamaran-3.4.0/CMakeFiles/CMakeTmp'
Building C object CMakeFiles/cmTC_127d2.dir/CheckSymbolExists.c.o
/usr/bin/cc    -o CMakeFiles/cmTC_127d2.dir/CheckSymbolExists.c.o -c /home/rkddngpr/Catamaran_artifact_issta23/build-catamaran-3.4.0/CMakeFiles/CMakeTmp/CheckSymbolExists.c
Linking C executable cmTC_127d2
/usr/bin/cmake -E cmake_link_script CMakeFiles/cmTC_127d2.dir/link.txt --verbose=1
/usr/bin/cc -rdynamic CMakeFiles/cmTC_127d2.dir/CheckSymbolExists.c.o -o cmTC_127d2  -lm 
gmake[1]: Leaving directory '/home/rkddngpr/Catamaran_artifact_issta23/build-catamaran-3.4.0/CMakeFiles/CMakeTmp'


File /home/rkddngpr/Catamaran_artifact_issta23/build-catamaran-3.4.0/CMakeFiles/CMakeTmp/CheckSymbolExists.c:
/* */
#include <math.h>

int main(int argc, char** argv)
{
  (void)argv;
#ifndef ceilf
  return ((int*)(&ceilf))[argc];
#else
  (void)argc;
  return 0;
#endif
}
Determining if the floorf exist passed with the following output:
Change Dir: /home/rkddngpr/Catamaran_artifact_issta23/build-catamaran-3.4.0/CMakeFiles/CMakeTmp

Run Build Command(s):/usr/bin/gmake -f Makefile cmTC_8c6ed/fast && /usr/bin/gmake  -f CMakeFiles/cmTC_8c6ed.dir/build.make CMakeFiles/cmTC_8c6ed.dir/build
gmake[1]: Entering directory '/home/rkddngpr/Catamaran_artifact_issta23/build-catamaran-3.4.0/CMakeFiles/CMakeTmp'
Building C object CMakeFiles/cmTC_8c6ed.dir/CheckSymbolExists.c.o
/usr/bin/cc    -o CMakeFiles/cmTC_8c6ed.dir/CheckSymbolExists.c.o -c /home/rkddngpr/Catamaran_artifact_issta23/build-catamaran-3.4.0/CMakeFiles/CMakeTmp/CheckSymbolExists.c
Linking C executable cmTC_8c6ed
/usr/bin/cmake -E cmake_link_script CMakeFiles/cmTC_8c6ed.dir/link.txt --verbose=1
/usr/bin/cc -rdynamic CMakeFiles/cmTC_8c6ed.dir/CheckSymbolExists.c.o -o cmTC_8c6ed  -lm 
gmake[1]: Leaving directory '/home/rkddngpr/Catamaran_artifact_issta23/build-catamaran-3.4.0/CMakeFiles/CMakeTmp'


File /home/rkddngpr/Catamaran_artifact_issta23/build-catamaran-3.4.0/CMakeFiles/CMakeTmp/CheckSymbolExists.c:
/* */
#include <math.h>

int main(int argc, char** argv)
{
  (void)argv;
#ifndef floorf
  return ((int*)(&floorf))[argc];
#else
  (void)argc;
  return 0;
#endif
}
Determining if the fmodf exist passed with the following output:
Change Dir: /home/rkddngpr/Catamaran_artifact_issta23/build-catamaran-3.4.0/CMakeFiles/CMakeTmp

Run Build Command(s):/usr/bin/gmake -f Makefile cmTC_3bc2e/fast && /usr/bin/gmake  -f CMakeFiles/cmTC_3bc2e.dir/build.make CMakeFiles/cmTC_3bc2e.dir/build
gmake[1]: Entering directory '/home/rkddngpr/Catamaran_artifact_issta23/build-catamaran-3.4.0/CMakeFiles/CMakeTmp'
Building C object CMakeFiles/cmTC_3bc2e.dir/CheckSymbolExists.c.o
/usr/bin/cc    -o CMakeFiles/cmTC_3bc2e.dir/CheckSymbolExists.c.o -c /home/rkddngpr/Catamaran_artifact_issta23/build-catamaran-3.4.0/CMakeFiles/CMakeTmp/CheckSymbolExists.c
Linking C executable cmTC_3bc2e
/usr/bin/cmake -E cmake_link_script CMakeFiles/cmTC_3bc2e.dir/link.txt --verbose=1
/usr/bin/cc -rdynamic CMakeFiles/cmTC_3bc2e.dir/CheckSymbolExists.c.o -o cmTC_3bc2e  -lm 
gmake[1]: Leaving directory '/home/rkddngpr/Catamaran_artifact_issta23/build-catamaran-3.4.0/CMakeFiles/CMakeTmp'


File /home/rkddngpr/Catamaran_artifact_issta23/build-catamaran-3.4.0/CMakeFiles/CMakeTmp/CheckSymbolExists.c:
/* */
#include <math.h>

int main(int argc, char** argv)
{
  (void)argv;
#ifndef fmodf
  return ((int*)(&fmodf))[argc];
#else
  (void)argc;
  return 0;
#endif
}
Determining if the log exist passed with the following output:
Change Dir: /home/rkddngpr/Catamaran_artifact_issta23/build-catamaran-3.4.0/CMakeFiles/CMakeTmp

Run Build Command(s):/usr/bin/gmake -f Makefile cmTC_7ecab/fast && /usr/bin/gmake  -f CMakeFiles/cmTC_7ecab.dir/build.make CMakeFiles/cmTC_7ecab.dir/build
gmake[1]: Entering directory '/home/rkddngpr/Catamaran_artifact_issta23/build-catamaran-3.4.0/CMakeFiles/CMakeTmp'
Building C object CMakeFiles/cmTC_7ecab.dir/CheckSymbolExists.c.o
/usr/bin/cc    -o CMakeFiles/cmTC_7ecab.dir/CheckSymbolExists.c.o -c /home/rkddngpr/Catamaran_artifact_issta23/build-catamaran-3.4.0/CMakeFiles/CMakeTmp/CheckSymbolExists.c
Linking C executable cmTC_7ecab
/usr/bin/cmake -E cmake_link_script CMakeFiles/cmTC_7ecab.dir/link.txt --verbose=1
/usr/bin/cc -rdynamic CMakeFiles/cmTC_7ecab.dir/CheckSymbolExists.c.o -o cmTC_7ecab  -lm 
gmake[1]: Leaving directory '/home/rkddngpr/Catamaran_artifact_issta23/build-catamaran-3.4.0/CMakeFiles/CMakeTmp'


File /home/rkddngpr/Catamaran_artifact_issta23/build-catamaran-3.4.0/CMakeFiles/CMakeTmp/CheckSymbolExists.c:
/* */
#include <math.h>

int main(int argc, char** argv)
{
  (void)argv;
#ifndef log
  return ((int*)(&log))[argc];
#else
  (void)argc;
  return 0;
#endif
}
Determining if the log2 exist passed with the following output:
Change Dir: /home/rkddngpr/Catamaran_artifact_issta23/build-catamaran-3.4.0/CMakeFiles/CMakeTmp

Run Build Command(s):/usr/bin/gmake -f Makefile cmTC_a3109/fast && /usr/bin/gmake  -f CMakeFiles/cmTC_a3109.dir/build.make CMakeFiles/cmTC_a3109.dir/build
gmake[1]: Entering directory '/home/rkddngpr/Catamaran_artifact_issta23/build-catamaran-3.4.0/CMakeFiles/CMakeTmp'
Building C object CMakeFiles/cmTC_a3109.dir/CheckSymbolExists.c.o
/usr/bin/cc    -o CMakeFiles/cmTC_a3109.dir/CheckSymbolExists.c.o -c /home/rkddngpr/Catamaran_artifact_issta23/build-catamaran-3.4.0/CMakeFiles/CMakeTmp/CheckSymbolExists.c
Linking C executable cmTC_a3109
/usr/bin/cmake -E cmake_link_script CMakeFiles/cmTC_a3109.dir/link.txt --verbose=1
/usr/bin/cc -rdynamic CMakeFiles/cmTC_a3109.dir/CheckSymbolExists.c.o -o cmTC_a3109  -lm 
gmake[1]: Leaving directory '/home/rkddngpr/Catamaran_artifact_issta23/build-catamaran-3.4.0/CMakeFiles/CMakeTmp'


File /home/rkddngpr/Catamaran_artifact_issta23/build-catamaran-3.4.0/CMakeFiles/CMakeTmp/CheckSymbolExists.c:
/* */
#include <math.h>

int main(int argc, char** argv)
{
  (void)argv;
#ifndef log2
  return ((int*)(&log2))[argc];
#else
  (void)argc;
  return 0;
#endif
}
Determining if the log10 exist passed with the following output:
Change Dir: /home/rkddngpr/Catamaran_artifact_issta23/build-catamaran-3.4.0/CMakeFiles/CMakeTmp

Run Build Command(s):/usr/bin/gmake -f Makefile cmTC_932cb/fast && /usr/bin/gmake  -f CMakeFiles/cmTC_932cb.dir/build.make CMakeFiles/cmTC_932cb.dir/build
gmake[1]: Entering directory '/home/rkddngpr/Catamaran_artifact_issta23/build-catamaran-3.4.0/CMakeFiles/CMakeTmp'
Building C object CMakeFiles/cmTC_932cb.dir/CheckSymbolExists.c.o
/usr/bin/cc    -o CMakeFiles/cmTC_932cb.dir/CheckSymbolExists.c.o -c /home/rkddngpr/Catamaran_artifact_issta23/build-catamaran-3.4.0/CMakeFiles/CMakeTmp/CheckSymbolExists.c
Linking C executable cmTC_932cb
/usr/bin/cmake -E cmake_link_script CMakeFiles/cmTC_932cb.dir/link.txt --verbose=1
/usr/bin/cc -rdynamic CMakeFiles/cmTC_932cb.dir/CheckSymbolExists.c.o -o cmTC_932cb  -lm 
gmake[1]: Leaving directory '/home/rkddngpr/Catamaran_artifact_issta23/build-catamaran-3.4.0/CMakeFiles/CMakeTmp'


File /home/rkddngpr/Catamaran_artifact_issta23/build-catamaran-3.4.0/CMakeFiles/CMakeTmp/CheckSymbolExists.c:
/* */
#include <math.h>

int main(int argc, char** argv)
{
  (void)argv;
#ifndef log10
  return ((int*)(&log10))[argc];
#else
  (void)argc;
  return 0;
#endif
}
Determining if the exp exist passed with the following output:
Change Dir: /home/rkddngpr/Catamaran_artifact_issta23/build-catamaran-3.4.0/CMakeFiles/CMakeTmp

Run Build Command(s):/usr/bin/gmake -f Makefile cmTC_16d63/fast && /usr/bin/gmake  -f CMakeFiles/cmTC_16d63.dir/build.make CMakeFiles/cmTC_16d63.dir/build
gmake[1]: Entering directory '/home/rkddngpr/Catamaran_artifact_issta23/build-catamaran-3.4.0/CMakeFiles/CMakeTmp'
Building C object CMakeFiles/cmTC_16d63.dir/CheckSymbolExists.c.o
/usr/bin/cc    -o CMakeFiles/cmTC_16d63.dir/CheckSymbolExists.c.o -c /home/rkddngpr/Catamaran_artifact_issta23/build-catamaran-3.4.0/CMakeFiles/CMakeTmp/CheckSymbolExists.c
Linking C executable cmTC_16d63
/usr/bin/cmake -E cmake_link_script CMakeFiles/cmTC_16d63.dir/link.txt --verbose=1
/usr/bin/cc -rdynamic CMakeFiles/cmTC_16d63.dir/CheckSymbolExists.c.o -o cmTC_16d63  -lm 
gmake[1]: Leaving directory '/home/rkddngpr/Catamaran_artifact_issta23/build-catamaran-3.4.0/CMakeFiles/CMakeTmp'


File /home/rkddngpr/Catamaran_artifact_issta23/build-catamaran-3.4.0/CMakeFiles/CMakeTmp/CheckSymbolExists.c:
/* */
#include <math.h>

int main(int argc, char** argv)
{
  (void)argv;
#ifndef exp
  return ((int*)(&exp))[argc];
#else
  (void)argc;
  return 0;
#endif
}
Determining if the exp2 exist passed with the following output:
Change Dir: /home/rkddngpr/Catamaran_artifact_issta23/build-catamaran-3.4.0/CMakeFiles/CMakeTmp

Run Build Command(s):/usr/bin/gmake -f Makefile cmTC_7dacc/fast && /usr/bin/gmake  -f CMakeFiles/cmTC_7dacc.dir/build.make CMakeFiles/cmTC_7dacc.dir/build
gmake[1]: Entering directory '/home/rkddngpr/Catamaran_artifact_issta23/build-catamaran-3.4.0/CMakeFiles/CMakeTmp'
Building C object CMakeFiles/cmTC_7dacc.dir/CheckSymbolExists.c.o
/usr/bin/cc    -o CMakeFiles/cmTC_7dacc.dir/CheckSymbolExists.c.o -c /home/rkddngpr/Catamaran_artifact_issta23/build-catamaran-3.4.0/CMakeFiles/CMakeTmp/CheckSymbolExists.c
Linking C executable cmTC_7dacc
/usr/bin/cmake -E cmake_link_script CMakeFiles/cmTC_7dacc.dir/link.txt --verbose=1
/usr/bin/cc -rdynamic CMakeFiles/cmTC_7dacc.dir/CheckSymbolExists.c.o -o cmTC_7dacc  -lm 
gmake[1]: Leaving directory '/home/rkddngpr/Catamaran_artifact_issta23/build-catamaran-3.4.0/CMakeFiles/CMakeTmp'


File /home/rkddngpr/Catamaran_artifact_issta23/build-catamaran-3.4.0/CMakeFiles/CMakeTmp/CheckSymbolExists.c:
/* */
#include <math.h>

int main(int argc, char** argv)
{
  (void)argv;
#ifndef exp2
  return ((int*)(&exp2))[argc];
#else
  (void)argc;
  return 0;
#endif
}
Determining if the futimens exist passed with the following output:
Change Dir: /home/rkddngpr/Catamaran_artifact_issta23/build-catamaran-3.4.0/CMakeFiles/CMakeTmp

Run Build Command(s):/usr/bin/gmake -f Makefile cmTC_6cbf6/fast && /usr/bin/gmake  -f CMakeFiles/cmTC_6cbf6.dir/build.make CMakeFiles/cmTC_6cbf6.dir/build
gmake[1]: Entering directory '/home/rkddngpr/Catamaran_artifact_issta23/build-catamaran-3.4.0/CMakeFiles/CMakeTmp'
Building C object CMakeFiles/cmTC_6cbf6.dir/CheckSymbolExists.c.o
/usr/bin/cc    -o CMakeFiles/cmTC_6cbf6.dir/CheckSymbolExists.c.o -c /home/rkddngpr/Catamaran_artifact_issta23/build-catamaran-3.4.0/CMakeFiles/CMakeTmp/CheckSymbolExists.c
Linking C executable cmTC_6cbf6
/usr/bin/cmake -E cmake_link_script CMakeFiles/cmTC_6cbf6.dir/link.txt --verbose=1
/usr/bin/cc -rdynamic CMakeFiles/cmTC_6cbf6.dir/CheckSymbolExists.c.o -o cmTC_6cbf6  -lm 
gmake[1]: Leaving directory '/home/rkddngpr/Catamaran_artifact_issta23/build-catamaran-3.4.0/CMakeFiles/CMakeTmp'


File /home/rkddngpr/Catamaran_artifact_issta23/build-catamaran-3.4.0/CMakeFiles/CMakeTmp/CheckSymbolExists.c:
/* */
#include <sys/stat.h>

int main(int argc, char** argv)
{
  (void)argv;
#ifndef futimens
  return ((int*)(&futimens))[argc];
#else
  (void)argc;
  return 0;
#endif
}
Determining if the futimes exist passed with the following output:
Change Dir: /home/rkddngpr/Catamaran_artifact_issta23/build-catamaran-3.4.0/CMakeFiles/CMakeTmp

Run Build Command(s):/usr/bin/gmake -f Makefile cmTC_3b8ef/fast && /usr/bin/gmake  -f CMakeFiles/cmTC_3b8ef.dir/build.make CMakeFiles/cmTC_3b8ef.dir/build
gmake[1]: Entering directory '/home/rkddngpr/Catamaran_artifact_issta23/build-catamaran-3.4.0/CMakeFiles/CMakeTmp'
Building C object CMakeFiles/cmTC_3b8ef.dir/CheckSymbolExists.c.o
/usr/bin/cc    -o CMakeFiles/cmTC_3b8ef.dir/CheckSymbolExists.c.o -c /home/rkddngpr/Catamaran_artifact_issta23/build-catamaran-3.4.0/CMakeFiles/CMakeTmp/CheckSymbolExists.c
Linking C executable cmTC_3b8ef
/usr/bin/cmake -E cmake_link_script CMakeFiles/cmTC_3b8ef.dir/link.txt --verbose=1
/usr/bin/cc -rdynamic CMakeFiles/cmTC_3b8ef.dir/CheckSymbolExists.c.o -o cmTC_3b8ef  -lm 
gmake[1]: Leaving directory '/home/rkddngpr/Catamaran_artifact_issta23/build-catamaran-3.4.0/CMakeFiles/CMakeTmp'


File /home/rkddngpr/Catamaran_artifact_issta23/build-catamaran-3.4.0/CMakeFiles/CMakeTmp/CheckSymbolExists.c:
/* */
#include <sys/time.h>

int main(int argc, char** argv)
{
  (void)argv;
#ifndef futimes
  return ((int*)(&futimes))[argc];
#else
  (void)argc;
  return 0;
#endif
}
Determining if the writev exist passed with the following output:
Change Dir: /home/rkddngpr/Catamaran_artifact_issta23/build-catamaran-3.4.0/CMakeFiles/CMakeTmp

Run Build Command(s):/usr/bin/gmake -f Makefile cmTC_04588/fast && /usr/bin/gmake  -f CMakeFiles/cmTC_04588.dir/build.make CMakeFiles/cmTC_04588.dir/build
gmake[1]: Entering directory '/home/rkddngpr/Catamaran_artifact_issta23/build-catamaran-3.4.0/CMakeFiles/CMakeTmp'
Building C object CMakeFiles/cmTC_04588.dir/CheckSymbolExists.c.o
/usr/bin/cc    -o CMakeFiles/cmTC_04588.dir/CheckSymbolExists.c.o -c /home/rkddngpr/Catamaran_artifact_issta23/build-catamaran-3.4.0/CMakeFiles/CMakeTmp/CheckSymbolExists.c
Linking C executable cmTC_04588
/usr/bin/cmake -E cmake_link_script CMakeFiles/cmTC_04588.dir/link.txt --verbose=1
/usr/bin/cc -rdynamic CMakeFiles/cmTC_04588.dir/CheckSymbolExists.c.o -o cmTC_04588  -lm 
gmake[1]: Leaving directory '/home/rkddngpr/Catamaran_artifact_issta23/build-catamaran-3.4.0/CMakeFiles/CMakeTmp'


File /home/rkddngpr/Catamaran_artifact_issta23/build-catamaran-3.4.0/CMakeFiles/CMakeTmp/CheckSymbolExists.c:
/* */
#include <sys/uio.h>

int main(int argc, char** argv)
{
  (void)argv;
#ifndef writev
  return ((int*)(&writev))[argc];
#else
  (void)argc;
  return 0;
#endif
}
Determining if the nearbyintf exist passed with the following output:
Change Dir: /home/rkddngpr/Catamaran_artifact_issta23/build-catamaran-3.4.0/CMakeFiles/CMakeTmp

Run Build Command(s):/usr/bin/gmake -f Makefile cmTC_e7595/fast && /usr/bin/gmake  -f CMakeFiles/cmTC_e7595.dir/build.make CMakeFiles/cmTC_e7595.dir/build
gmake[1]: Entering directory '/home/rkddngpr/Catamaran_artifact_issta23/build-catamaran-3.4.0/CMakeFiles/CMakeTmp'
Building C object CMakeFiles/cmTC_e7595.dir/CheckSymbolExists.c.o
/usr/bin/cc    -o CMakeFiles/cmTC_e7595.dir/CheckSymbolExists.c.o -c /home/rkddngpr/Catamaran_artifact_issta23/build-catamaran-3.4.0/CMakeFiles/CMakeTmp/CheckSymbolExists.c
Linking C executable cmTC_e7595
/usr/bin/cmake -E cmake_link_script CMakeFiles/cmTC_e7595.dir/link.txt --verbose=1
/usr/bin/cc -rdynamic CMakeFiles/cmTC_e7595.dir/CheckSymbolExists.c.o -o cmTC_e7595  -lm 
gmake[1]: Leaving directory '/home/rkddngpr/Catamaran_artifact_issta23/build-catamaran-3.4.0/CMakeFiles/CMakeTmp'


File /home/rkddngpr/Catamaran_artifact_issta23/build-catamaran-3.4.0/CMakeFiles/CMakeTmp/CheckSymbolExists.c:
/* */
#include <math.h>

int main(int argc, char** argv)
{
  (void)argv;
#ifndef nearbyintf
  return ((int*)(&nearbyintf))[argc];
#else
  (void)argc;
  return 0;
#endif
}
Determining if the mallinfo exist passed with the following output:
Change Dir: /home/rkddngpr/Catamaran_artifact_issta23/build-catamaran-3.4.0/CMakeFiles/CMakeTmp

Run Build Command(s):/usr/bin/gmake -f Makefile cmTC_cc0d8/fast && /usr/bin/gmake  -f CMakeFiles/cmTC_cc0d8.dir/build.make CMakeFiles/cmTC_cc0d8.dir/build
gmake[1]: Entering directory '/home/rkddngpr/Catamaran_artifact_issta23/build-catamaran-3.4.0/CMakeFiles/CMakeTmp'
Building C object CMakeFiles/cmTC_cc0d8.dir/CheckSymbolExists.c.o
/usr/bin/cc    -o CMakeFiles/cmTC_cc0d8.dir/CheckSymbolExists.c.o -c /home/rkddngpr/Catamaran_artifact_issta23/build-catamaran-3.4.0/CMakeFiles/CMakeTmp/CheckSymbolExists.c
/home/rkddngpr/Catamaran_artifact_issta23/build-catamaran-3.4.0/CMakeFiles/CMakeTmp/CheckSymbolExists.c: In function ‘main’:
/home/rkddngpr/Catamaran_artifact_issta23/build-catamaran-3.4.0/CMakeFiles/CMakeTmp/CheckSymbolExists.c:8:3: warning: ‘mallinfo’ is deprecated [-Wdeprecated-declarations]
    8 |   return ((int*)(&mallinfo))[argc];
      |   ^~~~~~
In file included from /home/rkddngpr/Catamaran_artifact_issta23/build-catamaran-3.4.0/CMakeFiles/CMakeTmp/CheckSymbolExists.c:2:
/usr/include/malloc.h:114:24: note: declared here
  114 | extern struct mallinfo mallinfo (void) __THROW __MALLOC_DEPRECATED;
      |                        ^~~~~~~~
Linking C executable cmTC_cc0d8
/usr/bin/cmake -E cmake_link_script CMakeFiles/cmTC_cc0d8.dir/link.txt --verbose=1
/usr/bin/cc -rdynamic CMakeFiles/cmTC_cc0d8.dir/CheckSymbolExists.c.o -o cmTC_cc0d8  -lm 
gmake[1]: Leaving directory '/home/rkddngpr/Catamaran_artifact_issta23/build-catamaran-3.4.0/CMakeFiles/CMakeTmp'


File /home/rkddngpr/Catamaran_artifact_issta23/build-catamaran-3.4.0/CMakeFiles/CMakeTmp/CheckSymbolExists.c:
/* */
#include <malloc.h>

int main(int argc, char** argv)
{
  (void)argv;
#ifndef mallinfo
  return ((int*)(&mallinfo))[argc];
#else
  (void)argc;
  return 0;
#endif
}
Determining if the mkdtemp exist passed with the following output:
Change Dir: /home/rkddngpr/Catamaran_artifact_issta23/build-catamaran-3.4.0/CMakeFiles/CMakeTmp

Run Build Command(s):/usr/bin/gmake -f Makefile cmTC_e23c4/fast && /usr/bin/gmake  -f CMakeFiles/cmTC_e23c4.dir/build.make CMakeFiles/cmTC_e23c4.dir/build
gmake[1]: Entering directory '/home/rkddngpr/Catamaran_artifact_issta23/build-catamaran-3.4.0/CMakeFiles/CMakeTmp'
Building C object CMakeFiles/cmTC_e23c4.dir/CheckSymbolExists.c.o
/usr/bin/cc    -o CMakeFiles/cmTC_e23c4.dir/CheckSymbolExists.c.o -c /home/rkddngpr/Catamaran_artifact_issta23/build-catamaran-3.4.0/CMakeFiles/CMakeTmp/CheckSymbolExists.c
Linking C executable cmTC_e23c4
/usr/bin/cmake -E cmake_link_script CMakeFiles/cmTC_e23c4.dir/link.txt --verbose=1
/usr/bin/cc -rdynamic CMakeFiles/cmTC_e23c4.dir/CheckSymbolExists.c.o -o cmTC_e23c4  -lm 
gmake[1]: Leaving directory '/home/rkddngpr/Catamaran_artifact_issta23/build-catamaran-3.4.0/CMakeFiles/CMakeTmp'


File /home/rkddngpr/Catamaran_artifact_issta23/build-catamaran-3.4.0/CMakeFiles/CMakeTmp/CheckSymbolExists.c:
/* */
#include <stdlib.h>
#include <unistd.h>

int main(int argc, char** argv)
{
  (void)argv;
#ifndef mkdtemp
  return ((int*)(&mkdtemp))[argc];
#else
  (void)argc;
  return 0;
#endif
}
Determining if the mkstemp exist passed with the following output:
Change Dir: /home/rkddngpr/Catamaran_artifact_issta23/build-catamaran-3.4.0/CMakeFiles/CMakeTmp

Run Build Command(s):/usr/bin/gmake -f Makefile cmTC_840a4/fast && /usr/bin/gmake  -f CMakeFiles/cmTC_840a4.dir/build.make CMakeFiles/cmTC_840a4.dir/build
gmake[1]: Entering directory '/home/rkddngpr/Catamaran_artifact_issta23/build-catamaran-3.4.0/CMakeFiles/CMakeTmp'
Building C object CMakeFiles/cmTC_840a4.dir/CheckSymbolExists.c.o
/usr/bin/cc    -o CMakeFiles/cmTC_840a4.dir/CheckSymbolExists.c.o -c /home/rkddngpr/Catamaran_artifact_issta23/build-catamaran-3.4.0/CMakeFiles/CMakeTmp/CheckSymbolExists.c
Linking C executable cmTC_840a4
/usr/bin/cmake -E cmake_link_script CMakeFiles/cmTC_840a4.dir/link.txt --verbose=1
/usr/bin/cc -rdynamic CMakeFiles/cmTC_840a4.dir/CheckSymbolExists.c.o -o cmTC_840a4  -lm 
gmake[1]: Leaving directory '/home/rkddngpr/Catamaran_artifact_issta23/build-catamaran-3.4.0/CMakeFiles/CMakeTmp'


File /home/rkddngpr/Catamaran_artifact_issta23/build-catamaran-3.4.0/CMakeFiles/CMakeTmp/CheckSymbolExists.c:
/* */
#include <stdlib.h>
#include <unistd.h>

int main(int argc, char** argv)
{
  (void)argv;
#ifndef mkstemp
  return ((int*)(&mkstemp))[argc];
#else
  (void)argc;
  return 0;
#endif
}
Determining if the mktemp exist passed with the following output:
Change Dir: /home/rkddngpr/Catamaran_artifact_issta23/build-catamaran-3.4.0/CMakeFiles/CMakeTmp

Run Build Command(s):/usr/bin/gmake -f Makefile cmTC_c35a0/fast && /usr/bin/gmake  -f CMakeFiles/cmTC_c35a0.dir/build.make CMakeFiles/cmTC_c35a0.dir/build
gmake[1]: Entering directory '/home/rkddngpr/Catamaran_artifact_issta23/build-catamaran-3.4.0/CMakeFiles/CMakeTmp'
Building C object CMakeFiles/cmTC_c35a0.dir/CheckSymbolExists.c.o
/usr/bin/cc    -o CMakeFiles/cmTC_c35a0.dir/CheckSymbolExists.c.o -c /home/rkddngpr/Catamaran_artifact_issta23/build-catamaran-3.4.0/CMakeFiles/CMakeTmp/CheckSymbolExists.c
Linking C executable cmTC_c35a0
/usr/bin/cmake -E cmake_link_script CMakeFiles/cmTC_c35a0.dir/link.txt --verbose=1
/usr/bin/cc -rdynamic CMakeFiles/cmTC_c35a0.dir/CheckSymbolExists.c.o -o cmTC_c35a0  -lm 
/usr/bin/ld: CMakeFiles/cmTC_c35a0.dir/CheckSymbolExists.c.o: in function `main':
CheckSymbolExists.c:(.text+0x1f): warning: the use of `mktemp' is dangerous, better use `mkstemp' or `mkdtemp'
gmake[1]: Leaving directory '/home/rkddngpr/Catamaran_artifact_issta23/build-catamaran-3.4.0/CMakeFiles/CMakeTmp'


File /home/rkddngpr/Catamaran_artifact_issta23/build-catamaran-3.4.0/CMakeFiles/CMakeTmp/CheckSymbolExists.c:
/* */
#include <stdlib.h>
#include <unistd.h>

int main(int argc, char** argv)
{
  (void)argv;
#ifndef mktemp
  return ((int*)(&mktemp))[argc];
#else
  (void)argc;
  return 0;
#endif
}
Determining if the closedir exist passed with the following output:
Change Dir: /home/rkddngpr/Catamaran_artifact_issta23/build-catamaran-3.4.0/CMakeFiles/CMakeTmp

Run Build Command(s):/usr/bin/gmake -f Makefile cmTC_206c7/fast && /usr/bin/gmake  -f CMakeFiles/cmTC_206c7.dir/build.make CMakeFiles/cmTC_206c7.dir/build
gmake[1]: Entering directory '/home/rkddngpr/Catamaran_artifact_issta23/build-catamaran-3.4.0/CMakeFiles/CMakeTmp'
Building C object CMakeFiles/cmTC_206c7.dir/CheckSymbolExists.c.o
/usr/bin/cc    -o CMakeFiles/cmTC_206c7.dir/CheckSymbolExists.c.o -c /home/rkddngpr/Catamaran_artifact_issta23/build-catamaran-3.4.0/CMakeFiles/CMakeTmp/CheckSymbolExists.c
Linking C executable cmTC_206c7
/usr/bin/cmake -E cmake_link_script CMakeFiles/cmTC_206c7.dir/link.txt --verbose=1
/usr/bin/cc -rdynamic CMakeFiles/cmTC_206c7.dir/CheckSymbolExists.c.o -o cmTC_206c7  -lm 
gmake[1]: Leaving directory '/home/rkddngpr/Catamaran_artifact_issta23/build-catamaran-3.4.0/CMakeFiles/CMakeTmp'


File /home/rkddngpr/Catamaran_artifact_issta23/build-catamaran-3.4.0/CMakeFiles/CMakeTmp/CheckSymbolExists.c:
/* */
#include <sys/types.h>
#include <dirent.h>

int main(int argc, char** argv)
{
  (void)argv;
#ifndef closedir
  return ((int*)(&closedir))[argc];
#else
  (void)argc;
  return 0;
#endif
}
Determining if the opendir exist passed with the following output:
Change Dir: /home/rkddngpr/Catamaran_artifact_issta23/build-catamaran-3.4.0/CMakeFiles/CMakeTmp

Run Build Command(s):/usr/bin/gmake -f Makefile cmTC_745ec/fast && /usr/bin/gmake  -f CMakeFiles/cmTC_745ec.dir/build.make CMakeFiles/cmTC_745ec.dir/build
gmake[1]: Entering directory '/home/rkddngpr/Catamaran_artifact_issta23/build-catamaran-3.4.0/CMakeFiles/CMakeTmp'
Building C object CMakeFiles/cmTC_745ec.dir/CheckSymbolExists.c.o
/usr/bin/cc    -o CMakeFiles/cmTC_745ec.dir/CheckSymbolExists.c.o -c /home/rkddngpr/Catamaran_artifact_issta23/build-catamaran-3.4.0/CMakeFiles/CMakeTmp/CheckSymbolExists.c
Linking C executable cmTC_745ec
/usr/bin/cmake -E cmake_link_script CMakeFiles/cmTC_745ec.dir/link.txt --verbose=1
/usr/bin/cc -rdynamic CMakeFiles/cmTC_745ec.dir/CheckSymbolExists.c.o -o cmTC_745ec  -lm 
gmake[1]: Leaving directory '/home/rkddngpr/Catamaran_artifact_issta23/build-catamaran-3.4.0/CMakeFiles/CMakeTmp'


File /home/rkddngpr/Catamaran_artifact_issta23/build-catamaran-3.4.0/CMakeFiles/CMakeTmp/CheckSymbolExists.c:
/* */
#include <sys/types.h>
#include <dirent.h>

int main(int argc, char** argv)
{
  (void)argv;
#ifndef opendir
  return ((int*)(&opendir))[argc];
#else
  (void)argc;
  return 0;
#endif
}
Determining if the readdir exist passed with the following output:
Change Dir: /home/rkddngpr/Catamaran_artifact_issta23/build-catamaran-3.4.0/CMakeFiles/CMakeTmp

Run Build Command(s):/usr/bin/gmake -f Makefile cmTC_09b7c/fast && /usr/bin/gmake  -f CMakeFiles/cmTC_09b7c.dir/build.make CMakeFiles/cmTC_09b7c.dir/build
gmake[1]: Entering directory '/home/rkddngpr/Catamaran_artifact_issta23/build-catamaran-3.4.0/CMakeFiles/CMakeTmp'
Building C object CMakeFiles/cmTC_09b7c.dir/CheckSymbolExists.c.o
/usr/bin/cc    -o CMakeFiles/cmTC_09b7c.dir/CheckSymbolExists.c.o -c /home/rkddngpr/Catamaran_artifact_issta23/build-catamaran-3.4.0/CMakeFiles/CMakeTmp/CheckSymbolExists.c
Linking C executable cmTC_09b7c
/usr/bin/cmake -E cmake_link_script CMakeFiles/cmTC_09b7c.dir/link.txt --verbose=1
/usr/bin/cc -rdynamic CMakeFiles/cmTC_09b7c.dir/CheckSymbolExists.c.o -o cmTC_09b7c  -lm 
gmake[1]: Leaving directory '/home/rkddngpr/Catamaran_artifact_issta23/build-catamaran-3.4.0/CMakeFiles/CMakeTmp'


File /home/rkddngpr/Catamaran_artifact_issta23/build-catamaran-3.4.0/CMakeFiles/CMakeTmp/CheckSymbolExists.c:
/* */
#include <sys/types.h>
#include <dirent.h>

int main(int argc, char** argv)
{
  (void)argv;
#ifndef readdir
  return ((int*)(&readdir))[argc];
#else
  (void)argc;
  return 0;
#endif
}
Determining if the getcwd exist passed with the following output:
Change Dir: /home/rkddngpr/Catamaran_artifact_issta23/build-catamaran-3.4.0/CMakeFiles/CMakeTmp

Run Build Command(s):/usr/bin/gmake -f Makefile cmTC_04b1a/fast && /usr/bin/gmake  -f CMakeFiles/cmTC_04b1a.dir/build.make CMakeFiles/cmTC_04b1a.dir/build
gmake[1]: Entering directory '/home/rkddngpr/Catamaran_artifact_issta23/build-catamaran-3.4.0/CMakeFiles/CMakeTmp'
Building C object CMakeFiles/cmTC_04b1a.dir/CheckSymbolExists.c.o
/usr/bin/cc    -o CMakeFiles/cmTC_04b1a.dir/CheckSymbolExists.c.o -c /home/rkddngpr/Catamaran_artifact_issta23/build-catamaran-3.4.0/CMakeFiles/CMakeTmp/CheckSymbolExists.c
Linking C executable cmTC_04b1a
/usr/bin/cmake -E cmake_link_script CMakeFiles/cmTC_04b1a.dir/link.txt --verbose=1
/usr/bin/cc -rdynamic CMakeFiles/cmTC_04b1a.dir/CheckSymbolExists.c.o -o cmTC_04b1a  -lm 
gmake[1]: Leaving directory '/home/rkddngpr/Catamaran_artifact_issta23/build-catamaran-3.4.0/CMakeFiles/CMakeTmp'


File /home/rkddngpr/Catamaran_artifact_issta23/build-catamaran-3.4.0/CMakeFiles/CMakeTmp/CheckSymbolExists.c:
/* */
#include <unistd.h>

int main(int argc, char** argv)
{
  (void)argv;
#ifndef getcwd
  return ((int*)(&getcwd))[argc];
#else
  (void)argc;
  return 0;
#endif
}
Determining if the gettimeofday exist passed with the following output:
Change Dir: /home/rkddngpr/Catamaran_artifact_issta23/build-catamaran-3.4.0/CMakeFiles/CMakeTmp

Run Build Command(s):/usr/bin/gmake -f Makefile cmTC_0feee/fast && /usr/bin/gmake  -f CMakeFiles/cmTC_0feee.dir/build.make CMakeFiles/cmTC_0feee.dir/build
gmake[1]: Entering directory '/home/rkddngpr/Catamaran_artifact_issta23/build-catamaran-3.4.0/CMakeFiles/CMakeTmp'
Building C object CMakeFiles/cmTC_0feee.dir/CheckSymbolExists.c.o
/usr/bin/cc    -o CMakeFiles/cmTC_0feee.dir/CheckSymbolExists.c.o -c /home/rkddngpr/Catamaran_artifact_issta23/build-catamaran-3.4.0/CMakeFiles/CMakeTmp/CheckSymbolExists.c
Linking C executable cmTC_0feee
/usr/bin/cmake -E cmake_link_script CMakeFiles/cmTC_0feee.dir/link.txt --verbose=1
/usr/bin/cc -rdynamic CMakeFiles/cmTC_0feee.dir/CheckSymbolExists.c.o -o cmTC_0feee  -lm 
gmake[1]: Leaving directory '/home/rkddngpr/Catamaran_artifact_issta23/build-catamaran-3.4.0/CMakeFiles/CMakeTmp'


File /home/rkddngpr/Catamaran_artifact_issta23/build-catamaran-3.4.0/CMakeFiles/CMakeTmp/CheckSymbolExists.c:
/* */
#include <sys/time.h>

int main(int argc, char** argv)
{
  (void)argv;
#ifndef gettimeofday
  return ((int*)(&gettimeofday))[argc];
#else
  (void)argc;
  return 0;
#endif
}
Determining if the getrlimit exist passed with the following output:
Change Dir: /home/rkddngpr/Catamaran_artifact_issta23/build-catamaran-3.4.0/CMakeFiles/CMakeTmp

Run Build Command(s):/usr/bin/gmake -f Makefile cmTC_f7e23/fast && /usr/bin/gmake  -f CMakeFiles/cmTC_f7e23.dir/build.make CMakeFiles/cmTC_f7e23.dir/build
gmake[1]: Entering directory '/home/rkddngpr/Catamaran_artifact_issta23/build-catamaran-3.4.0/CMakeFiles/CMakeTmp'
Building C object CMakeFiles/cmTC_f7e23.dir/CheckSymbolExists.c.o
/usr/bin/cc    -o CMakeFiles/cmTC_f7e23.dir/CheckSymbolExists.c.o -c /home/rkddngpr/Catamaran_artifact_issta23/build-catamaran-3.4.0/CMakeFiles/CMakeTmp/CheckSymbolExists.c
Linking C executable cmTC_f7e23
/usr/bin/cmake -E cmake_link_script CMakeFiles/cmTC_f7e23.dir/link.txt --verbose=1
/usr/bin/cc -rdynamic CMakeFiles/cmTC_f7e23.dir/CheckSymbolExists.c.o -o cmTC_f7e23  -lm 
gmake[1]: Leaving directory '/home/rkddngpr/Catamaran_artifact_issta23/build-catamaran-3.4.0/CMakeFiles/CMakeTmp'


File /home/rkddngpr/Catamaran_artifact_issta23/build-catamaran-3.4.0/CMakeFiles/CMakeTmp/CheckSymbolExists.c:
/* */
#include <sys/types.h>
#include <sys/time.h>
#include <sys/resource.h>

int main(int argc, char** argv)
{
  (void)argv;
#ifndef getrlimit
  return ((int*)(&getrlimit))[argc];
#else
  (void)argc;
  return 0;
#endif
}
Determining if the posix_spawn exist passed with the following output:
Change Dir: /home/rkddngpr/Catamaran_artifact_issta23/build-catamaran-3.4.0/CMakeFiles/CMakeTmp

Run Build Command(s):/usr/bin/gmake -f Makefile cmTC_3fadf/fast && /usr/bin/gmake  -f CMakeFiles/cmTC_3fadf.dir/build.make CMakeFiles/cmTC_3fadf.dir/build
gmake[1]: Entering directory '/home/rkddngpr/Catamaran_artifact_issta23/build-catamaran-3.4.0/CMakeFiles/CMakeTmp'
Building C object CMakeFiles/cmTC_3fadf.dir/CheckSymbolExists.c.o
/usr/bin/cc    -o CMakeFiles/cmTC_3fadf.dir/CheckSymbolExists.c.o -c /home/rkddngpr/Catamaran_artifact_issta23/build-catamaran-3.4.0/CMakeFiles/CMakeTmp/CheckSymbolExists.c
Linking C executable cmTC_3fadf
/usr/bin/cmake -E cmake_link_script CMakeFiles/cmTC_3fadf.dir/link.txt --verbose=1
/usr/bin/cc -rdynamic CMakeFiles/cmTC_3fadf.dir/CheckSymbolExists.c.o -o cmTC_3fadf  -lm 
gmake[1]: Leaving directory '/home/rkddngpr/Catamaran_artifact_issta23/build-catamaran-3.4.0/CMakeFiles/CMakeTmp'


File /home/rkddngpr/Catamaran_artifact_issta23/build-catamaran-3.4.0/CMakeFiles/CMakeTmp/CheckSymbolExists.c:
/* */
#include <spawn.h>

int main(int argc, char** argv)
{
  (void)argv;
#ifndef posix_spawn
  return ((int*)(&posix_spawn))[argc];
#else
  (void)argc;
  return 0;
#endif
}
Determining if the pread exist passed with the following output:
Change Dir: /home/rkddngpr/Catamaran_artifact_issta23/build-catamaran-3.4.0/CMakeFiles/CMakeTmp

Run Build Command(s):/usr/bin/gmake -f Makefile cmTC_fbee9/fast && /usr/bin/gmake  -f CMakeFiles/cmTC_fbee9.dir/build.make CMakeFiles/cmTC_fbee9.dir/build
gmake[1]: Entering directory '/home/rkddngpr/Catamaran_artifact_issta23/build-catamaran-3.4.0/CMakeFiles/CMakeTmp'
Building C object CMakeFiles/cmTC_fbee9.dir/CheckSymbolExists.c.o
/usr/bin/cc    -o CMakeFiles/cmTC_fbee9.dir/CheckSymbolExists.c.o -c /home/rkddngpr/Catamaran_artifact_issta23/build-catamaran-3.4.0/CMakeFiles/CMakeTmp/CheckSymbolExists.c
Linking C executable cmTC_fbee9
/usr/bin/cmake -E cmake_link_script CMakeFiles/cmTC_fbee9.dir/link.txt --verbose=1
/usr/bin/cc -rdynamic CMakeFiles/cmTC_fbee9.dir/CheckSymbolExists.c.o -o cmTC_fbee9  -lm 
gmake[1]: Leaving directory '/home/rkddngpr/Catamaran_artifact_issta23/build-catamaran-3.4.0/CMakeFiles/CMakeTmp'


File /home/rkddngpr/Catamaran_artifact_issta23/build-catamaran-3.4.0/CMakeFiles/CMakeTmp/CheckSymbolExists.c:
/* */
#include <unistd.h>

int main(int argc, char** argv)
{
  (void)argv;
#ifndef pread
  return ((int*)(&pread))[argc];
#else
  (void)argc;
  return 0;
#endif
}
Determining if the realpath exist passed with the following output:
Change Dir: /home/rkddngpr/Catamaran_artifact_issta23/build-catamaran-3.4.0/CMakeFiles/CMakeTmp

Run Build Command(s):/usr/bin/gmake -f Makefile cmTC_6098b/fast && /usr/bin/gmake  -f CMakeFiles/cmTC_6098b.dir/build.make CMakeFiles/cmTC_6098b.dir/build
gmake[1]: Entering directory '/home/rkddngpr/Catamaran_artifact_issta23/build-catamaran-3.4.0/CMakeFiles/CMakeTmp'
Building C object CMakeFiles/cmTC_6098b.dir/CheckSymbolExists.c.o
/usr/bin/cc    -o CMakeFiles/cmTC_6098b.dir/CheckSymbolExists.c.o -c /home/rkddngpr/Catamaran_artifact_issta23/build-catamaran-3.4.0/CMakeFiles/CMakeTmp/CheckSymbolExists.c
Linking C executable cmTC_6098b
/usr/bin/cmake -E cmake_link_script CMakeFiles/cmTC_6098b.dir/link.txt --verbose=1
/usr/bin/cc -rdynamic CMakeFiles/cmTC_6098b.dir/CheckSymbolExists.c.o -o cmTC_6098b  -lm 
gmake[1]: Leaving directory '/home/rkddngpr/Catamaran_artifact_issta23/build-catamaran-3.4.0/CMakeFiles/CMakeTmp'


File /home/rkddngpr/Catamaran_artifact_issta23/build-catamaran-3.4.0/CMakeFiles/CMakeTmp/CheckSymbolExists.c:
/* */
#include <stdlib.h>

int main(int argc, char** argv)
{
  (void)argv;
#ifndef realpath
  return ((int*)(&realpath))[argc];
#else
  (void)argc;
  return 0;
#endif
}
Determining if the sbrk exist passed with the following output:
Change Dir: /home/rkddngpr/Catamaran_artifact_issta23/build-catamaran-3.4.0/CMakeFiles/CMakeTmp

Run Build Command(s):/usr/bin/gmake -f Makefile cmTC_60854/fast && /usr/bin/gmake  -f CMakeFiles/cmTC_60854.dir/build.make CMakeFiles/cmTC_60854.dir/build
gmake[1]: Entering directory '/home/rkddngpr/Catamaran_artifact_issta23/build-catamaran-3.4.0/CMakeFiles/CMakeTmp'
Building C object CMakeFiles/cmTC_60854.dir/CheckSymbolExists.c.o
/usr/bin/cc    -o CMakeFiles/cmTC_60854.dir/CheckSymbolExists.c.o -c /home/rkddngpr/Catamaran_artifact_issta23/build-catamaran-3.4.0/CMakeFiles/CMakeTmp/CheckSymbolExists.c
Linking C executable cmTC_60854
/usr/bin/cmake -E cmake_link_script CMakeFiles/cmTC_60854.dir/link.txt --verbose=1
/usr/bin/cc -rdynamic CMakeFiles/cmTC_60854.dir/CheckSymbolExists.c.o -o cmTC_60854  -lm 
gmake[1]: Leaving directory '/home/rkddngpr/Catamaran_artifact_issta23/build-catamaran-3.4.0/CMakeFiles/CMakeTmp'


File /home/rkddngpr/Catamaran_artifact_issta23/build-catamaran-3.4.0/CMakeFiles/CMakeTmp/CheckSymbolExists.c:
/* */
#include <unistd.h>

int main(int argc, char** argv)
{
  (void)argv;
#ifndef sbrk
  return ((int*)(&sbrk))[argc];
#else
  (void)argc;
  return 0;
#endif
}
Determining if the srand48 exist passed with the following output:
Change Dir: /home/rkddngpr/Catamaran_artifact_issta23/build-catamaran-3.4.0/CMakeFiles/CMakeTmp

Run Build Command(s):/usr/bin/gmake -f Makefile cmTC_d8f1b/fast && /usr/bin/gmake  -f CMakeFiles/cmTC_d8f1b.dir/build.make CMakeFiles/cmTC_d8f1b.dir/build
gmake[1]: Entering directory '/home/rkddngpr/Catamaran_artifact_issta23/build-catamaran-3.4.0/CMakeFiles/CMakeTmp'
Building C object CMakeFiles/cmTC_d8f1b.dir/CheckSymbolExists.c.o
/usr/bin/cc    -o CMakeFiles/cmTC_d8f1b.dir/CheckSymbolExists.c.o -c /home/rkddngpr/Catamaran_artifact_issta23/build-catamaran-3.4.0/CMakeFiles/CMakeTmp/CheckSymbolExists.c
Linking C executable cmTC_d8f1b
/usr/bin/cmake -E cmake_link_script CMakeFiles/cmTC_d8f1b.dir/link.txt --verbose=1
/usr/bin/cc -rdynamic CMakeFiles/cmTC_d8f1b.dir/CheckSymbolExists.c.o -o cmTC_d8f1b  -lm 
gmake[1]: Leaving directory '/home/rkddngpr/Catamaran_artifact_issta23/build-catamaran-3.4.0/CMakeFiles/CMakeTmp'


File /home/rkddngpr/Catamaran_artifact_issta23/build-catamaran-3.4.0/CMakeFiles/CMakeTmp/CheckSymbolExists.c:
/* */
#include <stdlib.h>

int main(int argc, char** argv)
{
  (void)argv;
#ifndef srand48
  return ((int*)(&srand48))[argc];
#else
  (void)argc;
  return 0;
#endif
}
Determining if the lrand48 exist passed with the following output:
Change Dir: /home/rkddngpr/Catamaran_artifact_issta23/build-catamaran-3.4.0/CMakeFiles/CMakeTmp

Run Build Command(s):/usr/bin/gmake -f Makefile cmTC_b80d2/fast && /usr/bin/gmake  -f CMakeFiles/cmTC_b80d2.dir/build.make CMakeFiles/cmTC_b80d2.dir/build
gmake[1]: Entering directory '/home/rkddngpr/Catamaran_artifact_issta23/build-catamaran-3.4.0/CMakeFiles/CMakeTmp'
Building C object CMakeFiles/cmTC_b80d2.dir/CheckSymbolExists.c.o
/usr/bin/cc    -o CMakeFiles/cmTC_b80d2.dir/CheckSymbolExists.c.o -c /home/rkddngpr/Catamaran_artifact_issta23/build-catamaran-3.4.0/CMakeFiles/CMakeTmp/CheckSymbolExists.c
Linking C executable cmTC_b80d2
/usr/bin/cmake -E cmake_link_script CMakeFiles/cmTC_b80d2.dir/link.txt --verbose=1
/usr/bin/cc -rdynamic CMakeFiles/cmTC_b80d2.dir/CheckSymbolExists.c.o -o cmTC_b80d2  -lm 
gmake[1]: Leaving directory '/home/rkddngpr/Catamaran_artifact_issta23/build-catamaran-3.4.0/CMakeFiles/CMakeTmp'


File /home/rkddngpr/Catamaran_artifact_issta23/build-catamaran-3.4.0/CMakeFiles/CMakeTmp/CheckSymbolExists.c:
/* */
#include <stdlib.h>

int main(int argc, char** argv)
{
  (void)argv;
#ifndef lrand48
  return ((int*)(&lrand48))[argc];
#else
  (void)argc;
  return 0;
#endif
}
Determining if the drand48 exist passed with the following output:
Change Dir: /home/rkddngpr/Catamaran_artifact_issta23/build-catamaran-3.4.0/CMakeFiles/CMakeTmp

Run Build Command(s):/usr/bin/gmake -f Makefile cmTC_ff1e1/fast && /usr/bin/gmake  -f CMakeFiles/cmTC_ff1e1.dir/build.make CMakeFiles/cmTC_ff1e1.dir/build
gmake[1]: Entering directory '/home/rkddngpr/Catamaran_artifact_issta23/build-catamaran-3.4.0/CMakeFiles/CMakeTmp'
Building C object CMakeFiles/cmTC_ff1e1.dir/CheckSymbolExists.c.o
/usr/bin/cc    -o CMakeFiles/cmTC_ff1e1.dir/CheckSymbolExists.c.o -c /home/rkddngpr/Catamaran_artifact_issta23/build-catamaran-3.4.0/CMakeFiles/CMakeTmp/CheckSymbolExists.c
Linking C executable cmTC_ff1e1
/usr/bin/cmake -E cmake_link_script CMakeFiles/cmTC_ff1e1.dir/link.txt --verbose=1
/usr/bin/cc -rdynamic CMakeFiles/cmTC_ff1e1.dir/CheckSymbolExists.c.o -o cmTC_ff1e1  -lm 
gmake[1]: Leaving directory '/home/rkddngpr/Catamaran_artifact_issta23/build-catamaran-3.4.0/CMakeFiles/CMakeTmp'


File /home/rkddngpr/Catamaran_artifact_issta23/build-catamaran-3.4.0/CMakeFiles/CMakeTmp/CheckSymbolExists.c:
/* */
#include <stdlib.h>

int main(int argc, char** argv)
{
  (void)argv;
#ifndef drand48
  return ((int*)(&drand48))[argc];
#else
  (void)argc;
  return 0;
#endif
}
Determining if the strtoll exist passed with the following output:
Change Dir: /home/rkddngpr/Catamaran_artifact_issta23/build-catamaran-3.4.0/CMakeFiles/CMakeTmp

Run Build Command(s):/usr/bin/gmake -f Makefile cmTC_ae832/fast && /usr/bin/gmake  -f CMakeFiles/cmTC_ae832.dir/build.make CMakeFiles/cmTC_ae832.dir/build
gmake[1]: Entering directory '/home/rkddngpr/Catamaran_artifact_issta23/build-catamaran-3.4.0/CMakeFiles/CMakeTmp'
Building C object CMakeFiles/cmTC_ae832.dir/CheckSymbolExists.c.o
/usr/bin/cc    -o CMakeFiles/cmTC_ae832.dir/CheckSymbolExists.c.o -c /home/rkddngpr/Catamaran_artifact_issta23/build-catamaran-3.4.0/CMakeFiles/CMakeTmp/CheckSymbolExists.c
Linking C executable cmTC_ae832
/usr/bin/cmake -E cmake_link_script CMakeFiles/cmTC_ae832.dir/link.txt --verbose=1
/usr/bin/cc -rdynamic CMakeFiles/cmTC_ae832.dir/CheckSymbolExists.c.o -o cmTC_ae832  -lm 
gmake[1]: Leaving directory '/home/rkddngpr/Catamaran_artifact_issta23/build-catamaran-3.4.0/CMakeFiles/CMakeTmp'


File /home/rkddngpr/Catamaran_artifact_issta23/build-catamaran-3.4.0/CMakeFiles/CMakeTmp/CheckSymbolExists.c:
/* */
#include <stdlib.h>

int main(int argc, char** argv)
{
  (void)argv;
#ifndef strtoll
  return ((int*)(&strtoll))[argc];
#else
  (void)argc;
  return 0;
#endif
}
Determining if the strtoq exist passed with the following output:
Change Dir: /home/rkddngpr/Catamaran_artifact_issta23/build-catamaran-3.4.0/CMakeFiles/CMakeTmp

Run Build Command(s):/usr/bin/gmake -f Makefile cmTC_4682d/fast && /usr/bin/gmake  -f CMakeFiles/cmTC_4682d.dir/build.make CMakeFiles/cmTC_4682d.dir/build
gmake[1]: Entering directory '/home/rkddngpr/Catamaran_artifact_issta23/build-catamaran-3.4.0/CMakeFiles/CMakeTmp'
Building C object CMakeFiles/cmTC_4682d.dir/CheckSymbolExists.c.o
/usr/bin/cc    -o CMakeFiles/cmTC_4682d.dir/CheckSymbolExists.c.o -c /home/rkddngpr/Catamaran_artifact_issta23/build-catamaran-3.4.0/CMakeFiles/CMakeTmp/CheckSymbolExists.c
Linking C executable cmTC_4682d
/usr/bin/cmake -E cmake_link_script CMakeFiles/cmTC_4682d.dir/link.txt --verbose=1
/usr/bin/cc -rdynamic CMakeFiles/cmTC_4682d.dir/CheckSymbolExists.c.o -o cmTC_4682d  -lm 
gmake[1]: Leaving directory '/home/rkddngpr/Catamaran_artifact_issta23/build-catamaran-3.4.0/CMakeFiles/CMakeTmp'


File /home/rkddngpr/Catamaran_artifact_issta23/build-catamaran-3.4.0/CMakeFiles/CMakeTmp/CheckSymbolExists.c:
/* */
#include <stdlib.h>

int main(int argc, char** argv)
{
  (void)argv;
#ifndef strtoq
  return ((int*)(&strtoq))[argc];
#else
  (void)argc;
  return 0;
#endif
}
Determining if the strerror exist passed with the following output:
Change Dir: /home/rkddngpr/Catamaran_artifact_issta23/build-catamaran-3.4.0/CMakeFiles/CMakeTmp

Run Build Command(s):/usr/bin/gmake -f Makefile cmTC_3e77e/fast && /usr/bin/gmake  -f CMakeFiles/cmTC_3e77e.dir/build.make CMakeFiles/cmTC_3e77e.dir/build
gmake[1]: Entering directory '/home/rkddngpr/Catamaran_artifact_issta23/build-catamaran-3.4.0/CMakeFiles/CMakeTmp'
Building C object CMakeFiles/cmTC_3e77e.dir/CheckSymbolExists.c.o
/usr/bin/cc    -o CMakeFiles/cmTC_3e77e.dir/CheckSymbolExists.c.o -c /home/rkddngpr/Catamaran_artifact_issta23/build-catamaran-3.4.0/CMakeFiles/CMakeTmp/CheckSymbolExists.c
Linking C executable cmTC_3e77e
/usr/bin/cmake -E cmake_link_script CMakeFiles/cmTC_3e77e.dir/link.txt --verbose=1
/usr/bin/cc -rdynamic CMakeFiles/cmTC_3e77e.dir/CheckSymbolExists.c.o -o cmTC_3e77e  -lm 
gmake[1]: Leaving directory '/home/rkddngpr/Catamaran_artifact_issta23/build-catamaran-3.4.0/CMakeFiles/CMakeTmp'


File /home/rkddngpr/Catamaran_artifact_issta23/build-catamaran-3.4.0/CMakeFiles/CMakeTmp/CheckSymbolExists.c:
/* */
#include <string.h>

int main(int argc, char** argv)
{
  (void)argv;
#ifndef strerror
  return ((int*)(&strerror))[argc];
#else
  (void)argc;
  return 0;
#endif
}
Determining if the strerror_r exist passed with the following output:
Change Dir: /home/rkddngpr/Catamaran_artifact_issta23/build-catamaran-3.4.0/CMakeFiles/CMakeTmp

Run Build Command(s):/usr/bin/gmake -f Makefile cmTC_4ebd6/fast && /usr/bin/gmake  -f CMakeFiles/cmTC_4ebd6.dir/build.make CMakeFiles/cmTC_4ebd6.dir/build
gmake[1]: Entering directory '/home/rkddngpr/Catamaran_artifact_issta23/build-catamaran-3.4.0/CMakeFiles/CMakeTmp'
Building C object CMakeFiles/cmTC_4ebd6.dir/CheckSymbolExists.c.o
/usr/bin/cc    -o CMakeFiles/cmTC_4ebd6.dir/CheckSymbolExists.c.o -c /home/rkddngpr/Catamaran_artifact_issta23/build-catamaran-3.4.0/CMakeFiles/CMakeTmp/CheckSymbolExists.c
Linking C executable cmTC_4ebd6
/usr/bin/cmake -E cmake_link_script CMakeFiles/cmTC_4ebd6.dir/link.txt --verbose=1
/usr/bin/cc -rdynamic CMakeFiles/cmTC_4ebd6.dir/CheckSymbolExists.c.o -o cmTC_4ebd6  -lm 
gmake[1]: Leaving directory '/home/rkddngpr/Catamaran_artifact_issta23/build-catamaran-3.4.0/CMakeFiles/CMakeTmp'


File /home/rkddngpr/Catamaran_artifact_issta23/build-catamaran-3.4.0/CMakeFiles/CMakeTmp/CheckSymbolExists.c:
/* */
#include <string.h>

int main(int argc, char** argv)
{
  (void)argv;
#ifndef strerror_r
  return ((int*)(&strerror_r))[argc];
#else
  (void)argc;
  return 0;
#endif
}
Determining if the setenv exist passed with the following output:
Change Dir: /home/rkddngpr/Catamaran_artifact_issta23/build-catamaran-3.4.0/CMakeFiles/CMakeTmp

Run Build Command(s):/usr/bin/gmake -f Makefile cmTC_c39df/fast && /usr/bin/gmake  -f CMakeFiles/cmTC_c39df.dir/build.make CMakeFiles/cmTC_c39df.dir/build
gmake[1]: Entering directory '/home/rkddngpr/Catamaran_artifact_issta23/build-catamaran-3.4.0/CMakeFiles/CMakeTmp'
Building C object CMakeFiles/cmTC_c39df.dir/CheckSymbolExists.c.o
/usr/bin/cc    -o CMakeFiles/cmTC_c39df.dir/CheckSymbolExists.c.o -c /home/rkddngpr/Catamaran_artifact_issta23/build-catamaran-3.4.0/CMakeFiles/CMakeTmp/CheckSymbolExists.c
Linking C executable cmTC_c39df
/usr/bin/cmake -E cmake_link_script CMakeFiles/cmTC_c39df.dir/link.txt --verbose=1
/usr/bin/cc -rdynamic CMakeFiles/cmTC_c39df.dir/CheckSymbolExists.c.o -o cmTC_c39df  -lm 
gmake[1]: Leaving directory '/home/rkddngpr/Catamaran_artifact_issta23/build-catamaran-3.4.0/CMakeFiles/CMakeTmp'


File /home/rkddngpr/Catamaran_artifact_issta23/build-catamaran-3.4.0/CMakeFiles/CMakeTmp/CheckSymbolExists.c:
/* */
#include <stdlib.h>

int main(int argc, char** argv)
{
  (void)argv;
#ifndef setenv
  return ((int*)(&setenv))[argc];
#else
  (void)argc;
  return 0;
#endif
}
Determining if the dlerror exist passed with the following output:
Change Dir: /home/rkddngpr/Catamaran_artifact_issta23/build-catamaran-3.4.0/CMakeFiles/CMakeTmp

Run Build Command(s):/usr/bin/gmake -f Makefile cmTC_89e27/fast && /usr/bin/gmake  -f CMakeFiles/cmTC_89e27.dir/build.make CMakeFiles/cmTC_89e27.dir/build
gmake[1]: Entering directory '/home/rkddngpr/Catamaran_artifact_issta23/build-catamaran-3.4.0/CMakeFiles/CMakeTmp'
Building C object CMakeFiles/cmTC_89e27.dir/CheckSymbolExists.c.o
/usr/bin/cc    -o CMakeFiles/cmTC_89e27.dir/CheckSymbolExists.c.o -c /home/rkddngpr/Catamaran_artifact_issta23/build-catamaran-3.4.0/CMakeFiles/CMakeTmp/CheckSymbolExists.c
Linking C executable cmTC_89e27
/usr/bin/cmake -E cmake_link_script CMakeFiles/cmTC_89e27.dir/link.txt --verbose=1
/usr/bin/cc -rdynamic CMakeFiles/cmTC_89e27.dir/CheckSymbolExists.c.o -o cmTC_89e27  -lm -ldl 
gmake[1]: Leaving directory '/home/rkddngpr/Catamaran_artifact_issta23/build-catamaran-3.4.0/CMakeFiles/CMakeTmp'


File /home/rkddngpr/Catamaran_artifact_issta23/build-catamaran-3.4.0/CMakeFiles/CMakeTmp/CheckSymbolExists.c:
/* */
#include <dlfcn.h>

int main(int argc, char** argv)
{
  (void)argv;
#ifndef dlerror
  return ((int*)(&dlerror))[argc];
#else
  (void)argc;
  return 0;
#endif
}
Determining if the dlopen exist passed with the following output:
Change Dir: /home/rkddngpr/Catamaran_artifact_issta23/build-catamaran-3.4.0/CMakeFiles/CMakeTmp

Run Build Command(s):/usr/bin/gmake -f Makefile cmTC_11fda/fast && /usr/bin/gmake  -f CMakeFiles/cmTC_11fda.dir/build.make CMakeFiles/cmTC_11fda.dir/build
gmake[1]: Entering directory '/home/rkddngpr/Catamaran_artifact_issta23/build-catamaran-3.4.0/CMakeFiles/CMakeTmp'
Building C object CMakeFiles/cmTC_11fda.dir/CheckSymbolExists.c.o
/usr/bin/cc    -o CMakeFiles/cmTC_11fda.dir/CheckSymbolExists.c.o -c /home/rkddngpr/Catamaran_artifact_issta23/build-catamaran-3.4.0/CMakeFiles/CMakeTmp/CheckSymbolExists.c
Linking C executable cmTC_11fda
/usr/bin/cmake -E cmake_link_script CMakeFiles/cmTC_11fda.dir/link.txt --verbose=1
/usr/bin/cc -rdynamic CMakeFiles/cmTC_11fda.dir/CheckSymbolExists.c.o -o cmTC_11fda  -lm -ldl 
gmake[1]: Leaving directory '/home/rkddngpr/Catamaran_artifact_issta23/build-catamaran-3.4.0/CMakeFiles/CMakeTmp'


File /home/rkddngpr/Catamaran_artifact_issta23/build-catamaran-3.4.0/CMakeFiles/CMakeTmp/CheckSymbolExists.c:
/* */
#include <dlfcn.h>

int main(int argc, char** argv)
{
  (void)argv;
#ifndef dlopen
  return ((int*)(&dlopen))[argc];
#else
  (void)argc;
  return 0;
#endif
}
Determining if the __GLIBC__ exist passed with the following output:
Change Dir: /home/rkddngpr/Catamaran_artifact_issta23/build-catamaran-3.4.0/CMakeFiles/CMakeTmp

Run Build Command(s):/usr/bin/gmake -f Makefile cmTC_61942/fast && /usr/bin/gmake  -f CMakeFiles/cmTC_61942.dir/build.make CMakeFiles/cmTC_61942.dir/build
gmake[1]: Entering directory '/home/rkddngpr/Catamaran_artifact_issta23/build-catamaran-3.4.0/CMakeFiles/CMakeTmp'
Building C object CMakeFiles/cmTC_61942.dir/CheckSymbolExists.c.o
/usr/bin/cc    -o CMakeFiles/cmTC_61942.dir/CheckSymbolExists.c.o -c /home/rkddngpr/Catamaran_artifact_issta23/build-catamaran-3.4.0/CMakeFiles/CMakeTmp/CheckSymbolExists.c
Linking C executable cmTC_61942
/usr/bin/cmake -E cmake_link_script CMakeFiles/cmTC_61942.dir/link.txt --verbose=1
/usr/bin/cc -rdynamic CMakeFiles/cmTC_61942.dir/CheckSymbolExists.c.o -o cmTC_61942  -lm 
gmake[1]: Leaving directory '/home/rkddngpr/Catamaran_artifact_issta23/build-catamaran-3.4.0/CMakeFiles/CMakeTmp'


File /home/rkddngpr/Catamaran_artifact_issta23/build-catamaran-3.4.0/CMakeFiles/CMakeTmp/CheckSymbolExists.c:
/* */
#include <stdio.h>

int main(int argc, char** argv)
{
  (void)argv;
#ifndef __GLIBC__
  return ((int*)(&__GLIBC__))[argc];
#else
  (void)argc;
  return 0;
#endif
}
Performing C++ SOURCE FILE Test HAVE_INT64_T succeeded with the following output:
Change Dir: /home/rkddngpr/Catamaran_artifact_issta23/build-catamaran-3.4.0/CMakeFiles/CMakeTmp

Run Build Command(s):/usr/bin/gmake -f Makefile cmTC_b9c92/fast && /usr/bin/gmake  -f CMakeFiles/cmTC_b9c92.dir/build.make CMakeFiles/cmTC_b9c92.dir/build
gmake[1]: Entering directory '/home/rkddngpr/Catamaran_artifact_issta23/build-catamaran-3.4.0/CMakeFiles/CMakeTmp'
Building CXX object CMakeFiles/cmTC_b9c92.dir/src.cxx.o
/usr/bin/c++ -DHAVE_INT64_T  -std=c++11  -o CMakeFiles/cmTC_b9c92.dir/src.cxx.o -c /home/rkddngpr/Catamaran_artifact_issta23/build-catamaran-3.4.0/CMakeFiles/CMakeTmp/src.cxx
Linking CXX executable cmTC_b9c92
/usr/bin/cmake -E cmake_link_script CMakeFiles/cmTC_b9c92.dir/link.txt --verbose=1
/usr/bin/c++  -std=c++11  -rdynamic CMakeFiles/cmTC_b9c92.dir/src.cxx.o -o cmTC_b9c92  -lm 
gmake[1]: Leaving directory '/home/rkddngpr/Catamaran_artifact_issta23/build-catamaran-3.4.0/CMakeFiles/CMakeTmp'


Source file was:

    #include<sys/types.h>
#include<inttypes.h>
#include<stdint.h>
 int64_t typeVar;
    int main() {
        return 0;
    }
    
Performing C++ SOURCE FILE Test HAVE_UINT64_T succeeded with the following output:
Change Dir: /home/rkddngpr/Catamaran_artifact_issta23/build-catamaran-3.4.0/CMakeFiles/CMakeTmp

Run Build Command(s):/usr/bin/gmake -f Makefile cmTC_66d3e/fast && /usr/bin/gmake  -f CMakeFiles/cmTC_66d3e.dir/build.make CMakeFiles/cmTC_66d3e.dir/build
gmake[1]: Entering directory '/home/rkddngpr/Catamaran_artifact_issta23/build-catamaran-3.4.0/CMakeFiles/CMakeTmp'
Building CXX object CMakeFiles/cmTC_66d3e.dir/src.cxx.o
/usr/bin/c++ -DHAVE_UINT64_T  -std=c++11  -o CMakeFiles/cmTC_66d3e.dir/src.cxx.o -c /home/rkddngpr/Catamaran_artifact_issta23/build-catamaran-3.4.0/CMakeFiles/CMakeTmp/src.cxx
Linking CXX executable cmTC_66d3e
/usr/bin/cmake -E cmake_link_script CMakeFiles/cmTC_66d3e.dir/link.txt --verbose=1
/usr/bin/c++  -std=c++11  -rdynamic CMakeFiles/cmTC_66d3e.dir/src.cxx.o -o cmTC_66d3e  -lm 
gmake[1]: Leaving directory '/home/rkddngpr/Catamaran_artifact_issta23/build-catamaran-3.4.0/CMakeFiles/CMakeTmp'


Source file was:

    #include<sys/types.h>
#include<inttypes.h>
#include<stdint.h>
 uint64_t typeVar;
    int main() {
        return 0;
    }
    
Performing C++ SOURCE FILE Test HAVE_U_INT64_T succeeded with the following output:
Change Dir: /home/rkddngpr/Catamaran_artifact_issta23/build-catamaran-3.4.0/CMakeFiles/CMakeTmp

Run Build Command(s):/usr/bin/gmake -f Makefile cmTC_96273/fast && /usr/bin/gmake  -f CMakeFiles/cmTC_96273.dir/build.make CMakeFiles/cmTC_96273.dir/build
gmake[1]: Entering directory '/home/rkddngpr/Catamaran_artifact_issta23/build-catamaran-3.4.0/CMakeFiles/CMakeTmp'
Building CXX object CMakeFiles/cmTC_96273.dir/src.cxx.o
/usr/bin/c++ -DHAVE_U_INT64_T  -std=c++11  -o CMakeFiles/cmTC_96273.dir/src.cxx.o -c /home/rkddngpr/Catamaran_artifact_issta23/build-catamaran-3.4.0/CMakeFiles/CMakeTmp/src.cxx
Linking CXX executable cmTC_96273
/usr/bin/cmake -E cmake_link_script CMakeFiles/cmTC_96273.dir/link.txt --verbose=1
/usr/bin/c++  -std=c++11  -rdynamic CMakeFiles/cmTC_96273.dir/src.cxx.o -o cmTC_96273  -lm 
gmake[1]: Leaving directory '/home/rkddngpr/Catamaran_artifact_issta23/build-catamaran-3.4.0/CMakeFiles/CMakeTmp'


Source file was:

    #include<sys/types.h>
#include<inttypes.h>
#include<stdint.h>
 u_int64_t typeVar;
    int main() {
        return 0;
    }
    
Performing C++ SOURCE FILE Test LLVM_HAS_ATOMICS succeeded with the following output:
Change Dir: /home/rkddngpr/Catamaran_artifact_issta23/build-catamaran-3.4.0/CMakeFiles/CMakeTmp

Run Build Command(s):/usr/bin/gmake -f Makefile cmTC_a3569/fast && /usr/bin/gmake  -f CMakeFiles/cmTC_a3569.dir/build.make CMakeFiles/cmTC_a3569.dir/build
gmake[1]: Entering directory '/home/rkddngpr/Catamaran_artifact_issta23/build-catamaran-3.4.0/CMakeFiles/CMakeTmp'
Building CXX object CMakeFiles/cmTC_a3569.dir/src.cxx.o
/usr/bin/c++ -DLLVM_HAS_ATOMICS  -std=c++11  -o CMakeFiles/cmTC_a3569.dir/src.cxx.o -c /home/rkddngpr/Catamaran_artifact_issta23/build-catamaran-3.4.0/CMakeFiles/CMakeTmp/src.cxx
Linking CXX executable cmTC_a3569
/usr/bin/cmake -E cmake_link_script CMakeFiles/cmTC_a3569.dir/link.txt --verbose=1
/usr/bin/c++  -std=c++11  -rdynamic CMakeFiles/cmTC_a3569.dir/src.cxx.o -o cmTC_a3569  -lm 
gmake[1]: Leaving directory '/home/rkddngpr/Catamaran_artifact_issta23/build-catamaran-3.4.0/CMakeFiles/CMakeTmp'


Source file was:

#ifdef _MSC_VER
#include <windows.h>
#endif
int main() {
#ifdef _MSC_VER
        volatile LONG val = 1;
        MemoryBarrier();
        InterlockedCompareExchange(&val, 0, 1);
        InterlockedIncrement(&val);
        InterlockedDecrement(&val);
#else
        volatile unsigned long val = 1;
        __sync_synchronize();
        __sync_val_compare_and_swap(&val, 1, 0);
        __sync_add_and_fetch(&val, 1);
        __sync_sub_and_fetch(&val, 1);
#endif
        return 0;
      }

Performing C++ SOURCE FILE Test SUPPORTS_NO_VARIADIC_MACROS_FLAG succeeded with the following output:
Change Dir: /home/rkddngpr/Catamaran_artifact_issta23/build-catamaran-3.4.0/CMakeFiles/CMakeTmp

Run Build Command(s):/usr/bin/gmake -f Makefile cmTC_3fb09/fast && /usr/bin/gmake  -f CMakeFiles/cmTC_3fb09.dir/build.make CMakeFiles/cmTC_3fb09.dir/build
gmake[1]: Entering directory '/home/rkddngpr/Catamaran_artifact_issta23/build-catamaran-3.4.0/CMakeFiles/CMakeTmp'
Building CXX object CMakeFiles/cmTC_3fb09.dir/src.cxx.o
/usr/bin/c++ -DSUPPORTS_NO_VARIADIC_MACROS_FLAG  -std=c++11    -Wno-variadic-macros -o CMakeFiles/cmTC_3fb09.dir/src.cxx.o -c /home/rkddngpr/Catamaran_artifact_issta23/build-catamaran-3.4.0/CMakeFiles/CMakeTmp/src.cxx
Linking CXX executable cmTC_3fb09
/usr/bin/cmake -E cmake_link_script CMakeFiles/cmTC_3fb09.dir/link.txt --verbose=1
/usr/bin/c++  -std=c++11  -rdynamic CMakeFiles/cmTC_3fb09.dir/src.cxx.o -o cmTC_3fb09  -lm 
gmake[1]: Leaving directory '/home/rkddngpr/Catamaran_artifact_issta23/build-catamaran-3.4.0/CMakeFiles/CMakeTmp'


Source file was:
int main() { return 0; }
Performing C++ SOURCE FILE Test HAS_MAYBE_UNINITIALIZED succeeded with the following output:
Change Dir: /home/rkddngpr/Catamaran_artifact_issta23/build-catamaran-3.4.0/CMakeFiles/CMakeTmp

Run Build Command(s):/usr/bin/gmake -f Makefile cmTC_ad5f0/fast && /usr/bin/gmake  -f CMakeFiles/cmTC_ad5f0.dir/build.make CMakeFiles/cmTC_ad5f0.dir/build
gmake[1]: Entering directory '/home/rkddngpr/Catamaran_artifact_issta23/build-catamaran-3.4.0/CMakeFiles/CMakeTmp'
Building CXX object CMakeFiles/cmTC_ad5f0.dir/src.cxx.o
/usr/bin/c++ -DHAS_MAYBE_UNINITIALIZED  -std=c++11    -Wmaybe-uninitialized -o CMakeFiles/cmTC_ad5f0.dir/src.cxx.o -c /home/rkddngpr/Catamaran_artifact_issta23/build-catamaran-3.4.0/CMakeFiles/CMakeTmp/src.cxx
Linking CXX executable cmTC_ad5f0
/usr/bin/cmake -E cmake_link_script CMakeFiles/cmTC_ad5f0.dir/link.txt --verbose=1
/usr/bin/c++  -std=c++11  -rdynamic CMakeFiles/cmTC_ad5f0.dir/src.cxx.o -o cmTC_ad5f0  -lm 
gmake[1]: Leaving directory '/home/rkddngpr/Catamaran_artifact_issta23/build-catamaran-3.4.0/CMakeFiles/CMakeTmp'


Source file was:
int main() { return 0; }
Performing C SOURCE FILE Test C_SUPPORTS_FLAG succeeded with the following output:
Change Dir: /home/rkddngpr/Catamaran_artifact_issta23/build-catamaran-3.4.0/CMakeFiles/CMakeTmp

Run Build Command(s):/usr/bin/gmake -f Makefile cmTC_c8ba9/fast && /usr/bin/gmake  -f CMakeFiles/cmTC_c8ba9.dir/build.make CMakeFiles/cmTC_c8ba9.dir/build
gmake[1]: Entering directory '/home/rkddngpr/Catamaran_artifact_issta23/build-catamaran-3.4.0/CMakeFiles/CMakeTmp'
Building C object CMakeFiles/cmTC_c8ba9.dir/src.c.o
/usr/bin/cc -DC_SUPPORTS_FLAG  -fPIC -o CMakeFiles/cmTC_c8ba9.dir/src.c.o -c /home/rkddngpr/Catamaran_artifact_issta23/build-catamaran-3.4.0/CMakeFiles/CMakeTmp/src.c
Linking C executable cmTC_c8ba9
/usr/bin/cmake -E cmake_link_script CMakeFiles/cmTC_c8ba9.dir/link.txt --verbose=1
/usr/bin/cc -rdynamic CMakeFiles/cmTC_c8ba9.dir/src.c.o -o cmTC_c8ba9  -lm 
gmake[1]: Leaving directory '/home/rkddngpr/Catamaran_artifact_issta23/build-catamaran-3.4.0/CMakeFiles/CMakeTmp'


Source file was:
int main(void) { return 0; }
Performing C++ SOURCE FILE Test CXX_SUPPORTS_FLAG succeeded with the following output:
Change Dir: /home/rkddngpr/Catamaran_artifact_issta23/build-catamaran-3.4.0/CMakeFiles/CMakeTmp

Run Build Command(s):/usr/bin/gmake -f Makefile cmTC_61f70/fast && /usr/bin/gmake  -f CMakeFiles/cmTC_61f70.dir/build.make CMakeFiles/cmTC_61f70.dir/build
gmake[1]: Entering directory '/home/rkddngpr/Catamaran_artifact_issta23/build-catamaran-3.4.0/CMakeFiles/CMakeTmp'
Building CXX object CMakeFiles/cmTC_61f70.dir/src.cxx.o
/usr/bin/c++ -DCXX_SUPPORTS_FLAG  -std=c++11    -fPIC -o CMakeFiles/cmTC_61f70.dir/src.cxx.o -c /home/rkddngpr/Catamaran_artifact_issta23/build-catamaran-3.4.0/CMakeFiles/CMakeTmp/src.cxx
Linking CXX executable cmTC_61f70
/usr/bin/cmake -E cmake_link_script CMakeFiles/cmTC_61f70.dir/link.txt --verbose=1
/usr/bin/c++  -std=c++11  -rdynamic CMakeFiles/cmTC_61f70.dir/src.cxx.o -o cmTC_61f70  -lm 
gmake[1]: Leaving directory '/home/rkddngpr/Catamaran_artifact_issta23/build-catamaran-3.4.0/CMakeFiles/CMakeTmp'


Source file was:
int main() { return 0; }
Performing C++ SOURCE FILE Test SUPPORTS_FVISIBILITY_INLINES_HIDDEN_FLAG succeeded with the following output:
Change Dir: /home/rkddngpr/Catamaran_artifact_issta23/build-catamaran-3.4.0/CMakeFiles/CMakeTmp

Run Build Command(s):/usr/bin/gmake -f Makefile cmTC_4bcd3/fast && /usr/bin/gmake  -f CMakeFiles/cmTC_4bcd3.dir/build.make CMakeFiles/cmTC_4bcd3.dir/build
gmake[1]: Entering directory '/home/rkddngpr/Catamaran_artifact_issta23/build-catamaran-3.4.0/CMakeFiles/CMakeTmp'
Building CXX object CMakeFiles/cmTC_4bcd3.dir/src.cxx.o
/usr/bin/c++ -DSUPPORTS_FVISIBILITY_INLINES_HIDDEN_FLAG  -std=c++11 -fPIC    -fvisibility-inlines-hidden -o CMakeFiles/cmTC_4bcd3.dir/src.cxx.o -c /home/rkddngpr/Catamaran_artifact_issta23/build-catamaran-3.4.0/CMakeFiles/CMakeTmp/src.cxx
Linking CXX executable cmTC_4bcd3
/usr/bin/cmake -E cmake_link_script CMakeFiles/cmTC_4bcd3.dir/link.txt --verbose=1
/usr/bin/c++  -std=c++11 -fPIC  -rdynamic CMakeFiles/cmTC_4bcd3.dir/src.cxx.o -o cmTC_4bcd3  -lm 
gmake[1]: Leaving directory '/home/rkddngpr/Catamaran_artifact_issta23/build-catamaran-3.4.0/CMakeFiles/CMakeTmp'


Source file was:
int main() { return 0; }
Performing C++ SOURCE FILE Test CXX_SUPPORTS_MISSING_FIELD_INITIALIZERS_FLAG succeeded with the following output:
Change Dir: /home/rkddngpr/Catamaran_artifact_issta23/build-catamaran-3.4.0/CMakeFiles/CMakeTmp

Run Build Command(s):/usr/bin/gmake -f Makefile cmTC_1d466/fast && /usr/bin/gmake  -f CMakeFiles/cmTC_1d466.dir/build.make CMakeFiles/cmTC_1d466.dir/build
gmake[1]: Entering directory '/home/rkddngpr/Catamaran_artifact_issta23/build-catamaran-3.4.0/CMakeFiles/CMakeTmp'
Building CXX object CMakeFiles/cmTC_1d466.dir/src.cxx.o
/usr/bin/c++ -DCXX_SUPPORTS_MISSING_FIELD_INITIALIZERS_FLAG  -std=c++11 -fPIC -fvisibility-inlines-hidden -Wall -W -Wno-unused-parameter -Wwrite-strings    -Wmissing-field-initializers -o CMakeFiles/cmTC_1d466.dir/src.cxx.o -c /home/rkddngpr/Catamaran_artifact_issta23/build-catamaran-3.4.0/CMakeFiles/CMakeTmp/src.cxx
Linking CXX executable cmTC_1d466
/usr/bin/cmake -E cmake_link_script CMakeFiles/cmTC_1d466.dir/link.txt --verbose=1
/usr/bin/c++  -std=c++11 -fPIC -fvisibility-inlines-hidden -Wall -W -Wno-unused-parameter -Wwrite-strings  -rdynamic CMakeFiles/cmTC_1d466.dir/src.cxx.o -o cmTC_1d466  -lm 
gmake[1]: Leaving directory '/home/rkddngpr/Catamaran_artifact_issta23/build-catamaran-3.4.0/CMakeFiles/CMakeTmp'


Source file was:
int main() { return 0; }
Performing C++ SOURCE FILE Test CXX_SUPPORTS_NON_VIRTUAL_DTOR_FLAG succeeded with the following output:
Change Dir: /home/rkddngpr/Catamaran_artifact_issta23/build-catamaran-3.4.0/CMakeFiles/CMakeTmp

Run Build Command(s):/usr/bin/gmake -f Makefile cmTC_6bc1e/fast && /usr/bin/gmake  -f CMakeFiles/cmTC_6bc1e.dir/build.make CMakeFiles/cmTC_6bc1e.dir/build
gmake[1]: Entering directory '/home/rkddngpr/Catamaran_artifact_issta23/build-catamaran-3.4.0/CMakeFiles/CMakeTmp'
Building CXX object CMakeFiles/cmTC_6bc1e.dir/src.cxx.o
/usr/bin/c++ -DCXX_SUPPORTS_NON_VIRTUAL_DTOR_FLAG  -std=c++11 -fPIC -fvisibility-inlines-hidden -Wall -W -Wno-unused-parameter -Wwrite-strings -Wno-missing-field-initializers -pedantic -Wno-long-long -Wno-maybe-uninitialized    -Werror -Wnon-virtual-dtor -o CMakeFiles/cmTC_6bc1e.dir/src.cxx.o -c /home/rkddngpr/Catamaran_artifact_issta23/build-catamaran-3.4.0/CMakeFiles/CMakeTmp/src.cxx
Linking CXX executable cmTC_6bc1e
/usr/bin/cmake -E cmake_link_script CMakeFiles/cmTC_6bc1e.dir/link.txt --verbose=1
/usr/bin/c++  -std=c++11 -fPIC -fvisibility-inlines-hidden -Wall -W -Wno-unused-parameter -Wwrite-strings -Wno-missing-field-initializers -pedantic -Wno-long-long -Wno-maybe-uninitialized  -rdynamic CMakeFiles/cmTC_6bc1e.dir/src.cxx.o -o cmTC_6bc1e  -lm 
gmake[1]: Leaving directory '/home/rkddngpr/Catamaran_artifact_issta23/build-catamaran-3.4.0/CMakeFiles/CMakeTmp'


Source file was:
int main() { return 0; }
Performing C++ SOURCE FILE Test SUPPORTS_NO_C99_EXTENSIONS_FLAG succeeded with the following output:
Change Dir: /home/rkddngpr/Catamaran_artifact_issta23/build-catamaran-3.4.0/CMakeFiles/CMakeTmp

Run Build Command(s):/usr/bin/gmake -f Makefile cmTC_4d253/fast && /usr/bin/gmake  -f CMakeFiles/cmTC_4d253.dir/build.make CMakeFiles/cmTC_4d253.dir/build
gmake[1]: Entering directory '/home/rkddngpr/Catamaran_artifact_issta23/build-catamaran-3.4.0/CMakeFiles/CMakeTmp'
Building CXX object CMakeFiles/cmTC_4d253.dir/src.cxx.o
/usr/bin/c++ -DSUPPORTS_NO_C99_EXTENSIONS_FLAG  -std=c++11 -fPIC -fvisibility-inlines-hidden -Wall -W -Wno-unused-parameter -Wwrite-strings -Wno-missing-field-initializers -pedantic -Wno-long-long -Wno-maybe-uninitialized -Wnon-virtual-dtor    -Wno-c99-extensions -o CMakeFiles/cmTC_4d253.dir/src.cxx.o -c /home/rkddngpr/Catamaran_artifact_issta23/build-catamaran-3.4.0/CMakeFiles/CMakeTmp/src.cxx
Linking CXX executable cmTC_4d253
/usr/bin/cmake -E cmake_link_script CMakeFiles/cmTC_4d253.dir/link.txt --verbose=1
/usr/bin/c++  -std=c++11 -fPIC -fvisibility-inlines-hidden -Wall -W -Wno-unused-parameter -Wwrite-strings -Wno-missing-field-initializers -pedantic -Wno-long-long -Wno-maybe-uninitialized -Wnon-virtual-dtor  -rdynamic CMakeFiles/cmTC_4d253.dir/src.cxx.o -o cmTC_4d253  -lm 
gmake[1]: Leaving directory '/home/rkddngpr/Catamaran_artifact_issta23/build-catamaran-3.4.0/CMakeFiles/CMakeTmp'


Source file was:
int main() { return 0; }
Performing C++ SOURCE FILE Test SUPPORTS_NO_NON_VIRTUAL_DTOR_FLAG succeeded with the following output:
Change Dir: /home/rkddngpr/Catamaran_artifact_issta23/build-catamaran-3.4.0/CMakeFiles/CMakeTmp

Run Build Command(s):/usr/bin/gmake -f Makefile cmTC_cf540/fast && /usr/bin/gmake  -f CMakeFiles/cmTC_cf540.dir/build.make CMakeFiles/cmTC_cf540.dir/build
gmake[1]: Entering directory '/home/rkddngpr/Catamaran_artifact_issta23/build-catamaran-3.4.0/CMakeFiles/CMakeTmp'
Building CXX object CMakeFiles/cmTC_cf540.dir/src.cxx.o
/usr/bin/c++ -DSUPPORTS_NO_NON_VIRTUAL_DTOR_FLAG  -std=c++11 -fPIC -fvisibility-inlines-hidden -Wall -W -Wno-unused-parameter -Wwrite-strings -Wno-missing-field-initializers -pedantic -Wno-long-long -Wno-maybe-uninitialized -Wnon-virtual-dtor    -Wno-non-virtual-dtor -o CMakeFiles/cmTC_cf540.dir/src.cxx.o -c /home/rkddngpr/Catamaran_artifact_issta23/build-catamaran-3.4.0/CMakeFiles/CMakeTmp/src.cxx
Linking CXX executable cmTC_cf540
/usr/bin/cmake -E cmake_link_script CMakeFiles/cmTC_cf540.dir/link.txt --verbose=1
/usr/bin/c++  -std=c++11 -fPIC -fvisibility-inlines-hidden -Wall -W -Wno-unused-parameter -Wwrite-strings -Wno-missing-field-initializers -pedantic -Wno-long-long -Wno-maybe-uninitialized -Wnon-virtual-dtor  -rdynamic CMakeFiles/cmTC_cf540.dir/src.cxx.o -o cmTC_cf540  -lm 
gmake[1]: Leaving directory '/home/rkddngpr/Catamaran_artifact_issta23/build-catamaran-3.4.0/CMakeFiles/CMakeTmp'


Source file was:
int main() { return 0; }
