This file contains any messages produced by compilers while
running configure, to aid debugging if configure makes a mistake.

It was created by LLVM configure 3.4, which was
generated by GNU Autoconf 2.60.  Invocation command line was

  $ ./configure --enable-assertions --enable-optimized

## --------- ##
## Platform. ##
## --------- ##

hostname = rkddngpr
uname -m = x86_64
uname -r = 6.6.87.2-microsoft-standard-WSL2
uname -s = Linux
uname -v = #1 SMP PREEMPT_DYNAMIC Thu Jun  5 18:30:46 UTC 2025

/usr/bin/uname -p = x86_64
/bin/uname -X     = unknown

/bin/arch              = x86_64
/usr/bin/arch -k       = unknown
/usr/convex/getsysinfo = unknown
/usr/bin/hostinfo      = unknown
/bin/machine           = unknown
/usr/bin/oslevel       = unknown
/bin/universe          = unknown

PATH: /home/rkddngpr/.local/bin
PATH: /home/rkddngpr/.cursor-server/bin/5c17eb2968a37f66bc6662f48d6356a100b67be0/bin/remote-cli
PATH: /home/rkddngpr/.local/bin
PATH: /home/rkddngpr/.nvm/versions/node/v20.19.4/bin
PATH: /home/rkddngpr/.cursor-server/bin/5c17eb2968a37f66bc6662f48d6356a100b67be0/bin/remote-cli
PATH: /usr/local/sbin
PATH: /usr/local/bin
PATH: /usr/sbin
PATH: /usr/bin
PATH: /sbin
PATH: /bin
PATH: /usr/games
PATH: /usr/local/games
PATH: /usr/lib/wsl/lib
PATH: /mnt/c/Windows/system32
PATH: /mnt/c/Windows
PATH: /mnt/c/Windows/System32/Wbem
PATH: /mnt/c/Windows/System32/WindowsPowerShell/v1.0/
PATH: /mnt/c/Windows/System32/OpenSSH/
PATH: /mnt/c/ProgramData/chocolatey/bin
PATH: /mnt/c/Program Files/Microsoft VS Code/bin
PATH: /mnt/c/Program Files/Bandizip/
PATH: /mnt/c/Program Files/Git/cmd
PATH: /mnt/c/Program Files/NVIDIA Corporation/NVIDIA NvDLISR
PATH: /mnt/c/Program Files (x86)/NVIDIA Corporation/PhysX/Common
PATH: /mnt/c/Program Files/Docker/Docker/resources/bin
PATH: /mnt/c/msys64/mingw64/bin
PATH: /mnt/c/Program Files (x86)/Pulse Secure/VC142.CRT/X64/
PATH: /mnt/c/Program Files (x86)/Pulse Secure/VC142.CRT/X86/
PATH: /mnt/c/Program Files (x86)/Common Files/Pulse Secure/TNC Client Plugin/
PATH: /mnt/c/Program Files/PuTTY/
PATH: /mnt/c/Users/rkddn/AppData/Local/Microsoft/WindowsApps
PATH: /mnt/c/Users/rkddn/AppData/Local/GitHubDesktop/bin
PATH: /mnt/c/Users/rkddn/AppData/Local/afreeca
PATH: /mnt/c/msys64/ucrt64/bin
PATH: /mnt/c/Users/rkddn/AppData/Local/SOOP
PATH: /mnt/c/Users/rkddn/AppData/Local/Programs/cursor/resources/app/bin
PATH: /snap/bin


## ----------- ##
## Core tests. ##
## ----------- ##

configure:2052: checking for clang
configure:2082: result: no
configure:2052: checking for llvm-gcc
configure:2082: result: no
configure:2052: checking for gcc
configure:2068: found /usr/bin/gcc
configure:2079: result: gcc
configure:2115: checking for C compiler version
configure:2122: gcc --version >&5
gcc (Ubuntu 11.4.0-1ubuntu1~22.04.2) 11.4.0
Copyright (C) 2021 Free Software Foundation, Inc.
This is free software; see the source for copying conditions.  There is NO
warranty; not even for MERCHANTABILITY or FITNESS FOR A PARTICULAR PURPOSE.

configure:2125: $? = 0
configure:2132: gcc -v >&5
Using built-in specs.
COLLECT_GCC=gcc
COLLECT_LTO_WRAPPER=/usr/lib/gcc/x86_64-linux-gnu/11/lto-wrapper
OFFLOAD_TARGET_NAMES=nvptx-none:amdgcn-amdhsa
OFFLOAD_TARGET_DEFAULT=1
Target: x86_64-linux-gnu
Configured with: ../src/configure -v --with-pkgversion='Ubuntu 11.4.0-1ubuntu1~22.04.2' --with-bugurl=file:///usr/share/doc/gcc-11/README.Bugs --enable-languages=c,ada,c++,go,brig,d,fortran,objc,obj-c++,m2 --prefix=/usr --with-gcc-major-version-only --program-suffix=-11 --program-prefix=x86_64-linux-gnu- --enable-shared --enable-linker-build-id --libexecdir=/usr/lib --without-included-gettext --enable-threads=posix --libdir=/usr/lib --enable-nls --enable-bootstrap --enable-clocale=gnu --enable-libstdcxx-debug --enable-libstdcxx-time=yes --with-default-libstdcxx-abi=new --enable-gnu-unique-object --disable-vtable-verify --enable-plugin --enable-default-pie --with-system-zlib --enable-libphobos-checking=release --with-target-system-zlib=auto --enable-objc-gc=auto --enable-multiarch --disable-werror --enable-cet --with-arch-32=i686 --with-abi=m64 --with-multilib-list=m32,m64,mx32 --enable-multilib --with-tune=generic --enable-offload-targets=nvptx-none=/build/gcc-11-2Y5pKs/gcc-11-11.4.0/debian/tmp-nvptx/usr,amdgcn-amdhsa=/build/gcc-11-2Y5pKs/gcc-11-11.4.0/debian/tmp-gcn/usr --without-cuda-driver --enable-checking=release --build=x86_64-linux-gnu --host=x86_64-linux-gnu --target=x86_64-linux-gnu --with-build-config=bootstrap-lto-lean --enable-link-serialization=2
Thread model: posix
Supported LTO compression algorithms: zlib zstd
gcc version 11.4.0 (Ubuntu 11.4.0-1ubuntu1~22.04.2) 
configure:2135: $? = 0
configure:2142: gcc -V >&5
gcc: error: unrecognized command-line option '-V'
gcc: fatal error: no input files
compilation terminated.
configure:2145: $? = 1
configure:2168: checking for C compiler default output file name
configure:2195: gcc    conftest.c  >&5
configure:2198: $? = 0
configure:2244: result: a.out
configure:2249: checking whether the C compiler works
configure:2259: ./a.out
configure:2262: $? = 0
configure:2279: result: yes
configure:2286: checking whether we are cross compiling
configure:2288: result: no
configure:2291: checking for suffix of executables
configure:2298: gcc -o conftest    conftest.c  >&5
configure:2301: $? = 0
configure:2325: result: 
configure:2331: checking for suffix of object files
configure:2357: gcc -c   conftest.c >&5
configure:2360: $? = 0
configure:2383: result: o
configure:2387: checking whether we are using the GNU C compiler
configure:2416: gcc -c   conftest.c >&5
configure:2422: $? = 0
configure:2429: test -z "$ac_c_werror_flag" || test ! -s conftest.err
configure:2432: $? = 0
configure:2439: test -s conftest.o
configure:2442: $? = 0
configure:2456: result: yes
configure:2461: checking whether gcc accepts -g
configure:2491: gcc -c -g  conftest.c >&5
configure:2497: $? = 0
configure:2504: test -z "$ac_c_werror_flag" || test ! -s conftest.err
configure:2507: $? = 0
configure:2514: test -s conftest.o
configure:2517: $? = 0
configure:2647: result: yes
configure:2664: checking for gcc option to accept ISO C89
configure:2738: gcc  -c   conftest.c >&5
configure:2744: $? = 0
configure:2751: test -z "$ac_c_werror_flag" || test ! -s conftest.err
configure:2754: $? = 0
configure:2761: test -s conftest.o
configure:2764: $? = 0
configure:2784: result: none needed
configure:2860: checking for clang++
configure:2890: result: no
configure:2860: checking for llvm-g++
configure:2890: result: no
configure:2860: checking for g++
configure:2876: found /usr/bin/g++
configure:2887: result: g++
configure:2918: checking for C++ compiler version
configure:2925: g++ --version >&5
g++ (Ubuntu 11.4.0-1ubuntu1~22.04.2) 11.4.0
Copyright (C) 2021 Free Software Foundation, Inc.
This is free software; see the source for copying conditions.  There is NO
warranty; not even for MERCHANTABILITY or FITNESS FOR A PARTICULAR PURPOSE.

configure:2928: $? = 0
configure:2935: g++ -v >&5
Using built-in specs.
COLLECT_GCC=g++
COLLECT_LTO_WRAPPER=/usr/lib/gcc/x86_64-linux-gnu/11/lto-wrapper
OFFLOAD_TARGET_NAMES=nvptx-none:amdgcn-amdhsa
OFFLOAD_TARGET_DEFAULT=1
Target: x86_64-linux-gnu
Configured with: ../src/configure -v --with-pkgversion='Ubuntu 11.4.0-1ubuntu1~22.04.2' --with-bugurl=file:///usr/share/doc/gcc-11/README.Bugs --enable-languages=c,ada,c++,go,brig,d,fortran,objc,obj-c++,m2 --prefix=/usr --with-gcc-major-version-only --program-suffix=-11 --program-prefix=x86_64-linux-gnu- --enable-shared --enable-linker-build-id --libexecdir=/usr/lib --without-included-gettext --enable-threads=posix --libdir=/usr/lib --enable-nls --enable-bootstrap --enable-clocale=gnu --enable-libstdcxx-debug --enable-libstdcxx-time=yes --with-default-libstdcxx-abi=new --enable-gnu-unique-object --disable-vtable-verify --enable-plugin --enable-default-pie --with-system-zlib --enable-libphobos-checking=release --with-target-system-zlib=auto --enable-objc-gc=auto --enable-multiarch --disable-werror --enable-cet --with-arch-32=i686 --with-abi=m64 --with-multilib-list=m32,m64,mx32 --enable-multilib --with-tune=generic --enable-offload-targets=nvptx-none=/build/gcc-11-2Y5pKs/gcc-11-11.4.0/debian/tmp-nvptx/usr,amdgcn-amdhsa=/build/gcc-11-2Y5pKs/gcc-11-11.4.0/debian/tmp-gcn/usr --without-cuda-driver --enable-checking=release --build=x86_64-linux-gnu --host=x86_64-linux-gnu --target=x86_64-linux-gnu --with-build-config=bootstrap-lto-lean --enable-link-serialization=2
Thread model: posix
Supported LTO compression algorithms: zlib zstd
gcc version 11.4.0 (Ubuntu 11.4.0-1ubuntu1~22.04.2) 
configure:2938: $? = 0
configure:2945: g++ -V >&5
g++: error: unrecognized command-line option '-V'
g++: fatal error: no input files
compilation terminated.
configure:2948: $? = 1
configure:2951: checking whether we are using the GNU C++ compiler
configure:2980: g++ -c   conftest.cpp >&5
configure:2986: $? = 0
configure:2993: test -z "$ac_cxx_werror_flag" || test ! -s conftest.err
configure:2996: $? = 0
configure:3003: test -s conftest.o
configure:3006: $? = 0
configure:3020: result: yes
configure:3025: checking whether g++ accepts -g
configure:3055: g++ -c -g  conftest.cpp >&5
configure:3061: $? = 0
configure:3068: test -z "$ac_cxx_werror_flag" || test ! -s conftest.err
configure:3071: $? = 0
configure:3078: test -s conftest.o
configure:3081: $? = 0
configure:3211: result: yes
configure:3239: checking how to run the C preprocessor
configure:3279: gcc -E  conftest.c
configure:3285: $? = 0
configure:3323: gcc -E  conftest.c
conftest.c:10:10: fatal error: ac_nonexistent.h: No such file or directory
   10 | #include <ac_nonexistent.h>
      |          ^~~~~~~~~~~~~~~~~~
compilation terminated.
configure:3329: $? = 1
configure: failed program was:
| /* confdefs.h.  */
| #define PACKAGE_NAME "LLVM"
| #define PACKAGE_TARNAME "llvm"
| #define PACKAGE_VERSION "3.4"
| #define PACKAGE_STRING "LLVM 3.4"
| #define PACKAGE_BUGREPORT "http://llvm.org/bugs/"
| #define LLVM_VERSION_MAJOR 3
| #define LLVM_VERSION_MINOR 4
| /* end confdefs.h.  */
| #include <ac_nonexistent.h>
configure:3369: result: gcc -E
configure:3398: gcc -E  conftest.c
configure:3404: $? = 0
configure:3442: gcc -E  conftest.c
conftest.c:10:10: fatal error: ac_nonexistent.h: No such file or directory
   10 | #include <ac_nonexistent.h>
      |          ^~~~~~~~~~~~~~~~~~
compilation terminated.
configure:3448: $? = 1
configure: failed program was:
| /* confdefs.h.  */
| #define PACKAGE_NAME "LLVM"
| #define PACKAGE_TARNAME "llvm"
| #define PACKAGE_VERSION "3.4"
| #define PACKAGE_STRING "LLVM 3.4"
| #define PACKAGE_BUGREPORT "http://llvm.org/bugs/"
| #define LLVM_VERSION_MAJOR 3
| #define LLVM_VERSION_MINOR 4
| /* end confdefs.h.  */
| #include <ac_nonexistent.h>
configure:3680: checking build system type
configure:3698: result: x86_64-unknown-linux-gnu
configure:3720: checking host system type
configure:3735: result: x86_64-unknown-linux-gnu
configure:3757: checking target system type
configure:3772: result: x86_64-unknown-linux-gnu
configure:3801: checking type of operating system we're going to host on
configure:3919: result: Linux
configure:3922: checking type of operating system we're going to target
configure:3976: result: Linux
configure:4022: checking target architecture
configure:4044: result: x86_64
configure:4087: checking for grep that handles long lines and -e
configure:4161: result: /usr/bin/grep
configure:4166: checking for egrep
configure:4244: result: /usr/bin/grep -E
configure:4249: checking for ANSI C header files
configure:4279: gcc -c   conftest.c >&5
configure:4285: $? = 0
configure:4292: test -z "$ac_c_werror_flag" || test ! -s conftest.err
configure:4295: $? = 0
configure:4302: test -s conftest.o
configure:4305: $? = 0
configure:4401: gcc -o conftest    conftest.c  >&5
configure:4404: $? = 0
configure:4410: ./conftest
configure:4413: $? = 0
configure:4430: result: yes
configure:4454: checking for sys/types.h
configure:4475: gcc -c   conftest.c >&5
configure:4481: $? = 0
configure:4488: test -z "$ac_c_werror_flag" || test ! -s conftest.err
configure:4491: $? = 0
configure:4498: test -s conftest.o
configure:4501: $? = 0
configure:4514: result: yes
configure:4454: checking for sys/stat.h
configure:4475: gcc -c   conftest.c >&5
configure:4481: $? = 0
configure:4488: test -z "$ac_c_werror_flag" || test ! -s conftest.err
configure:4491: $? = 0
configure:4498: test -s conftest.o
configure:4501: $? = 0
configure:4514: result: yes
configure:4454: checking for stdlib.h
configure:4475: gcc -c   conftest.c >&5
configure:4481: $? = 0
configure:4488: test -z "$ac_c_werror_flag" || test ! -s conftest.err
configure:4491: $? = 0
configure:4498: test -s conftest.o
configure:4501: $? = 0
configure:4514: result: yes
configure:4454: checking for string.h
configure:4475: gcc -c   conftest.c >&5
configure:4481: $? = 0
configure:4488: test -z "$ac_c_werror_flag" || test ! -s conftest.err
configure:4491: $? = 0
configure:4498: test -s conftest.o
configure:4501: $? = 0
configure:4514: result: yes
configure:4454: checking for memory.h
configure:4475: gcc -c   conftest.c >&5
configure:4481: $? = 0
configure:4488: test -z "$ac_c_werror_flag" || test ! -s conftest.err
configure:4491: $? = 0
configure:4498: test -s conftest.o
configure:4501: $? = 0
configure:4514: result: yes
configure:4454: checking for strings.h
configure:4475: gcc -c   conftest.c >&5
configure:4481: $? = 0
configure:4488: test -z "$ac_c_werror_flag" || test ! -s conftest.err
configure:4491: $? = 0
configure:4498: test -s conftest.o
configure:4501: $? = 0
configure:4514: result: yes
configure:4454: checking for inttypes.h
configure:4475: gcc -c   conftest.c >&5
configure:4481: $? = 0
configure:4488: test -z "$ac_c_werror_flag" || test ! -s conftest.err
configure:4491: $? = 0
configure:4498: test -s conftest.o
configure:4501: $? = 0
configure:4514: result: yes
configure:4454: checking for stdint.h
configure:4475: gcc -c   conftest.c >&5
configure:4481: $? = 0
configure:4488: test -z "$ac_c_werror_flag" || test ! -s conftest.err
configure:4491: $? = 0
configure:4498: test -s conftest.o
configure:4501: $? = 0
configure:4514: result: yes
configure:4454: checking for unistd.h
configure:4475: gcc -c   conftest.c >&5
configure:4481: $? = 0
configure:4488: test -z "$ac_c_werror_flag" || test ! -s conftest.err
configure:4491: $? = 0
configure:4498: test -s conftest.o
configure:4501: $? = 0
configure:4514: result: yes
configure:4526: checking whether byte ordering is bigendian
configure:4558: gcc -c   conftest.c >&5
configure:4564: $? = 0
configure:4571: test -z "$ac_c_werror_flag" || test ! -s conftest.err
configure:4574: $? = 0
configure:4581: test -s conftest.o
configure:4584: $? = 0
configure:4613: gcc -c   conftest.c >&5
conftest.c: In function 'main':
conftest.c:28:2: error: unknown type name 'not'; did you mean 'ino_t'?
   28 |  not big endian
      |  ^~~
      |  ino_t
conftest.c:28:10: error: expected '=', ',', ';', 'asm' or '__attribute__' before 'endian'
   28 |  not big endian
      |          ^~~~~~
configure:4619: $? = 1
configure: failed program was:
| /* confdefs.h.  */
| #define PACKAGE_NAME "LLVM"
| #define PACKAGE_TARNAME "llvm"
| #define PACKAGE_VERSION "3.4"
| #define PACKAGE_STRING "LLVM 3.4"
| #define PACKAGE_BUGREPORT "http://llvm.org/bugs/"
| #define LLVM_VERSION_MAJOR 3
| #define LLVM_VERSION_MINOR 4
| #define LLVM_ON_UNIX 1
| #define STDC_HEADERS 1
| #define HAVE_SYS_TYPES_H 1
| #define HAVE_SYS_STAT_H 1
| #define HAVE_STDLIB_H 1
| #define HAVE_STRING_H 1
| #define HAVE_MEMORY_H 1
| #define HAVE_STRINGS_H 1
| #define HAVE_INTTYPES_H 1
| #define HAVE_STDINT_H 1
| #define HAVE_UNISTD_H 1
| /* end confdefs.h.  */
| #include <sys/types.h>
| #include <sys/param.h>
| 
| int
| main ()
| {
| #if BYTE_ORDER != BIG_ENDIAN
|  not big endian
| #endif
| 
|   ;
|   return 0;
| }
configure:4793: result: no
configure:5834: checking optimization flags
configure:5847: result: -O3
configure:6074: checking for BSD-compatible nm
configure:6123: result: /usr/bin/nm -B
configure:6129: checking for GNU make
configure:6144: result: make
configure:6155: checking whether ln -s works
configure:6159: result: yes
configure:6168: checking for cmp
configure:6186: found /usr/bin/cmp
configure:6199: result: /usr/bin/cmp
configure:6209: checking for cp
configure:6227: found /usr/bin/cp
configure:6240: result: /usr/bin/cp
configure:6250: checking for date
configure:6268: found /usr/bin/date
configure:6281: result: /usr/bin/date
configure:6291: checking for find
configure:6309: found /usr/bin/find
configure:6322: result: /usr/bin/find
configure:6332: checking for grep
configure:6363: result: /usr/bin/grep
configure:6373: checking for mkdir
configure:6391: found /usr/bin/mkdir
configure:6404: result: /usr/bin/mkdir
configure:6414: checking for mv
configure:6432: found /usr/bin/mv
configure:6445: result: /usr/bin/mv
configure:6496: checking for ranlib
configure:6512: found /usr/bin/ranlib
configure:6523: result: ranlib
configure:6592: checking for ar
configure:6608: found /usr/bin/ar
configure:6619: result: ar
configure:6647: checking for rm
configure:6665: found /usr/bin/rm
configure:6678: result: /usr/bin/rm
configure:6688: checking for sed
configure:6706: found /usr/bin/sed
configure:6719: result: /usr/bin/sed
configure:6729: checking for tar
configure:6747: found /usr/bin/tar
configure:6760: result: /usr/bin/tar
configure:6770: checking for pwd
configure:6788: found /usr/bin/pwd
configure:6801: result: /usr/bin/pwd
configure:6812: checking for Graphviz
configure:6843: result: echo Graphviz
configure:6868: checking for dot
configure:6899: result: echo dot
configure:6924: checking for fdp
configure:6955: result: echo fdp
configure:6980: checking for neato
configure:7011: result: echo neato
configure:7036: checking for twopi
configure:7067: result: echo twopi
configure:7092: checking for circo
configure:7123: result: echo circo
configure:7150: checking for gv
configure:7183: result: no
configure:7150: checking for gsview32
configure:7183: result: no
configure:7209: checking for dotty
configure:7240: result: echo dotty
configure:7267: checking for xdot
configure:7300: result: no
configure:7267: checking for xdot.py
configure:7300: result: no
configure:7338: checking for a BSD-compatible install
configure:7394: result: /usr/bin/install -c
configure:7412: checking for bzip2
configure:7430: found /usr/bin/bzip2
configure:7442: result: /usr/bin/bzip2
configure:7452: checking for cat
configure:7470: found /usr/bin/cat
configure:7482: result: /usr/bin/cat
configure:7492: checking for doxygen
configure:7525: result: no
configure:7532: checking for groff
configure:7550: found /usr/bin/groff
configure:7562: result: /usr/bin/groff
configure:7572: checking for gzip
configure:7590: found /usr/bin/gzip
configure:7602: result: /usr/bin/gzip
configure:7612: checking for pdfroff
configure:7645: result: no
configure:7652: checking for zip
configure:7685: result: no
configure:7694: checking for ocamlc
configure:7727: result: no
configure:7739: checking for ocamlopt
configure:7772: result: no
configure:7784: checking for ocamldep
configure:7817: result: no
configure:7829: checking for ocamldoc
configure:7862: result: no
configure:7874: checking for gas
configure:7907: result: no
configure:7874: checking for as
configure:7892: found /usr/bin/as
configure:7904: result: /usr/bin/as
configure:7916: checking for linker version
configure:7932: result: 2.38
configure:7941: checking for compiler -Wl,-R<path> option
configure:7975: gcc -o conftest  -Wl,-R.   conftest.c  >&5
configure:7981: $? = 0
configure:7988: test -z "$ac_c_werror_flag" || test ! -s conftest.err
configure:7991: $? = 0
configure:7998: test -s conftest
configure:8001: $? = 0
configure:8022: result: yes
configure:8033: checking for compiler -rdynamic option
configure:8067: gcc -o conftest  -rdynamic   conftest.c  >&5
configure:8073: $? = 0
configure:8080: test -z "$ac_c_werror_flag" || test ! -s conftest.err
configure:8083: $? = 0
configure:8090: test -s conftest
configure:8093: $? = 0
configure:8114: result: yes
configure:8125: checking for compiler -Wl,--version-script option
configure:8181: gcc -o conftest  -Wl,--version-script=/tmp/fooEasTq5/export.map   conftest.c  >&5
configure:8187: $? = 0
configure:8194: test -z "$ac_c_werror_flag" || test ! -s conftest.err
configure:8197: $? = 0
configure:8204: test -s conftest
configure:8207: $? = 0
configure:8230: result: yes
configure:8240: checking for an ANSI C-conforming const
configure:8315: gcc -c   conftest.c >&5
configure:8321: $? = 0
configure:8328: test -z "$ac_c_werror_flag" || test ! -s conftest.err
configure:8331: $? = 0
configure:8338: test -s conftest.o
configure:8341: $? = 0
configure:8353: result: yes
configure:8371: checking for dirent.h that defines DIR
configure:8400: gcc -c   conftest.c >&5
configure:8406: $? = 0
configure:8413: test -z "$ac_c_werror_flag" || test ! -s conftest.err
configure:8416: $? = 0
configure:8423: test -s conftest.o
configure:8426: $? = 0
configure:8439: result: yes
configure:8452: checking for library containing opendir
configure:8493: gcc -o conftest    conftest.c  >&5
configure:8499: $? = 0
configure:8506: test -z "$ac_c_werror_flag" || test ! -s conftest.err
configure:8509: $? = 0
configure:8516: test -s conftest
configure:8519: $? = 0
configure:8543: result: none required
configure:8668: checking dlfcn.h usability
configure:8685: gcc -c   conftest.c >&5
configure:8691: $? = 0
configure:8698: test -z "$ac_c_werror_flag" || test ! -s conftest.err
configure:8701: $? = 0
configure:8708: test -s conftest.o
configure:8711: $? = 0
configure:8722: result: yes
configure:8726: checking dlfcn.h presence
configure:8741: gcc -E  conftest.c
configure:8747: $? = 0
configure:8768: result: yes
configure:8801: checking for dlfcn.h
configure:8809: result: yes
configure:8845: checking dynamic linker characteristics
configure:9433: result: GNU/Linux ld.so
configure:9443: checking which extension is used for loadable modules
configure:9453: result: .so
configure:9464: checking for the default library search path
configure:9471: result: /lib /usr/lib /usr/lib/x86_64-linux-gnu/libfakeroot /usr/lib/wsl/lib /usr/local/lib /usr/local/lib/x86_64-linux-gnu /lib/x86_64-linux-gnu /usr/lib/x86_64-linux-gnu /lib32 /usr/lib32 /libx32 /usr/libx32 
configure:9489: checking for objdir
configure:9510: result: .libs
configure:9523: checking command to parse /usr/bin/nm -B output from  object
configure:9628: gcc -c   conftest.c >&5
configure:9631: $? = 0
configure:9635: /usr/bin/nm -B conftest.o \| sed -n -e 's/^.*[ 	]\([ABCDGIRSTW][ABCDGIRSTW]*\)[ 	][ 	]*\([_A-Za-z][_A-Za-z0-9]*\)$/\1 \2 \2/p' \> conftest.nm
configure:9638: $? = 0
configure:9690: gcc -o conftest    conftest.c conftstm.o >&5
configure:9693: $? = 0
configure:9731: result: ok
configure:9736: checking whether libtool supports -dlopen/-dlpreopen
configure:9748: result: yes
configure:9767: checking for shl_load
configure:9823: gcc -o conftest    conftest.c  >&5
/usr/bin/ld: /tmp/cc7kcVkJ.o: in function `main':
conftest.c:(.text+0xe): undefined reference to `shl_load'
collect2: error: ld returned 1 exit status
configure:9829: $? = 1
configure: failed program was:
| /* confdefs.h.  */
| #define PACKAGE_NAME "LLVM"
| #define PACKAGE_TARNAME "llvm"
| #define PACKAGE_VERSION "3.4"
| #define PACKAGE_STRING "LLVM 3.4"
| #define PACKAGE_BUGREPORT "http://llvm.org/bugs/"
| #define LLVM_VERSION_MAJOR 3
| #define LLVM_VERSION_MINOR 4
| #define LLVM_ON_UNIX 1
| #define STDC_HEADERS 1
| #define HAVE_SYS_TYPES_H 1
| #define HAVE_SYS_STAT_H 1
| #define HAVE_STDLIB_H 1
| #define HAVE_STRING_H 1
| #define HAVE_MEMORY_H 1
| #define HAVE_STRINGS_H 1
| #define HAVE_INTTYPES_H 1
| #define HAVE_STDINT_H 1
| #define HAVE_UNISTD_H 1
| #define LLVM_ENABLE_THREADS 1
| #define LLVM_ENABLE_ZLIB 1
| #define ENABLE_PIC 1
| #define ENABLE_TIMESTAMPS 1
| #define ENABLE_BACKTRACES 1
| #define ENABLE_CRASH_OVERRIDES 1
| #define LLVM_NATIVE_ARCH X86
| #define LLVM_NATIVE_TARGET LLVMInitializeX86Target
| #define LLVM_NATIVE_TARGETINFO LLVMInitializeX86TargetInfo
| #define LLVM_NATIVE_TARGETMC LLVMInitializeX86TargetMC
| #define LLVM_NATIVE_ASMPRINTER LLVMInitializeX86AsmPrinter
| #define LLVM_NATIVE_ASMPARSER LLVMInitializeX86AsmParser
| #define LLVM_NATIVE_DISASSEMBLER LLVMInitializeX86Disassembler
| #define CLANG_RESOURCE_DIR ""
| #define C_INCLUDE_DIRS ""
| #define GCC_INSTALL_PREFIX ""
| #define DEFAULT_SYSROOT ""
| #define BUG_REPORT_URL "http://llvm.org/bugs/"
| #define HOST_LINK_VERSION "2.38"
| #define HAVE_LINK_R 1
| #define HAVE_LINK_EXPORT_DYNAMIC 1
| #define HAVE_DIRENT_H 1
| #define HAVE_DLFCN_H 1
| #define LTDL_SHLIB_EXT ".so"
| #define LTDL_SYSSEARCHPATH "/lib:/usr/lib:/usr/lib/x86_64-linux-gnu/libfakeroot:/usr/lib/wsl/lib:/usr/local/lib:/usr/local/lib/x86_64-linux-gnu:/lib/x86_64-linux-gnu:/usr/lib/x86_64-linux-gnu:/lib32:/usr/lib32:/libx32:/usr/libx32"
| #define LTDL_OBJDIR ".libs/"
| #define HAVE_PRELOADED_SYMBOLS 1
| /* end confdefs.h.  */
| /* Define shl_load to an innocuous variant, in case <limits.h> declares shl_load.
|    For example, HP-UX 11i <limits.h> declares gettimeofday.  */
| #define shl_load innocuous_shl_load
| 
| /* System header to define __stub macros and hopefully few prototypes,
|     which can conflict with char shl_load (); below.
|     Prefer <limits.h> to <assert.h> if __STDC__ is defined, since
|     <limits.h> exists even on freestanding compilers.  */
| 
| #ifdef __STDC__
| # include <limits.h>
| #else
| # include <assert.h>
| #endif
| 
| #undef shl_load
| 
| /* Override any GCC internal prototype to avoid an error.
|    Use char because int might match the return type of a GCC
|    builtin and then its argument prototype would still apply.  */
| #ifdef __cplusplus
| extern "C"
| #endif
| char shl_load ();
| /* The GNU C library defines this for functions which it implements
|     to always fail with ENOSYS.  Some functions are actually named
|     something starting with __ and the normal name is an alias.  */
| #if defined __stub_shl_load || defined __stub___shl_load
| choke me
| #endif
| 
| int
| main ()
| {
| return shl_load ();
|   ;
|   return 0;
| }
configure:9862: result: no
configure:9871: checking for shl_load in -ldld
configure:9906: gcc -o conftest    conftest.c -ldld   >&5
/usr/bin/ld: cannot find -ldld: No such file or directory
collect2: error: ld returned 1 exit status
configure:9912: $? = 1
configure: failed program was:
| /* confdefs.h.  */
| #define PACKAGE_NAME "LLVM"
| #define PACKAGE_TARNAME "llvm"
| #define PACKAGE_VERSION "3.4"
| #define PACKAGE_STRING "LLVM 3.4"
| #define PACKAGE_BUGREPORT "http://llvm.org/bugs/"
| #define LLVM_VERSION_MAJOR 3
| #define LLVM_VERSION_MINOR 4
| #define LLVM_ON_UNIX 1
| #define STDC_HEADERS 1
| #define HAVE_SYS_TYPES_H 1
| #define HAVE_SYS_STAT_H 1
| #define HAVE_STDLIB_H 1
| #define HAVE_STRING_H 1
| #define HAVE_MEMORY_H 1
| #define HAVE_STRINGS_H 1
| #define HAVE_INTTYPES_H 1
| #define HAVE_STDINT_H 1
| #define HAVE_UNISTD_H 1
| #define LLVM_ENABLE_THREADS 1
| #define LLVM_ENABLE_ZLIB 1
| #define ENABLE_PIC 1
| #define ENABLE_TIMESTAMPS 1
| #define ENABLE_BACKTRACES 1
| #define ENABLE_CRASH_OVERRIDES 1
| #define LLVM_NATIVE_ARCH X86
| #define LLVM_NATIVE_TARGET LLVMInitializeX86Target
| #define LLVM_NATIVE_TARGETINFO LLVMInitializeX86TargetInfo
| #define LLVM_NATIVE_TARGETMC LLVMInitializeX86TargetMC
| #define LLVM_NATIVE_ASMPRINTER LLVMInitializeX86AsmPrinter
| #define LLVM_NATIVE_ASMPARSER LLVMInitializeX86AsmParser
| #define LLVM_NATIVE_DISASSEMBLER LLVMInitializeX86Disassembler
| #define CLANG_RESOURCE_DIR ""
| #define C_INCLUDE_DIRS ""
| #define GCC_INSTALL_PREFIX ""
| #define DEFAULT_SYSROOT ""
| #define BUG_REPORT_URL "http://llvm.org/bugs/"
| #define HOST_LINK_VERSION "2.38"
| #define HAVE_LINK_R 1
| #define HAVE_LINK_EXPORT_DYNAMIC 1
| #define HAVE_DIRENT_H 1
| #define HAVE_DLFCN_H 1
| #define LTDL_SHLIB_EXT ".so"
| #define LTDL_SYSSEARCHPATH "/lib:/usr/lib:/usr/lib/x86_64-linux-gnu/libfakeroot:/usr/lib/wsl/lib:/usr/local/lib:/usr/local/lib/x86_64-linux-gnu:/lib/x86_64-linux-gnu:/usr/lib/x86_64-linux-gnu:/lib32:/usr/lib32:/libx32:/usr/libx32"
| #define LTDL_OBJDIR ".libs/"
| #define HAVE_PRELOADED_SYMBOLS 1
| /* end confdefs.h.  */
| 
| /* Override any GCC internal prototype to avoid an error.
|    Use char because int might match the return type of a GCC
|    builtin and then its argument prototype would still apply.  */
| #ifdef __cplusplus
| extern "C"
| #endif
| char shl_load ();
| int
| main ()
| {
| return shl_load ();
|   ;
|   return 0;
| }
configure:9946: result: no
configure:9956: checking for dlopen in -ldl
configure:9991: gcc -o conftest    conftest.c -ldl   >&5
configure:9997: $? = 0
configure:10004: test -z "$ac_c_werror_flag" || test ! -s conftest.err
configure:10007: $? = 0
configure:10014: test -s conftest
configure:10017: $? = 0
configure:10031: result: yes
configure:10406: checking for dlerror
configure:10462: gcc -o conftest    conftest.c  -ldl >&5
configure:10468: $? = 0
configure:10475: test -z "$ac_c_werror_flag" || test ! -s conftest.err
configure:10478: $? = 0
configure:10485: test -s conftest
configure:10488: $? = 0
configure:10502: result: yes
configure:10522: checking for _ prefix in compiled symbols
configure:10532: gcc -c   conftest.c >&5
configure:10535: $? = 0
configure:10539: /usr/bin/nm -B conftest.o \| sed -n -e 's/^.*[ 	]\([ABCDGIRSTW][ABCDGIRSTW]*\)[ 	][ 	]*\([_A-Za-z][_A-Za-z0-9]*\)$/\1 \2 \2/p' \> conftest.nm
configure:10542: $? = 0
configure:10564: result: no
configure:10684: checking whether deplibs are loaded by dlopen
configure:10765: result: yes
configure:10790: checking argz.h usability
configure:10807: gcc -c   conftest.c >&5
configure:10813: $? = 0
configure:10820: test -z "$ac_c_werror_flag" || test ! -s conftest.err
configure:10823: $? = 0
configure:10830: test -s conftest.o
configure:10833: $? = 0
configure:10844: result: yes
configure:10848: checking argz.h presence
configure:10863: gcc -E  conftest.c
configure:10869: $? = 0
configure:10890: result: yes
configure:10923: checking for argz.h
configure:10931: result: yes
configure:10945: checking for error_t
configure:10978: gcc -c   conftest.c >&5
configure:10984: $? = 0
configure:10991: test -z "$ac_c_werror_flag" || test ! -s conftest.err
configure:10994: $? = 0
configure:11001: test -s conftest.o
configure:11004: $? = 0
configure:11016: result: yes
configure:11042: checking for argz_append
configure:11098: gcc -o conftest    conftest.c  >&5
configure:11104: $? = 0
configure:11111: test -z "$ac_c_werror_flag" || test ! -s conftest.err
configure:11114: $? = 0
configure:11121: test -s conftest
configure:11124: $? = 0
configure:11138: result: yes
configure:11042: checking for argz_create_sep
configure:11098: gcc -o conftest    conftest.c  >&5
configure:11104: $? = 0
configure:11111: test -z "$ac_c_werror_flag" || test ! -s conftest.err
configure:11114: $? = 0
configure:11121: test -s conftest
configure:11124: $? = 0
configure:11138: result: yes
configure:11042: checking for argz_insert
configure:11098: gcc -o conftest    conftest.c  >&5
configure:11104: $? = 0
configure:11111: test -z "$ac_c_werror_flag" || test ! -s conftest.err
configure:11114: $? = 0
configure:11121: test -s conftest
configure:11124: $? = 0
configure:11138: result: yes
configure:11042: checking for argz_next
configure:11098: gcc -o conftest    conftest.c  >&5
configure:11104: $? = 0
configure:11111: test -z "$ac_c_werror_flag" || test ! -s conftest.err
configure:11114: $? = 0
configure:11121: test -s conftest
configure:11124: $? = 0
configure:11138: result: yes
configure:11042: checking for argz_stringify
configure:11098: gcc -o conftest    conftest.c  >&5
configure:11104: $? = 0
configure:11111: test -z "$ac_c_werror_flag" || test ! -s conftest.err
configure:11114: $? = 0
configure:11121: test -s conftest
configure:11124: $? = 0
configure:11138: result: yes
configure:11184: checking errno.h usability
configure:11201: gcc -c   conftest.c >&5
configure:11207: $? = 0
configure:11214: test -z "$ac_c_werror_flag" || test ! -s conftest.err
configure:11217: $? = 0
configure:11224: test -s conftest.o
configure:11227: $? = 0
configure:11238: result: yes
configure:11242: checking errno.h presence
configure:11257: gcc -E  conftest.c
configure:11263: $? = 0
configure:11284: result: yes
configure:11317: checking for errno.h
configure:11325: result: yes
configure:11184: checking malloc.h usability
configure:11201: gcc -c   conftest.c >&5
configure:11207: $? = 0
configure:11214: test -z "$ac_c_werror_flag" || test ! -s conftest.err
configure:11217: $? = 0
configure:11224: test -s conftest.o
configure:11227: $? = 0
configure:11238: result: yes
configure:11242: checking malloc.h presence
configure:11257: gcc -E  conftest.c
configure:11263: $? = 0
configure:11284: result: yes
configure:11317: checking for malloc.h
configure:11325: result: yes
configure:11174: checking for memory.h
configure:11180: result: yes
configure:11174: checking for unistd.h
configure:11180: result: yes
configure:11353: checking mach-o/dyld.h usability
configure:11370: gcc -c   conftest.c >&5
conftest.c:94:10: fatal error: mach-o/dyld.h: No such file or directory
   94 | #include <mach-o/dyld.h>
      |          ^~~~~~~~~~~~~~~
compilation terminated.
configure:11376: $? = 1
configure: failed program was:
| /* confdefs.h.  */
| #define PACKAGE_NAME "LLVM"
| #define PACKAGE_TARNAME "llvm"
| #define PACKAGE_VERSION "3.4"
| #define PACKAGE_STRING "LLVM 3.4"
| #define PACKAGE_BUGREPORT "http://llvm.org/bugs/"
| #define LLVM_VERSION_MAJOR 3
| #define LLVM_VERSION_MINOR 4
| #define LLVM_ON_UNIX 1
| #define STDC_HEADERS 1
| #define HAVE_SYS_TYPES_H 1
| #define HAVE_SYS_STAT_H 1
| #define HAVE_STDLIB_H 1
| #define HAVE_STRING_H 1
| #define HAVE_MEMORY_H 1
| #define HAVE_STRINGS_H 1
| #define HAVE_INTTYPES_H 1
| #define HAVE_STDINT_H 1
| #define HAVE_UNISTD_H 1
| #define LLVM_ENABLE_THREADS 1
| #define LLVM_ENABLE_ZLIB 1
| #define ENABLE_PIC 1
| #define ENABLE_TIMESTAMPS 1
| #define ENABLE_BACKTRACES 1
| #define ENABLE_CRASH_OVERRIDES 1
| #define LLVM_NATIVE_ARCH X86
| #define LLVM_NATIVE_TARGET LLVMInitializeX86Target
| #define LLVM_NATIVE_TARGETINFO LLVMInitializeX86TargetInfo
| #define LLVM_NATIVE_TARGETMC LLVMInitializeX86TargetMC
| #define LLVM_NATIVE_ASMPRINTER LLVMInitializeX86AsmPrinter
| #define LLVM_NATIVE_ASMPARSER LLVMInitializeX86AsmParser
| #define LLVM_NATIVE_DISASSEMBLER LLVMInitializeX86Disassembler
| #define CLANG_RESOURCE_DIR ""
| #define C_INCLUDE_DIRS ""
| #define GCC_INSTALL_PREFIX ""
| #define DEFAULT_SYSROOT ""
| #define BUG_REPORT_URL "http://llvm.org/bugs/"
| #define HOST_LINK_VERSION "2.38"
| #define HAVE_LINK_R 1
| #define HAVE_LINK_EXPORT_DYNAMIC 1
| #define HAVE_DIRENT_H 1
| #define HAVE_DLFCN_H 1
| #define LTDL_SHLIB_EXT ".so"
| #define LTDL_SYSSEARCHPATH "/lib:/usr/lib:/usr/lib/x86_64-linux-gnu/libfakeroot:/usr/lib/wsl/lib:/usr/local/lib:/usr/local/lib/x86_64-linux-gnu:/lib/x86_64-linux-gnu:/usr/lib/x86_64-linux-gnu:/lib32:/usr/lib32:/libx32:/usr/libx32"
| #define LTDL_OBJDIR ".libs/"
| #define HAVE_PRELOADED_SYMBOLS 1
| #define HAVE_LIBDL 1
| #define HAVE_DLERROR 1
| #define HAVE_ARGZ_H 1
| #define HAVE_ERROR_T 1
| #define HAVE_ARGZ_APPEND 1
| #define HAVE_ARGZ_CREATE_SEP 1
| #define HAVE_ARGZ_INSERT 1
| #define HAVE_ARGZ_NEXT 1
| #define HAVE_ARGZ_STRINGIFY 1
| #define HAVE_ERRNO_H 1
| #define HAVE_MALLOC_H 1
| #define HAVE_MEMORY_H 1
| #define HAVE_UNISTD_H 1
| /* end confdefs.h.  */
| #include <stdio.h>
| #if HAVE_SYS_TYPES_H
| # include <sys/types.h>
| #endif
| #if HAVE_SYS_STAT_H
| # include <sys/stat.h>
| #endif
| #if STDC_HEADERS
| # include <stdlib.h>
| # include <stddef.h>
| #else
| # if HAVE_STDLIB_H
| #  include <stdlib.h>
| # endif
| #endif
| #if HAVE_STRING_H
| # if !STDC_HEADERS && HAVE_MEMORY_H
| #  include <memory.h>
| # endif
| # include <string.h>
| #endif
| #if HAVE_STRINGS_H
| # include <strings.h>
| #endif
| #if HAVE_INTTYPES_H
| # include <inttypes.h>
| #endif
| #if HAVE_STDINT_H
| # include <stdint.h>
| #endif
| #if HAVE_UNISTD_H
| # include <unistd.h>
| #endif
| #include <mach-o/dyld.h>
configure:11407: result: no
configure:11411: checking mach-o/dyld.h presence
configure:11426: gcc -E  conftest.c
conftest.c:61:10: fatal error: mach-o/dyld.h: No such file or directory
   61 | #include <mach-o/dyld.h>
      |          ^~~~~~~~~~~~~~~
compilation terminated.
configure:11432: $? = 1
configure: failed program was:
| /* confdefs.h.  */
| #define PACKAGE_NAME "LLVM"
| #define PACKAGE_TARNAME "llvm"
| #define PACKAGE_VERSION "3.4"
| #define PACKAGE_STRING "LLVM 3.4"
| #define PACKAGE_BUGREPORT "http://llvm.org/bugs/"
| #define LLVM_VERSION_MAJOR 3
| #define LLVM_VERSION_MINOR 4
| #define LLVM_ON_UNIX 1
| #define STDC_HEADERS 1
| #define HAVE_SYS_TYPES_H 1
| #define HAVE_SYS_STAT_H 1
| #define HAVE_STDLIB_H 1
| #define HAVE_STRING_H 1
| #define HAVE_MEMORY_H 1
| #define HAVE_STRINGS_H 1
| #define HAVE_INTTYPES_H 1
| #define HAVE_STDINT_H 1
| #define HAVE_UNISTD_H 1
| #define LLVM_ENABLE_THREADS 1
| #define LLVM_ENABLE_ZLIB 1
| #define ENABLE_PIC 1
| #define ENABLE_TIMESTAMPS 1
| #define ENABLE_BACKTRACES 1
| #define ENABLE_CRASH_OVERRIDES 1
| #define LLVM_NATIVE_ARCH X86
| #define LLVM_NATIVE_TARGET LLVMInitializeX86Target
| #define LLVM_NATIVE_TARGETINFO LLVMInitializeX86TargetInfo
| #define LLVM_NATIVE_TARGETMC LLVMInitializeX86TargetMC
| #define LLVM_NATIVE_ASMPRINTER LLVMInitializeX86AsmPrinter
| #define LLVM_NATIVE_ASMPARSER LLVMInitializeX86AsmParser
| #define LLVM_NATIVE_DISASSEMBLER LLVMInitializeX86Disassembler
| #define CLANG_RESOURCE_DIR ""
| #define C_INCLUDE_DIRS ""
| #define GCC_INSTALL_PREFIX ""
| #define DEFAULT_SYSROOT ""
| #define BUG_REPORT_URL "http://llvm.org/bugs/"
| #define HOST_LINK_VERSION "2.38"
| #define HAVE_LINK_R 1
| #define HAVE_LINK_EXPORT_DYNAMIC 1
| #define HAVE_DIRENT_H 1
| #define HAVE_DLFCN_H 1
| #define LTDL_SHLIB_EXT ".so"
| #define LTDL_SYSSEARCHPATH "/lib:/usr/lib:/usr/lib/x86_64-linux-gnu/libfakeroot:/usr/lib/wsl/lib:/usr/local/lib:/usr/local/lib/x86_64-linux-gnu:/lib/x86_64-linux-gnu:/usr/lib/x86_64-linux-gnu:/lib32:/usr/lib32:/libx32:/usr/libx32"
| #define LTDL_OBJDIR ".libs/"
| #define HAVE_PRELOADED_SYMBOLS 1
| #define HAVE_LIBDL 1
| #define HAVE_DLERROR 1
| #define HAVE_ARGZ_H 1
| #define HAVE_ERROR_T 1
| #define HAVE_ARGZ_APPEND 1
| #define HAVE_ARGZ_CREATE_SEP 1
| #define HAVE_ARGZ_INSERT 1
| #define HAVE_ARGZ_NEXT 1
| #define HAVE_ARGZ_STRINGIFY 1
| #define HAVE_ERRNO_H 1
| #define HAVE_MALLOC_H 1
| #define HAVE_MEMORY_H 1
| #define HAVE_UNISTD_H 1
| /* end confdefs.h.  */
| #include <mach-o/dyld.h>
configure:11453: result: no
configure:11486: checking for mach-o/dyld.h
configure:11494: result: no
configure:11514: checking for closedir
configure:11570: gcc -o conftest    conftest.c  >&5
configure:11576: $? = 0
configure:11583: test -z "$ac_c_werror_flag" || test ! -s conftest.err
configure:11586: $? = 0
configure:11593: test -s conftest
configure:11596: $? = 0
configure:11610: result: yes
configure:11514: checking for opendir
configure:11570: gcc -o conftest    conftest.c  >&5
configure:11576: $? = 0
configure:11583: test -z "$ac_c_werror_flag" || test ! -s conftest.err
configure:11586: $? = 0
configure:11593: test -s conftest
configure:11596: $? = 0
configure:11610: result: yes
configure:11514: checking for readdir
configure:11570: gcc -o conftest    conftest.c  >&5
configure:11576: $? = 0
configure:11583: test -z "$ac_c_werror_flag" || test ! -s conftest.err
configure:11586: $? = 0
configure:11593: test -s conftest
configure:11596: $? = 0
configure:11610: result: yes
configure:11622: checking tool compatibility
configure:11672: gcc -c   conftest.c >&5
configure:11678: $? = 0
configure:11685: test -z "$ac_c_werror_flag" || test ! -s conftest.err
configure:11688: $? = 0
configure:11695: test -s conftest.o
configure:11698: $? = 0
configure:11720: result: ok
configure:11723: checking optional compiler flags
configure:11744: result: -Wno-variadic-macros -Wno-missing-field-initializers   -Wno-maybe-uninitialized
configure:11755: checking for python
configure:11757: result: user defined: 
configure:11812: checking for python >= 2.5
configure:11821: result: /usr/bin/python3 (3.10.12)
configure:11835: checking for sin in -lm
configure:11870: gcc -o conftest    conftest.c -lm   >&5
conftest.c:71:6: warning: conflicting types for built-in function 'sin'; expected 'double(double)' [-Wbuiltin-declaration-mismatch]
   71 | char sin ();
      |      ^~~
conftest.c:1:1: note: 'sin' is declared in header '<math.h>'
    1 | /* confdefs.h.  */
configure:11876: $? = 0
configure:11883: test -z "$ac_c_werror_flag" || test ! -s conftest.err
configure:11886: $? = 0
configure:11893: test -s conftest
configure:11896: $? = 0
configure:11910: result: yes
configure:12167: checking for library containing dlopen
configure:12208: gcc -o conftest    conftest.c -lm  >&5
configure:12214: $? = 0
configure:12221: test -z "$ac_c_werror_flag" || test ! -s conftest.err
configure:12224: $? = 0
configure:12231: test -s conftest
configure:12234: $? = 0
configure:12258: result: none required
configure:12274: checking for library containing clock_gettime
configure:12315: gcc -o conftest    conftest.c -lm  >&5
configure:12321: $? = 0
configure:12328: test -z "$ac_c_werror_flag" || test ! -s conftest.err
configure:12331: $? = 0
configure:12338: test -s conftest
configure:12341: $? = 0
configure:12365: result: none required
configure:12375: checking for library containing setupterm
configure:12416: gcc -o conftest    conftest.c -lm  >&5
/usr/bin/ld: /tmp/cccQfBit.o: in function `main':
conftest.c:(.text+0xe): undefined reference to `setupterm'
collect2: error: ld returned 1 exit status
configure:12422: $? = 1
configure: failed program was:
| /* confdefs.h.  */
| #define PACKAGE_NAME "LLVM"
| #define PACKAGE_TARNAME "llvm"
| #define PACKAGE_VERSION "3.4"
| #define PACKAGE_STRING "LLVM 3.4"
| #define PACKAGE_BUGREPORT "http://llvm.org/bugs/"
| #define LLVM_VERSION_MAJOR 3
| #define LLVM_VERSION_MINOR 4
| #define LLVM_ON_UNIX 1
| #define STDC_HEADERS 1
| #define HAVE_SYS_TYPES_H 1
| #define HAVE_SYS_STAT_H 1
| #define HAVE_STDLIB_H 1
| #define HAVE_STRING_H 1
| #define HAVE_MEMORY_H 1
| #define HAVE_STRINGS_H 1
| #define HAVE_INTTYPES_H 1
| #define HAVE_STDINT_H 1
| #define HAVE_UNISTD_H 1
| #define LLVM_ENABLE_THREADS 1
| #define LLVM_ENABLE_ZLIB 1
| #define ENABLE_PIC 1
| #define ENABLE_TIMESTAMPS 1
| #define ENABLE_BACKTRACES 1
| #define ENABLE_CRASH_OVERRIDES 1
| #define LLVM_NATIVE_ARCH X86
| #define LLVM_NATIVE_TARGET LLVMInitializeX86Target
| #define LLVM_NATIVE_TARGETINFO LLVMInitializeX86TargetInfo
| #define LLVM_NATIVE_TARGETMC LLVMInitializeX86TargetMC
| #define LLVM_NATIVE_ASMPRINTER LLVMInitializeX86AsmPrinter
| #define LLVM_NATIVE_ASMPARSER LLVMInitializeX86AsmParser
| #define LLVM_NATIVE_DISASSEMBLER LLVMInitializeX86Disassembler
| #define CLANG_RESOURCE_DIR ""
| #define C_INCLUDE_DIRS ""
| #define GCC_INSTALL_PREFIX ""
| #define DEFAULT_SYSROOT ""
| #define BUG_REPORT_URL "http://llvm.org/bugs/"
| #define HOST_LINK_VERSION "2.38"
| #define HAVE_LINK_R 1
| #define HAVE_LINK_EXPORT_DYNAMIC 1
| #define HAVE_DIRENT_H 1
| #define HAVE_DLFCN_H 1
| #define LTDL_SHLIB_EXT ".so"
| #define LTDL_SYSSEARCHPATH "/lib:/usr/lib:/usr/lib/x86_64-linux-gnu/libfakeroot:/usr/lib/wsl/lib:/usr/local/lib:/usr/local/lib/x86_64-linux-gnu:/lib/x86_64-linux-gnu:/usr/lib/x86_64-linux-gnu:/lib32:/usr/lib32:/libx32:/usr/libx32"
| #define LTDL_OBJDIR ".libs/"
| #define HAVE_PRELOADED_SYMBOLS 1
| #define HAVE_LIBDL 1
| #define HAVE_DLERROR 1
| #define HAVE_ARGZ_H 1
| #define HAVE_ERROR_T 1
| #define HAVE_ARGZ_APPEND 1
| #define HAVE_ARGZ_CREATE_SEP 1
| #define HAVE_ARGZ_INSERT 1
| #define HAVE_ARGZ_NEXT 1
| #define HAVE_ARGZ_STRINGIFY 1
| #define HAVE_ERRNO_H 1
| #define HAVE_MALLOC_H 1
| #define HAVE_MEMORY_H 1
| #define HAVE_UNISTD_H 1
| #define HAVE_CLOSEDIR 1
| #define HAVE_OPENDIR 1
| #define HAVE_READDIR 1
| #define HAVE_LIBM 1
| #define HAVE_DLOPEN 1
| /* end confdefs.h.  */
| 
| /* Override any GCC internal prototype to avoid an error.
|    Use char because int might match the return type of a GCC
|    builtin and then its argument prototype would still apply.  */
| #ifdef __cplusplus
| extern "C"
| #endif
| char setupterm ();
| int
| main ()
| {
| return setupterm ();
|   ;
|   return 0;
| }
configure:12416: gcc -o conftest    conftest.c -ltinfo  -lm  >&5
/usr/bin/ld: cannot find -ltinfo: No such file or directory
collect2: error: ld returned 1 exit status
configure:12422: $? = 1
configure: failed program was:
| /* confdefs.h.  */
| #define PACKAGE_NAME "LLVM"
| #define PACKAGE_TARNAME "llvm"
| #define PACKAGE_VERSION "3.4"
| #define PACKAGE_STRING "LLVM 3.4"
| #define PACKAGE_BUGREPORT "http://llvm.org/bugs/"
| #define LLVM_VERSION_MAJOR 3
| #define LLVM_VERSION_MINOR 4
| #define LLVM_ON_UNIX 1
| #define STDC_HEADERS 1
| #define HAVE_SYS_TYPES_H 1
| #define HAVE_SYS_STAT_H 1
| #define HAVE_STDLIB_H 1
| #define HAVE_STRING_H 1
| #define HAVE_MEMORY_H 1
| #define HAVE_STRINGS_H 1
| #define HAVE_INTTYPES_H 1
| #define HAVE_STDINT_H 1
| #define HAVE_UNISTD_H 1
| #define LLVM_ENABLE_THREADS 1
| #define LLVM_ENABLE_ZLIB 1
| #define ENABLE_PIC 1
| #define ENABLE_TIMESTAMPS 1
| #define ENABLE_BACKTRACES 1
| #define ENABLE_CRASH_OVERRIDES 1
| #define LLVM_NATIVE_ARCH X86
| #define LLVM_NATIVE_TARGET LLVMInitializeX86Target
| #define LLVM_NATIVE_TARGETINFO LLVMInitializeX86TargetInfo
| #define LLVM_NATIVE_TARGETMC LLVMInitializeX86TargetMC
| #define LLVM_NATIVE_ASMPRINTER LLVMInitializeX86AsmPrinter
| #define LLVM_NATIVE_ASMPARSER LLVMInitializeX86AsmParser
| #define LLVM_NATIVE_DISASSEMBLER LLVMInitializeX86Disassembler
| #define CLANG_RESOURCE_DIR ""
| #define C_INCLUDE_DIRS ""
| #define GCC_INSTALL_PREFIX ""
| #define DEFAULT_SYSROOT ""
| #define BUG_REPORT_URL "http://llvm.org/bugs/"
| #define HOST_LINK_VERSION "2.38"
| #define HAVE_LINK_R 1
| #define HAVE_LINK_EXPORT_DYNAMIC 1
| #define HAVE_DIRENT_H 1
| #define HAVE_DLFCN_H 1
| #define LTDL_SHLIB_EXT ".so"
| #define LTDL_SYSSEARCHPATH "/lib:/usr/lib:/usr/lib/x86_64-linux-gnu/libfakeroot:/usr/lib/wsl/lib:/usr/local/lib:/usr/local/lib/x86_64-linux-gnu:/lib/x86_64-linux-gnu:/usr/lib/x86_64-linux-gnu:/lib32:/usr/lib32:/libx32:/usr/libx32"
| #define LTDL_OBJDIR ".libs/"
| #define HAVE_PRELOADED_SYMBOLS 1
| #define HAVE_LIBDL 1
| #define HAVE_DLERROR 1
| #define HAVE_ARGZ_H 1
| #define HAVE_ERROR_T 1
| #define HAVE_ARGZ_APPEND 1
| #define HAVE_ARGZ_CREATE_SEP 1
| #define HAVE_ARGZ_INSERT 1
| #define HAVE_ARGZ_NEXT 1
| #define HAVE_ARGZ_STRINGIFY 1
| #define HAVE_ERRNO_H 1
| #define HAVE_MALLOC_H 1
| #define HAVE_MEMORY_H 1
| #define HAVE_UNISTD_H 1
| #define HAVE_CLOSEDIR 1
| #define HAVE_OPENDIR 1
| #define HAVE_READDIR 1
| #define HAVE_LIBM 1
| #define HAVE_DLOPEN 1
| /* end confdefs.h.  */
| 
| /* Override any GCC internal prototype to avoid an error.
|    Use char because int might match the return type of a GCC
|    builtin and then its argument prototype would still apply.  */
| #ifdef __cplusplus
| extern "C"
| #endif
| char setupterm ();
| int
| main ()
| {
| return setupterm ();
|   ;
|   return 0;
| }
configure:12416: gcc -o conftest    conftest.c -lterminfo  -lm  >&5
/usr/bin/ld: cannot find -lterminfo: No such file or directory
collect2: error: ld returned 1 exit status
configure:12422: $? = 1
configure: failed program was:
| /* confdefs.h.  */
| #define PACKAGE_NAME "LLVM"
| #define PACKAGE_TARNAME "llvm"
| #define PACKAGE_VERSION "3.4"
| #define PACKAGE_STRING "LLVM 3.4"
| #define PACKAGE_BUGREPORT "http://llvm.org/bugs/"
| #define LLVM_VERSION_MAJOR 3
| #define LLVM_VERSION_MINOR 4
| #define LLVM_ON_UNIX 1
| #define STDC_HEADERS 1
| #define HAVE_SYS_TYPES_H 1
| #define HAVE_SYS_STAT_H 1
| #define HAVE_STDLIB_H 1
| #define HAVE_STRING_H 1
| #define HAVE_MEMORY_H 1
| #define HAVE_STRINGS_H 1
| #define HAVE_INTTYPES_H 1
| #define HAVE_STDINT_H 1
| #define HAVE_UNISTD_H 1
| #define LLVM_ENABLE_THREADS 1
| #define LLVM_ENABLE_ZLIB 1
| #define ENABLE_PIC 1
| #define ENABLE_TIMESTAMPS 1
| #define ENABLE_BACKTRACES 1
| #define ENABLE_CRASH_OVERRIDES 1
| #define LLVM_NATIVE_ARCH X86
| #define LLVM_NATIVE_TARGET LLVMInitializeX86Target
| #define LLVM_NATIVE_TARGETINFO LLVMInitializeX86TargetInfo
| #define LLVM_NATIVE_TARGETMC LLVMInitializeX86TargetMC
| #define LLVM_NATIVE_ASMPRINTER LLVMInitializeX86AsmPrinter
| #define LLVM_NATIVE_ASMPARSER LLVMInitializeX86AsmParser
| #define LLVM_NATIVE_DISASSEMBLER LLVMInitializeX86Disassembler
| #define CLANG_RESOURCE_DIR ""
| #define C_INCLUDE_DIRS ""
| #define GCC_INSTALL_PREFIX ""
| #define DEFAULT_SYSROOT ""
| #define BUG_REPORT_URL "http://llvm.org/bugs/"
| #define HOST_LINK_VERSION "2.38"
| #define HAVE_LINK_R 1
| #define HAVE_LINK_EXPORT_DYNAMIC 1
| #define HAVE_DIRENT_H 1
| #define HAVE_DLFCN_H 1
| #define LTDL_SHLIB_EXT ".so"
| #define LTDL_SYSSEARCHPATH "/lib:/usr/lib:/usr/lib/x86_64-linux-gnu/libfakeroot:/usr/lib/wsl/lib:/usr/local/lib:/usr/local/lib/x86_64-linux-gnu:/lib/x86_64-linux-gnu:/usr/lib/x86_64-linux-gnu:/lib32:/usr/lib32:/libx32:/usr/libx32"
| #define LTDL_OBJDIR ".libs/"
| #define HAVE_PRELOADED_SYMBOLS 1
| #define HAVE_LIBDL 1
| #define HAVE_DLERROR 1
| #define HAVE_ARGZ_H 1
| #define HAVE_ERROR_T 1
| #define HAVE_ARGZ_APPEND 1
| #define HAVE_ARGZ_CREATE_SEP 1
| #define HAVE_ARGZ_INSERT 1
| #define HAVE_ARGZ_NEXT 1
| #define HAVE_ARGZ_STRINGIFY 1
| #define HAVE_ERRNO_H 1
| #define HAVE_MALLOC_H 1
| #define HAVE_MEMORY_H 1
| #define HAVE_UNISTD_H 1
| #define HAVE_CLOSEDIR 1
| #define HAVE_OPENDIR 1
| #define HAVE_READDIR 1
| #define HAVE_LIBM 1
| #define HAVE_DLOPEN 1
| /* end confdefs.h.  */
| 
| /* Override any GCC internal prototype to avoid an error.
|    Use char because int might match the return type of a GCC
|    builtin and then its argument prototype would still apply.  */
| #ifdef __cplusplus
| extern "C"
| #endif
| char setupterm ();
| int
| main ()
| {
| return setupterm ();
|   ;
|   return 0;
| }
configure:12416: gcc -o conftest    conftest.c -lcurses  -lm  >&5
/usr/bin/ld: cannot find -lcurses: No such file or directory
collect2: error: ld returned 1 exit status
configure:12422: $? = 1
configure: failed program was:
| /* confdefs.h.  */
| #define PACKAGE_NAME "LLVM"
| #define PACKAGE_TARNAME "llvm"
| #define PACKAGE_VERSION "3.4"
| #define PACKAGE_STRING "LLVM 3.4"
| #define PACKAGE_BUGREPORT "http://llvm.org/bugs/"
| #define LLVM_VERSION_MAJOR 3
| #define LLVM_VERSION_MINOR 4
| #define LLVM_ON_UNIX 1
| #define STDC_HEADERS 1
| #define HAVE_SYS_TYPES_H 1
| #define HAVE_SYS_STAT_H 1
| #define HAVE_STDLIB_H 1
| #define HAVE_STRING_H 1
| #define HAVE_MEMORY_H 1
| #define HAVE_STRINGS_H 1
| #define HAVE_INTTYPES_H 1
| #define HAVE_STDINT_H 1
| #define HAVE_UNISTD_H 1
| #define LLVM_ENABLE_THREADS 1
| #define LLVM_ENABLE_ZLIB 1
| #define ENABLE_PIC 1
| #define ENABLE_TIMESTAMPS 1
| #define ENABLE_BACKTRACES 1
| #define ENABLE_CRASH_OVERRIDES 1
| #define LLVM_NATIVE_ARCH X86
| #define LLVM_NATIVE_TARGET LLVMInitializeX86Target
| #define LLVM_NATIVE_TARGETINFO LLVMInitializeX86TargetInfo
| #define LLVM_NATIVE_TARGETMC LLVMInitializeX86TargetMC
| #define LLVM_NATIVE_ASMPRINTER LLVMInitializeX86AsmPrinter
| #define LLVM_NATIVE_ASMPARSER LLVMInitializeX86AsmParser
| #define LLVM_NATIVE_DISASSEMBLER LLVMInitializeX86Disassembler
| #define CLANG_RESOURCE_DIR ""
| #define C_INCLUDE_DIRS ""
| #define GCC_INSTALL_PREFIX ""
| #define DEFAULT_SYSROOT ""
| #define BUG_REPORT_URL "http://llvm.org/bugs/"
| #define HOST_LINK_VERSION "2.38"
| #define HAVE_LINK_R 1
| #define HAVE_LINK_EXPORT_DYNAMIC 1
| #define HAVE_DIRENT_H 1
| #define HAVE_DLFCN_H 1
| #define LTDL_SHLIB_EXT ".so"
| #define LTDL_SYSSEARCHPATH "/lib:/usr/lib:/usr/lib/x86_64-linux-gnu/libfakeroot:/usr/lib/wsl/lib:/usr/local/lib:/usr/local/lib/x86_64-linux-gnu:/lib/x86_64-linux-gnu:/usr/lib/x86_64-linux-gnu:/lib32:/usr/lib32:/libx32:/usr/libx32"
| #define LTDL_OBJDIR ".libs/"
| #define HAVE_PRELOADED_SYMBOLS 1
| #define HAVE_LIBDL 1
| #define HAVE_DLERROR 1
| #define HAVE_ARGZ_H 1
| #define HAVE_ERROR_T 1
| #define HAVE_ARGZ_APPEND 1
| #define HAVE_ARGZ_CREATE_SEP 1
| #define HAVE_ARGZ_INSERT 1
| #define HAVE_ARGZ_NEXT 1
| #define HAVE_ARGZ_STRINGIFY 1
| #define HAVE_ERRNO_H 1
| #define HAVE_MALLOC_H 1
| #define HAVE_MEMORY_H 1
| #define HAVE_UNISTD_H 1
| #define HAVE_CLOSEDIR 1
| #define HAVE_OPENDIR 1
| #define HAVE_READDIR 1
| #define HAVE_LIBM 1
| #define HAVE_DLOPEN 1
| /* end confdefs.h.  */
| 
| /* Override any GCC internal prototype to avoid an error.
|    Use char because int might match the return type of a GCC
|    builtin and then its argument prototype would still apply.  */
| #ifdef __cplusplus
| extern "C"
| #endif
| char setupterm ();
| int
| main ()
| {
| return setupterm ();
|   ;
|   return 0;
| }
configure:12416: gcc -o conftest    conftest.c -lncurses  -lm  >&5
/usr/bin/ld: cannot find -lncurses: No such file or directory
collect2: error: ld returned 1 exit status
configure:12422: $? = 1
configure: failed program was:
| /* confdefs.h.  */
| #define PACKAGE_NAME "LLVM"
| #define PACKAGE_TARNAME "llvm"
| #define PACKAGE_VERSION "3.4"
| #define PACKAGE_STRING "LLVM 3.4"
| #define PACKAGE_BUGREPORT "http://llvm.org/bugs/"
| #define LLVM_VERSION_MAJOR 3
| #define LLVM_VERSION_MINOR 4
| #define LLVM_ON_UNIX 1
| #define STDC_HEADERS 1
| #define HAVE_SYS_TYPES_H 1
| #define HAVE_SYS_STAT_H 1
| #define HAVE_STDLIB_H 1
| #define HAVE_STRING_H 1
| #define HAVE_MEMORY_H 1
| #define HAVE_STRINGS_H 1
| #define HAVE_INTTYPES_H 1
| #define HAVE_STDINT_H 1
| #define HAVE_UNISTD_H 1
| #define LLVM_ENABLE_THREADS 1
| #define LLVM_ENABLE_ZLIB 1
| #define ENABLE_PIC 1
| #define ENABLE_TIMESTAMPS 1
| #define ENABLE_BACKTRACES 1
| #define ENABLE_CRASH_OVERRIDES 1
| #define LLVM_NATIVE_ARCH X86
| #define LLVM_NATIVE_TARGET LLVMInitializeX86Target
| #define LLVM_NATIVE_TARGETINFO LLVMInitializeX86TargetInfo
| #define LLVM_NATIVE_TARGETMC LLVMInitializeX86TargetMC
| #define LLVM_NATIVE_ASMPRINTER LLVMInitializeX86AsmPrinter
| #define LLVM_NATIVE_ASMPARSER LLVMInitializeX86AsmParser
| #define LLVM_NATIVE_DISASSEMBLER LLVMInitializeX86Disassembler
| #define CLANG_RESOURCE_DIR ""
| #define C_INCLUDE_DIRS ""
| #define GCC_INSTALL_PREFIX ""
| #define DEFAULT_SYSROOT ""
| #define BUG_REPORT_URL "http://llvm.org/bugs/"
| #define HOST_LINK_VERSION "2.38"
| #define HAVE_LINK_R 1
| #define HAVE_LINK_EXPORT_DYNAMIC 1
| #define HAVE_DIRENT_H 1
| #define HAVE_DLFCN_H 1
| #define LTDL_SHLIB_EXT ".so"
| #define LTDL_SYSSEARCHPATH "/lib:/usr/lib:/usr/lib/x86_64-linux-gnu/libfakeroot:/usr/lib/wsl/lib:/usr/local/lib:/usr/local/lib/x86_64-linux-gnu:/lib/x86_64-linux-gnu:/usr/lib/x86_64-linux-gnu:/lib32:/usr/lib32:/libx32:/usr/libx32"
| #define LTDL_OBJDIR ".libs/"
| #define HAVE_PRELOADED_SYMBOLS 1
| #define HAVE_LIBDL 1
| #define HAVE_DLERROR 1
| #define HAVE_ARGZ_H 1
| #define HAVE_ERROR_T 1
| #define HAVE_ARGZ_APPEND 1
| #define HAVE_ARGZ_CREATE_SEP 1
| #define HAVE_ARGZ_INSERT 1
| #define HAVE_ARGZ_NEXT 1
| #define HAVE_ARGZ_STRINGIFY 1
| #define HAVE_ERRNO_H 1
| #define HAVE_MALLOC_H 1
| #define HAVE_MEMORY_H 1
| #define HAVE_UNISTD_H 1
| #define HAVE_CLOSEDIR 1
| #define HAVE_OPENDIR 1
| #define HAVE_READDIR 1
| #define HAVE_LIBM 1
| #define HAVE_DLOPEN 1
| /* end confdefs.h.  */
| 
| /* Override any GCC internal prototype to avoid an error.
|    Use char because int might match the return type of a GCC
|    builtin and then its argument prototype would still apply.  */
| #ifdef __cplusplus
| extern "C"
| #endif
| char setupterm ();
| int
| main ()
| {
| return setupterm ();
|   ;
|   return 0;
| }
configure:12416: gcc -o conftest    conftest.c -lncursesw  -lm  >&5
/usr/bin/ld: cannot find -lncursesw: No such file or directory
collect2: error: ld returned 1 exit status
configure:12422: $? = 1
configure: failed program was:
| /* confdefs.h.  */
| #define PACKAGE_NAME "LLVM"
| #define PACKAGE_TARNAME "llvm"
| #define PACKAGE_VERSION "3.4"
| #define PACKAGE_STRING "LLVM 3.4"
| #define PACKAGE_BUGREPORT "http://llvm.org/bugs/"
| #define LLVM_VERSION_MAJOR 3
| #define LLVM_VERSION_MINOR 4
| #define LLVM_ON_UNIX 1
| #define STDC_HEADERS 1
| #define HAVE_SYS_TYPES_H 1
| #define HAVE_SYS_STAT_H 1
| #define HAVE_STDLIB_H 1
| #define HAVE_STRING_H 1
| #define HAVE_MEMORY_H 1
| #define HAVE_STRINGS_H 1
| #define HAVE_INTTYPES_H 1
| #define HAVE_STDINT_H 1
| #define HAVE_UNISTD_H 1
| #define LLVM_ENABLE_THREADS 1
| #define LLVM_ENABLE_ZLIB 1
| #define ENABLE_PIC 1
| #define ENABLE_TIMESTAMPS 1
| #define ENABLE_BACKTRACES 1
| #define ENABLE_CRASH_OVERRIDES 1
| #define LLVM_NATIVE_ARCH X86
| #define LLVM_NATIVE_TARGET LLVMInitializeX86Target
| #define LLVM_NATIVE_TARGETINFO LLVMInitializeX86TargetInfo
| #define LLVM_NATIVE_TARGETMC LLVMInitializeX86TargetMC
| #define LLVM_NATIVE_ASMPRINTER LLVMInitializeX86AsmPrinter
| #define LLVM_NATIVE_ASMPARSER LLVMInitializeX86AsmParser
| #define LLVM_NATIVE_DISASSEMBLER LLVMInitializeX86Disassembler
| #define CLANG_RESOURCE_DIR ""
| #define C_INCLUDE_DIRS ""
| #define GCC_INSTALL_PREFIX ""
| #define DEFAULT_SYSROOT ""
| #define BUG_REPORT_URL "http://llvm.org/bugs/"
| #define HOST_LINK_VERSION "2.38"
| #define HAVE_LINK_R 1
| #define HAVE_LINK_EXPORT_DYNAMIC 1
| #define HAVE_DIRENT_H 1
| #define HAVE_DLFCN_H 1
| #define LTDL_SHLIB_EXT ".so"
| #define LTDL_SYSSEARCHPATH "/lib:/usr/lib:/usr/lib/x86_64-linux-gnu/libfakeroot:/usr/lib/wsl/lib:/usr/local/lib:/usr/local/lib/x86_64-linux-gnu:/lib/x86_64-linux-gnu:/usr/lib/x86_64-linux-gnu:/lib32:/usr/lib32:/libx32:/usr/libx32"
| #define LTDL_OBJDIR ".libs/"
| #define HAVE_PRELOADED_SYMBOLS 1
| #define HAVE_LIBDL 1
| #define HAVE_DLERROR 1
| #define HAVE_ARGZ_H 1
| #define HAVE_ERROR_T 1
| #define HAVE_ARGZ_APPEND 1
| #define HAVE_ARGZ_CREATE_SEP 1
| #define HAVE_ARGZ_INSERT 1
| #define HAVE_ARGZ_NEXT 1
| #define HAVE_ARGZ_STRINGIFY 1
| #define HAVE_ERRNO_H 1
| #define HAVE_MALLOC_H 1
| #define HAVE_MEMORY_H 1
| #define HAVE_UNISTD_H 1
| #define HAVE_CLOSEDIR 1
| #define HAVE_OPENDIR 1
| #define HAVE_READDIR 1
| #define HAVE_LIBM 1
| #define HAVE_DLOPEN 1
| /* end confdefs.h.  */
| 
| /* Override any GCC internal prototype to avoid an error.
|    Use char because int might match the return type of a GCC
|    builtin and then its argument prototype would still apply.  */
| #ifdef __cplusplus
| extern "C"
| #endif
| char setupterm ();
| int
| main ()
| {
| return setupterm ();
|   ;
|   return 0;
| }
configure:12466: result: no
configure:12590: checking for library containing mallinfo
configure:12631: gcc -o conftest    conftest.c -lm  >&5
configure:12637: $? = 0
configure:12644: test -z "$ac_c_werror_flag" || test ! -s conftest.err
configure:12647: $? = 0
configure:12654: test -s conftest
configure:12657: $? = 0
configure:12681: result: none required
configure:12696: checking for pthread_mutex_init in -lpthread
configure:12731: gcc -o conftest    conftest.c -lpthread  -lm  >&5
configure:12737: $? = 0
configure:12744: test -z "$ac_c_werror_flag" || test ! -s conftest.err
configure:12747: $? = 0
configure:12754: test -s conftest
configure:12757: $? = 0
configure:12771: result: yes
configure:12782: checking for library containing pthread_mutex_lock
configure:12823: gcc -o conftest    conftest.c -lpthread -lm  >&5
configure:12829: $? = 0
configure:12836: test -z "$ac_c_werror_flag" || test ! -s conftest.err
configure:12839: $? = 0
configure:12846: test -s conftest
configure:12849: $? = 0
configure:12873: result: none required
configure:12885: checking for library containing pthread_rwlock_init
configure:12926: gcc -o conftest    conftest.c -lpthread -lm  >&5
configure:12932: $? = 0
configure:12939: test -z "$ac_c_werror_flag" || test ! -s conftest.err
configure:12942: $? = 0
configure:12949: test -s conftest
configure:12952: $? = 0
configure:12976: result: none required
configure:12988: checking for library containing pthread_getspecific
configure:13029: gcc -o conftest    conftest.c -lpthread -lm  >&5
configure:13035: $? = 0
configure:13042: test -z "$ac_c_werror_flag" || test ! -s conftest.err
configure:13045: $? = 0
configure:13052: test -s conftest
configure:13055: $? = 0
configure:13079: result: none required
configure:13095: checking for compress2 in -lz
configure:13130: gcc -o conftest    conftest.c -lz  -lpthread -lm  >&5
configure:13136: $? = 0
configure:13143: test -z "$ac_c_werror_flag" || test ! -s conftest.err
configure:13146: $? = 0
configure:13153: test -s conftest
configure:13156: $? = 0
configure:13170: result: yes
configure:13747: checking for xml2-config
configure:13777: result: no
configure:13786: checking for libxml2 includes
configure:13789: result: xml2-config not found
configure:13894: checking for dirent.h that defines DIR
configure:13962: result: yes
configure:13975: checking for library containing opendir
configure:14066: result: none required
configure:14176: checking for MAP_ANONYMOUS vs. MAP_ANON
configure:14210: gcc -c   conftest.c >&5
configure:14216: $? = 0
configure:14223: test -z "$ac_c_werror_flag" || test ! -s conftest.err
configure:14226: $? = 0
configure:14233: test -s conftest.o
configure:14236: $? = 0
configure:14255: result: yes
configure:14265: checking whether stat file-mode macros are broken
configure:14313: result: no
configure:14323: checking for sys/wait.h that is POSIX.1 compatible
configure:14359: gcc -c   conftest.c >&5
configure:14365: $? = 0
configure:14372: test -z "$ac_c_werror_flag" || test ! -s conftest.err
configure:14375: $? = 0
configure:14382: test -s conftest.o
configure:14385: $? = 0
configure:14397: result: yes
configure:14407: checking whether time.h and sys/time.h may both be included
configure:14437: gcc -c   conftest.c >&5
configure:14443: $? = 0
configure:14450: test -z "$ac_c_werror_flag" || test ! -s conftest.err
configure:14453: $? = 0
configure:14460: test -s conftest.o
configure:14463: $? = 0
configure:14475: result: yes
configure:14497: checking how to run the C++ preprocessor
configure:14533: g++ -E  conftest.cpp
configure:14539: $? = 0
configure:14577: g++ -E  conftest.cpp
conftest.cpp:79:10: fatal error: ac_nonexistent.h: No such file or directory
   79 | #include <ac_nonexistent.h>
      |          ^~~~~~~~~~~~~~~~~~
compilation terminated.
configure:14583: $? = 1
configure: failed program was:
| /* confdefs.h.  */
| #define PACKAGE_NAME "LLVM"
| #define PACKAGE_TARNAME "llvm"
| #define PACKAGE_VERSION "3.4"
| #define PACKAGE_STRING "LLVM 3.4"
| #define PACKAGE_BUGREPORT "http://llvm.org/bugs/"
| #define LLVM_VERSION_MAJOR 3
| #define LLVM_VERSION_MINOR 4
| #define LLVM_ON_UNIX 1
| #define STDC_HEADERS 1
| #define HAVE_SYS_TYPES_H 1
| #define HAVE_SYS_STAT_H 1
| #define HAVE_STDLIB_H 1
| #define HAVE_STRING_H 1
| #define HAVE_MEMORY_H 1
| #define HAVE_STRINGS_H 1
| #define HAVE_INTTYPES_H 1
| #define HAVE_STDINT_H 1
| #define HAVE_UNISTD_H 1
| #define LLVM_ENABLE_THREADS 1
| #define LLVM_ENABLE_ZLIB 1
| #define ENABLE_PIC 1
| #define ENABLE_TIMESTAMPS 1
| #define ENABLE_BACKTRACES 1
| #define ENABLE_CRASH_OVERRIDES 1
| #define LLVM_NATIVE_ARCH X86
| #define LLVM_NATIVE_TARGET LLVMInitializeX86Target
| #define LLVM_NATIVE_TARGETINFO LLVMInitializeX86TargetInfo
| #define LLVM_NATIVE_TARGETMC LLVMInitializeX86TargetMC
| #define LLVM_NATIVE_ASMPRINTER LLVMInitializeX86AsmPrinter
| #define LLVM_NATIVE_ASMPARSER LLVMInitializeX86AsmParser
| #define LLVM_NATIVE_DISASSEMBLER LLVMInitializeX86Disassembler
| #define CLANG_RESOURCE_DIR ""
| #define C_INCLUDE_DIRS ""
| #define GCC_INSTALL_PREFIX ""
| #define DEFAULT_SYSROOT ""
| #define BUG_REPORT_URL "http://llvm.org/bugs/"
| #define HOST_LINK_VERSION "2.38"
| #define HAVE_LINK_R 1
| #define HAVE_LINK_EXPORT_DYNAMIC 1
| #define HAVE_DIRENT_H 1
| #define HAVE_DLFCN_H 1
| #define LTDL_SHLIB_EXT ".so"
| #define LTDL_SYSSEARCHPATH "/lib:/usr/lib:/usr/lib/x86_64-linux-gnu/libfakeroot:/usr/lib/wsl/lib:/usr/local/lib:/usr/local/lib/x86_64-linux-gnu:/lib/x86_64-linux-gnu:/usr/lib/x86_64-linux-gnu:/lib32:/usr/lib32:/libx32:/usr/libx32"
| #define LTDL_OBJDIR ".libs/"
| #define HAVE_PRELOADED_SYMBOLS 1
| #define HAVE_LIBDL 1
| #define HAVE_DLERROR 1
| #define HAVE_ARGZ_H 1
| #define HAVE_ERROR_T 1
| #define HAVE_ARGZ_APPEND 1
| #define HAVE_ARGZ_CREATE_SEP 1
| #define HAVE_ARGZ_INSERT 1
| #define HAVE_ARGZ_NEXT 1
| #define HAVE_ARGZ_STRINGIFY 1
| #define HAVE_ERRNO_H 1
| #define HAVE_MALLOC_H 1
| #define HAVE_MEMORY_H 1
| #define HAVE_UNISTD_H 1
| #define HAVE_CLOSEDIR 1
| #define HAVE_OPENDIR 1
| #define HAVE_READDIR 1
| #define HAVE_LIBM 1
| #define HAVE_DLOPEN 1
| #define HAVE_MALLINFO 1
| #define HAVE_LIBPTHREAD 1
| #define HAVE_PTHREAD_MUTEX_LOCK 1
| #define HAVE_PTHREAD_RWLOCK_INIT 1
| #define HAVE_PTHREAD_GETSPECIFIC 1
| #define HAVE_LIBZ 1
| #define USE_UDIS86 0
| #define LLVM_USE_OPROFILE 0
| #define LLVM_USE_INTEL_JITEVENTS 0
| #define HAVE_DIRENT_H 1
| #define HAVE_MMAP_ANONYMOUS 1
| #define HAVE_SYS_WAIT_H 1
| #define TIME_WITH_SYS_TIME 1
| /* end confdefs.h.  */
| #include <ac_nonexistent.h>
configure:14623: result: g++ -E
configure:14652: g++ -E  conftest.cpp
configure:14658: $? = 0
configure:14696: g++ -E  conftest.cpp
conftest.cpp:79:10: fatal error: ac_nonexistent.h: No such file or directory
   79 | #include <ac_nonexistent.h>
      |          ^~~~~~~~~~~~~~~~~~
compilation terminated.
configure:14702: $? = 1
configure: failed program was:
| /* confdefs.h.  */
| #define PACKAGE_NAME "LLVM"
| #define PACKAGE_TARNAME "llvm"
| #define PACKAGE_VERSION "3.4"
| #define PACKAGE_STRING "LLVM 3.4"
| #define PACKAGE_BUGREPORT "http://llvm.org/bugs/"
| #define LLVM_VERSION_MAJOR 3
| #define LLVM_VERSION_MINOR 4
| #define LLVM_ON_UNIX 1
| #define STDC_HEADERS 1
| #define HAVE_SYS_TYPES_H 1
| #define HAVE_SYS_STAT_H 1
| #define HAVE_STDLIB_H 1
| #define HAVE_STRING_H 1
| #define HAVE_MEMORY_H 1
| #define HAVE_STRINGS_H 1
| #define HAVE_INTTYPES_H 1
| #define HAVE_STDINT_H 1
| #define HAVE_UNISTD_H 1
| #define LLVM_ENABLE_THREADS 1
| #define LLVM_ENABLE_ZLIB 1
| #define ENABLE_PIC 1
| #define ENABLE_TIMESTAMPS 1
| #define ENABLE_BACKTRACES 1
| #define ENABLE_CRASH_OVERRIDES 1
| #define LLVM_NATIVE_ARCH X86
| #define LLVM_NATIVE_TARGET LLVMInitializeX86Target
| #define LLVM_NATIVE_TARGETINFO LLVMInitializeX86TargetInfo
| #define LLVM_NATIVE_TARGETMC LLVMInitializeX86TargetMC
| #define LLVM_NATIVE_ASMPRINTER LLVMInitializeX86AsmPrinter
| #define LLVM_NATIVE_ASMPARSER LLVMInitializeX86AsmParser
| #define LLVM_NATIVE_DISASSEMBLER LLVMInitializeX86Disassembler
| #define CLANG_RESOURCE_DIR ""
| #define C_INCLUDE_DIRS ""
| #define GCC_INSTALL_PREFIX ""
| #define DEFAULT_SYSROOT ""
| #define BUG_REPORT_URL "http://llvm.org/bugs/"
| #define HOST_LINK_VERSION "2.38"
| #define HAVE_LINK_R 1
| #define HAVE_LINK_EXPORT_DYNAMIC 1
| #define HAVE_DIRENT_H 1
| #define HAVE_DLFCN_H 1
| #define LTDL_SHLIB_EXT ".so"
| #define LTDL_SYSSEARCHPATH "/lib:/usr/lib:/usr/lib/x86_64-linux-gnu/libfakeroot:/usr/lib/wsl/lib:/usr/local/lib:/usr/local/lib/x86_64-linux-gnu:/lib/x86_64-linux-gnu:/usr/lib/x86_64-linux-gnu:/lib32:/usr/lib32:/libx32:/usr/libx32"
| #define LTDL_OBJDIR ".libs/"
| #define HAVE_PRELOADED_SYMBOLS 1
| #define HAVE_LIBDL 1
| #define HAVE_DLERROR 1
| #define HAVE_ARGZ_H 1
| #define HAVE_ERROR_T 1
| #define HAVE_ARGZ_APPEND 1
| #define HAVE_ARGZ_CREATE_SEP 1
| #define HAVE_ARGZ_INSERT 1
| #define HAVE_ARGZ_NEXT 1
| #define HAVE_ARGZ_STRINGIFY 1
| #define HAVE_ERRNO_H 1
| #define HAVE_MALLOC_H 1
| #define HAVE_MEMORY_H 1
| #define HAVE_UNISTD_H 1
| #define HAVE_CLOSEDIR 1
| #define HAVE_OPENDIR 1
| #define HAVE_READDIR 1
| #define HAVE_LIBM 1
| #define HAVE_DLOPEN 1
| #define HAVE_MALLINFO 1
| #define HAVE_LIBPTHREAD 1
| #define HAVE_PTHREAD_MUTEX_LOCK 1
| #define HAVE_PTHREAD_RWLOCK_INIT 1
| #define HAVE_PTHREAD_GETSPECIFIC 1
| #define HAVE_LIBZ 1
| #define USE_UDIS86 0
| #define LLVM_USE_OPROFILE 0
| #define LLVM_USE_INTEL_JITEVENTS 0
| #define HAVE_DIRENT_H 1
| #define HAVE_MMAP_ANONYMOUS 1
| #define HAVE_SYS_WAIT_H 1
| #define TIME_WITH_SYS_TIME 1
| /* end confdefs.h.  */
| #include <ac_nonexistent.h>
configure:14762: checking cxxabi.h usability
configure:14779: g++ -c   conftest.cpp >&5
configure:14785: $? = 0
configure:14792: test -z "$ac_cxx_werror_flag" || test ! -s conftest.err
configure:14795: $? = 0
configure:14802: test -s conftest.o
configure:14805: $? = 0
configure:14816: result: yes
configure:14820: checking cxxabi.h presence
configure:14835: g++ -E  conftest.cpp
configure:14841: $? = 0
configure:14862: result: yes
configure:14895: checking for cxxabi.h
configure:14903: result: yes
configure:14931: checking for dlfcn.h
configure:14937: result: yes
configure:14941: checking execinfo.h usability
configure:14958: gcc -c   conftest.c >&5
configure:14964: $? = 0
configure:14971: test -z "$ac_c_werror_flag" || test ! -s conftest.err
configure:14974: $? = 0
configure:14981: test -s conftest.o
configure:14984: $? = 0
configure:14995: result: yes
configure:14999: checking execinfo.h presence
configure:15014: gcc -E  conftest.c
configure:15020: $? = 0
configure:15041: result: yes
configure:15074: checking for execinfo.h
configure:15082: result: yes
configure:14941: checking fcntl.h usability
configure:14958: gcc -c   conftest.c >&5
configure:14964: $? = 0
configure:14971: test -z "$ac_c_werror_flag" || test ! -s conftest.err
configure:14974: $? = 0
configure:14981: test -s conftest.o
configure:14984: $? = 0
configure:14995: result: yes
configure:14999: checking fcntl.h presence
configure:15014: gcc -E  conftest.c
configure:15020: $? = 0
configure:15041: result: yes
configure:15074: checking for fcntl.h
configure:15082: result: yes
configure:14931: checking for inttypes.h
configure:14937: result: yes
configure:14941: checking link.h usability
configure:14958: gcc -c   conftest.c >&5
configure:14964: $? = 0
configure:14971: test -z "$ac_c_werror_flag" || test ! -s conftest.err
configure:14974: $? = 0
configure:14981: test -s conftest.o
configure:14984: $? = 0
configure:14995: result: yes
configure:14999: checking link.h presence
configure:15014: gcc -E  conftest.c
configure:15020: $? = 0
configure:15041: result: yes
configure:15074: checking for link.h
configure:15082: result: yes
configure:15105: checking for malloc.h
configure:15111: result: yes
configure:15115: checking setjmp.h usability
configure:15132: gcc -c   conftest.c >&5
configure:15138: $? = 0
configure:15145: test -z "$ac_c_werror_flag" || test ! -s conftest.err
configure:15148: $? = 0
configure:15155: test -s conftest.o
configure:15158: $? = 0
configure:15169: result: yes
configure:15173: checking setjmp.h presence
configure:15188: gcc -E  conftest.c
configure:15194: $? = 0
configure:15215: result: yes
configure:15248: checking for setjmp.h
configure:15256: result: yes
configure:15115: checking signal.h usability
configure:15132: gcc -c   conftest.c >&5
configure:15138: $? = 0
configure:15145: test -z "$ac_c_werror_flag" || test ! -s conftest.err
configure:15148: $? = 0
configure:15155: test -s conftest.o
configure:15158: $? = 0
configure:15169: result: yes
configure:15173: checking signal.h presence
configure:15188: gcc -E  conftest.c
configure:15194: $? = 0
configure:15215: result: yes
configure:15248: checking for signal.h
configure:15256: result: yes
configure:15105: checking for stdint.h
configure:15111: result: yes
configure:15115: checking termios.h usability
configure:15132: gcc -c   conftest.c >&5
configure:15138: $? = 0
configure:15145: test -z "$ac_c_werror_flag" || test ! -s conftest.err
configure:15148: $? = 0
configure:15155: test -s conftest.o
configure:15158: $? = 0
configure:15169: result: yes
configure:15173: checking termios.h presence
configure:15188: gcc -E  conftest.c
configure:15194: $? = 0
configure:15215: result: yes
configure:15248: checking for termios.h
configure:15256: result: yes
configure:15105: checking for unistd.h
configure:15111: result: yes
configure:15284: checking utime.h usability
configure:15301: gcc -c   conftest.c >&5
configure:15307: $? = 0
configure:15314: test -z "$ac_c_werror_flag" || test ! -s conftest.err
configure:15317: $? = 0
configure:15324: test -s conftest.o
configure:15327: $? = 0
configure:15338: result: yes
configure:15342: checking utime.h presence
configure:15357: gcc -E  conftest.c
configure:15363: $? = 0
configure:15384: result: yes
configure:15417: checking for utime.h
configure:15425: result: yes
configure:15457: checking sys/mman.h usability
configure:15474: gcc -c   conftest.c >&5
configure:15480: $? = 0
configure:15487: test -z "$ac_c_werror_flag" || test ! -s conftest.err
configure:15490: $? = 0
configure:15497: test -s conftest.o
configure:15500: $? = 0
configure:15511: result: yes
configure:15515: checking sys/mman.h presence
configure:15530: gcc -E  conftest.c
configure:15536: $? = 0
configure:15557: result: yes
configure:15590: checking for sys/mman.h
configure:15598: result: yes
configure:15457: checking sys/param.h usability
configure:15474: gcc -c   conftest.c >&5
configure:15480: $? = 0
configure:15487: test -z "$ac_c_werror_flag" || test ! -s conftest.err
configure:15490: $? = 0
configure:15497: test -s conftest.o
configure:15500: $? = 0
configure:15511: result: yes
configure:15515: checking sys/param.h presence
configure:15530: gcc -E  conftest.c
configure:15536: $? = 0
configure:15557: result: yes
configure:15590: checking for sys/param.h
configure:15598: result: yes
configure:15457: checking sys/resource.h usability
configure:15474: gcc -c   conftest.c >&5
configure:15480: $? = 0
configure:15487: test -z "$ac_c_werror_flag" || test ! -s conftest.err
configure:15490: $? = 0
configure:15497: test -s conftest.o
configure:15500: $? = 0
configure:15511: result: yes
configure:15515: checking sys/resource.h presence
configure:15530: gcc -E  conftest.c
configure:15536: $? = 0
configure:15557: result: yes
configure:15590: checking for sys/resource.h
configure:15598: result: yes
configure:15457: checking sys/time.h usability
configure:15474: gcc -c   conftest.c >&5
configure:15480: $? = 0
configure:15487: test -z "$ac_c_werror_flag" || test ! -s conftest.err
configure:15490: $? = 0
configure:15497: test -s conftest.o
configure:15500: $? = 0
configure:15511: result: yes
configure:15515: checking sys/time.h presence
configure:15530: gcc -E  conftest.c
configure:15536: $? = 0
configure:15557: result: yes
configure:15590: checking for sys/time.h
configure:15598: result: yes
configure:15457: checking sys/uio.h usability
configure:15474: gcc -c   conftest.c >&5
configure:15480: $? = 0
configure:15487: test -z "$ac_c_werror_flag" || test ! -s conftest.err
configure:15490: $? = 0
configure:15497: test -s conftest.o
configure:15500: $? = 0
configure:15511: result: yes
configure:15515: checking sys/uio.h presence
configure:15530: gcc -E  conftest.c
configure:15536: $? = 0
configure:15557: result: yes
configure:15590: checking for sys/uio.h
configure:15598: result: yes
configure:15628: checking sys/ioctl.h usability
configure:15645: gcc -c   conftest.c >&5
configure:15651: $? = 0
configure:15658: test -z "$ac_c_werror_flag" || test ! -s conftest.err
configure:15661: $? = 0
configure:15668: test -s conftest.o
configure:15671: $? = 0
configure:15682: result: yes
configure:15686: checking sys/ioctl.h presence
configure:15701: gcc -E  conftest.c
configure:15707: $? = 0
configure:15728: result: yes
configure:15761: checking for sys/ioctl.h
configure:15769: result: yes
configure:15628: checking malloc/malloc.h usability
configure:15645: gcc -c   conftest.c >&5
conftest.c:131:10: fatal error: malloc/malloc.h: No such file or directory
  131 | #include <malloc/malloc.h>
      |          ^~~~~~~~~~~~~~~~~
compilation terminated.
configure:15651: $? = 1
configure: failed program was:
| /* confdefs.h.  */
| #define PACKAGE_NAME "LLVM"
| #define PACKAGE_TARNAME "llvm"
| #define PACKAGE_VERSION "3.4"
| #define PACKAGE_STRING "LLVM 3.4"
| #define PACKAGE_BUGREPORT "http://llvm.org/bugs/"
| #define LLVM_VERSION_MAJOR 3
| #define LLVM_VERSION_MINOR 4
| #define LLVM_ON_UNIX 1
| #define STDC_HEADERS 1
| #define HAVE_SYS_TYPES_H 1
| #define HAVE_SYS_STAT_H 1
| #define HAVE_STDLIB_H 1
| #define HAVE_STRING_H 1
| #define HAVE_MEMORY_H 1
| #define HAVE_STRINGS_H 1
| #define HAVE_INTTYPES_H 1
| #define HAVE_STDINT_H 1
| #define HAVE_UNISTD_H 1
| #define LLVM_ENABLE_THREADS 1
| #define LLVM_ENABLE_ZLIB 1
| #define ENABLE_PIC 1
| #define ENABLE_TIMESTAMPS 1
| #define ENABLE_BACKTRACES 1
| #define ENABLE_CRASH_OVERRIDES 1
| #define LLVM_NATIVE_ARCH X86
| #define LLVM_NATIVE_TARGET LLVMInitializeX86Target
| #define LLVM_NATIVE_TARGETINFO LLVMInitializeX86TargetInfo
| #define LLVM_NATIVE_TARGETMC LLVMInitializeX86TargetMC
| #define LLVM_NATIVE_ASMPRINTER LLVMInitializeX86AsmPrinter
| #define LLVM_NATIVE_ASMPARSER LLVMInitializeX86AsmParser
| #define LLVM_NATIVE_DISASSEMBLER LLVMInitializeX86Disassembler
| #define CLANG_RESOURCE_DIR ""
| #define C_INCLUDE_DIRS ""
| #define GCC_INSTALL_PREFIX ""
| #define DEFAULT_SYSROOT ""
| #define BUG_REPORT_URL "http://llvm.org/bugs/"
| #define HOST_LINK_VERSION "2.38"
| #define HAVE_LINK_R 1
| #define HAVE_LINK_EXPORT_DYNAMIC 1
| #define HAVE_DIRENT_H 1
| #define HAVE_DLFCN_H 1
| #define LTDL_SHLIB_EXT ".so"
| #define LTDL_SYSSEARCHPATH "/lib:/usr/lib:/usr/lib/x86_64-linux-gnu/libfakeroot:/usr/lib/wsl/lib:/usr/local/lib:/usr/local/lib/x86_64-linux-gnu:/lib/x86_64-linux-gnu:/usr/lib/x86_64-linux-gnu:/lib32:/usr/lib32:/libx32:/usr/libx32"
| #define LTDL_OBJDIR ".libs/"
| #define HAVE_PRELOADED_SYMBOLS 1
| #define HAVE_LIBDL 1
| #define HAVE_DLERROR 1
| #define HAVE_ARGZ_H 1
| #define HAVE_ERROR_T 1
| #define HAVE_ARGZ_APPEND 1
| #define HAVE_ARGZ_CREATE_SEP 1
| #define HAVE_ARGZ_INSERT 1
| #define HAVE_ARGZ_NEXT 1
| #define HAVE_ARGZ_STRINGIFY 1
| #define HAVE_ERRNO_H 1
| #define HAVE_MALLOC_H 1
| #define HAVE_MEMORY_H 1
| #define HAVE_UNISTD_H 1
| #define HAVE_CLOSEDIR 1
| #define HAVE_OPENDIR 1
| #define HAVE_READDIR 1
| #define HAVE_LIBM 1
| #define HAVE_DLOPEN 1
| #define HAVE_MALLINFO 1
| #define HAVE_LIBPTHREAD 1
| #define HAVE_PTHREAD_MUTEX_LOCK 1
| #define HAVE_PTHREAD_RWLOCK_INIT 1
| #define HAVE_PTHREAD_GETSPECIFIC 1
| #define HAVE_LIBZ 1
| #define USE_UDIS86 0
| #define LLVM_USE_OPROFILE 0
| #define LLVM_USE_INTEL_JITEVENTS 0
| #define HAVE_DIRENT_H 1
| #define HAVE_MMAP_ANONYMOUS 1
| #define HAVE_SYS_WAIT_H 1
| #define TIME_WITH_SYS_TIME 1
| #define HAVE_CXXABI_H 1
| #define HAVE_DLFCN_H 1
| #define HAVE_EXECINFO_H 1
| #define HAVE_FCNTL_H 1
| #define HAVE_INTTYPES_H 1
| #define HAVE_LINK_H 1
| #define HAVE_MALLOC_H 1
| #define HAVE_SETJMP_H 1
| #define HAVE_SIGNAL_H 1
| #define HAVE_STDINT_H 1
| #define HAVE_TERMIOS_H 1
| #define HAVE_UNISTD_H 1
| #define HAVE_UTIME_H 1
| #define HAVE_SYS_MMAN_H 1
| #define HAVE_SYS_PARAM_H 1
| #define HAVE_SYS_RESOURCE_H 1
| #define HAVE_SYS_TIME_H 1
| #define HAVE_SYS_UIO_H 1
| #define HAVE_SYS_IOCTL_H 1
| /* end confdefs.h.  */
| #include <stdio.h>
| #if HAVE_SYS_TYPES_H
| # include <sys/types.h>
| #endif
| #if HAVE_SYS_STAT_H
| # include <sys/stat.h>
| #endif
| #if STDC_HEADERS
| # include <stdlib.h>
| # include <stddef.h>
| #else
| # if HAVE_STDLIB_H
| #  include <stdlib.h>
| # endif
| #endif
| #if HAVE_STRING_H
| # if !STDC_HEADERS && HAVE_MEMORY_H
| #  include <memory.h>
| # endif
| # include <string.h>
| #endif
| #if HAVE_STRINGS_H
| # include <strings.h>
| #endif
| #if HAVE_INTTYPES_H
| # include <inttypes.h>
| #endif
| #if HAVE_STDINT_H
| # include <stdint.h>
| #endif
| #if HAVE_UNISTD_H
| # include <unistd.h>
| #endif
| #include <malloc/malloc.h>
configure:15682: result: no
configure:15686: checking malloc/malloc.h presence
configure:15701: gcc -E  conftest.c
conftest.c:98:10: fatal error: malloc/malloc.h: No such file or directory
   98 | #include <malloc/malloc.h>
      |          ^~~~~~~~~~~~~~~~~
compilation terminated.
configure:15707: $? = 1
configure: failed program was:
| /* confdefs.h.  */
| #define PACKAGE_NAME "LLVM"
| #define PACKAGE_TARNAME "llvm"
| #define PACKAGE_VERSION "3.4"
| #define PACKAGE_STRING "LLVM 3.4"
| #define PACKAGE_BUGREPORT "http://llvm.org/bugs/"
| #define LLVM_VERSION_MAJOR 3
| #define LLVM_VERSION_MINOR 4
| #define LLVM_ON_UNIX 1
| #define STDC_HEADERS 1
| #define HAVE_SYS_TYPES_H 1
| #define HAVE_SYS_STAT_H 1
| #define HAVE_STDLIB_H 1
| #define HAVE_STRING_H 1
| #define HAVE_MEMORY_H 1
| #define HAVE_STRINGS_H 1
| #define HAVE_INTTYPES_H 1
| #define HAVE_STDINT_H 1
| #define HAVE_UNISTD_H 1
| #define LLVM_ENABLE_THREADS 1
| #define LLVM_ENABLE_ZLIB 1
| #define ENABLE_PIC 1
| #define ENABLE_TIMESTAMPS 1
| #define ENABLE_BACKTRACES 1
| #define ENABLE_CRASH_OVERRIDES 1
| #define LLVM_NATIVE_ARCH X86
| #define LLVM_NATIVE_TARGET LLVMInitializeX86Target
| #define LLVM_NATIVE_TARGETINFO LLVMInitializeX86TargetInfo
| #define LLVM_NATIVE_TARGETMC LLVMInitializeX86TargetMC
| #define LLVM_NATIVE_ASMPRINTER LLVMInitializeX86AsmPrinter
| #define LLVM_NATIVE_ASMPARSER LLVMInitializeX86AsmParser
| #define LLVM_NATIVE_DISASSEMBLER LLVMInitializeX86Disassembler
| #define CLANG_RESOURCE_DIR ""
| #define C_INCLUDE_DIRS ""
| #define GCC_INSTALL_PREFIX ""
| #define DEFAULT_SYSROOT ""
| #define BUG_REPORT_URL "http://llvm.org/bugs/"
| #define HOST_LINK_VERSION "2.38"
| #define HAVE_LINK_R 1
| #define HAVE_LINK_EXPORT_DYNAMIC 1
| #define HAVE_DIRENT_H 1
| #define HAVE_DLFCN_H 1
| #define LTDL_SHLIB_EXT ".so"
| #define LTDL_SYSSEARCHPATH "/lib:/usr/lib:/usr/lib/x86_64-linux-gnu/libfakeroot:/usr/lib/wsl/lib:/usr/local/lib:/usr/local/lib/x86_64-linux-gnu:/lib/x86_64-linux-gnu:/usr/lib/x86_64-linux-gnu:/lib32:/usr/lib32:/libx32:/usr/libx32"
| #define LTDL_OBJDIR ".libs/"
| #define HAVE_PRELOADED_SYMBOLS 1
| #define HAVE_LIBDL 1
| #define HAVE_DLERROR 1
| #define HAVE_ARGZ_H 1
| #define HAVE_ERROR_T 1
| #define HAVE_ARGZ_APPEND 1
| #define HAVE_ARGZ_CREATE_SEP 1
| #define HAVE_ARGZ_INSERT 1
| #define HAVE_ARGZ_NEXT 1
| #define HAVE_ARGZ_STRINGIFY 1
| #define HAVE_ERRNO_H 1
| #define HAVE_MALLOC_H 1
| #define HAVE_MEMORY_H 1
| #define HAVE_UNISTD_H 1
| #define HAVE_CLOSEDIR 1
| #define HAVE_OPENDIR 1
| #define HAVE_READDIR 1
| #define HAVE_LIBM 1
| #define HAVE_DLOPEN 1
| #define HAVE_MALLINFO 1
| #define HAVE_LIBPTHREAD 1
| #define HAVE_PTHREAD_MUTEX_LOCK 1
| #define HAVE_PTHREAD_RWLOCK_INIT 1
| #define HAVE_PTHREAD_GETSPECIFIC 1
| #define HAVE_LIBZ 1
| #define USE_UDIS86 0
| #define LLVM_USE_OPROFILE 0
| #define LLVM_USE_INTEL_JITEVENTS 0
| #define HAVE_DIRENT_H 1
| #define HAVE_MMAP_ANONYMOUS 1
| #define HAVE_SYS_WAIT_H 1
| #define TIME_WITH_SYS_TIME 1
| #define HAVE_CXXABI_H 1
| #define HAVE_DLFCN_H 1
| #define HAVE_EXECINFO_H 1
| #define HAVE_FCNTL_H 1
| #define HAVE_INTTYPES_H 1
| #define HAVE_LINK_H 1
| #define HAVE_MALLOC_H 1
| #define HAVE_SETJMP_H 1
| #define HAVE_SIGNAL_H 1
| #define HAVE_STDINT_H 1
| #define HAVE_TERMIOS_H 1
| #define HAVE_UNISTD_H 1
| #define HAVE_UTIME_H 1
| #define HAVE_SYS_MMAN_H 1
| #define HAVE_SYS_PARAM_H 1
| #define HAVE_SYS_RESOURCE_H 1
| #define HAVE_SYS_TIME_H 1
| #define HAVE_SYS_UIO_H 1
| #define HAVE_SYS_IOCTL_H 1
| /* end confdefs.h.  */
| #include <malloc/malloc.h>
configure:15728: result: no
configure:15761: checking for malloc/malloc.h
configure:15769: result: no
configure:15628: checking mach/mach.h usability
configure:15645: gcc -c   conftest.c >&5
conftest.c:131:10: fatal error: mach/mach.h: No such file or directory
  131 | #include <mach/mach.h>
      |          ^~~~~~~~~~~~~
compilation terminated.
configure:15651: $? = 1
configure: failed program was:
| /* confdefs.h.  */
| #define PACKAGE_NAME "LLVM"
| #define PACKAGE_TARNAME "llvm"
| #define PACKAGE_VERSION "3.4"
| #define PACKAGE_STRING "LLVM 3.4"
| #define PACKAGE_BUGREPORT "http://llvm.org/bugs/"
| #define LLVM_VERSION_MAJOR 3
| #define LLVM_VERSION_MINOR 4
| #define LLVM_ON_UNIX 1
| #define STDC_HEADERS 1
| #define HAVE_SYS_TYPES_H 1
| #define HAVE_SYS_STAT_H 1
| #define HAVE_STDLIB_H 1
| #define HAVE_STRING_H 1
| #define HAVE_MEMORY_H 1
| #define HAVE_STRINGS_H 1
| #define HAVE_INTTYPES_H 1
| #define HAVE_STDINT_H 1
| #define HAVE_UNISTD_H 1
| #define LLVM_ENABLE_THREADS 1
| #define LLVM_ENABLE_ZLIB 1
| #define ENABLE_PIC 1
| #define ENABLE_TIMESTAMPS 1
| #define ENABLE_BACKTRACES 1
| #define ENABLE_CRASH_OVERRIDES 1
| #define LLVM_NATIVE_ARCH X86
| #define LLVM_NATIVE_TARGET LLVMInitializeX86Target
| #define LLVM_NATIVE_TARGETINFO LLVMInitializeX86TargetInfo
| #define LLVM_NATIVE_TARGETMC LLVMInitializeX86TargetMC
| #define LLVM_NATIVE_ASMPRINTER LLVMInitializeX86AsmPrinter
| #define LLVM_NATIVE_ASMPARSER LLVMInitializeX86AsmParser
| #define LLVM_NATIVE_DISASSEMBLER LLVMInitializeX86Disassembler
| #define CLANG_RESOURCE_DIR ""
| #define C_INCLUDE_DIRS ""
| #define GCC_INSTALL_PREFIX ""
| #define DEFAULT_SYSROOT ""
| #define BUG_REPORT_URL "http://llvm.org/bugs/"
| #define HOST_LINK_VERSION "2.38"
| #define HAVE_LINK_R 1
| #define HAVE_LINK_EXPORT_DYNAMIC 1
| #define HAVE_DIRENT_H 1
| #define HAVE_DLFCN_H 1
| #define LTDL_SHLIB_EXT ".so"
| #define LTDL_SYSSEARCHPATH "/lib:/usr/lib:/usr/lib/x86_64-linux-gnu/libfakeroot:/usr/lib/wsl/lib:/usr/local/lib:/usr/local/lib/x86_64-linux-gnu:/lib/x86_64-linux-gnu:/usr/lib/x86_64-linux-gnu:/lib32:/usr/lib32:/libx32:/usr/libx32"
| #define LTDL_OBJDIR ".libs/"
| #define HAVE_PRELOADED_SYMBOLS 1
| #define HAVE_LIBDL 1
| #define HAVE_DLERROR 1
| #define HAVE_ARGZ_H 1
| #define HAVE_ERROR_T 1
| #define HAVE_ARGZ_APPEND 1
| #define HAVE_ARGZ_CREATE_SEP 1
| #define HAVE_ARGZ_INSERT 1
| #define HAVE_ARGZ_NEXT 1
| #define HAVE_ARGZ_STRINGIFY 1
| #define HAVE_ERRNO_H 1
| #define HAVE_MALLOC_H 1
| #define HAVE_MEMORY_H 1
| #define HAVE_UNISTD_H 1
| #define HAVE_CLOSEDIR 1
| #define HAVE_OPENDIR 1
| #define HAVE_READDIR 1
| #define HAVE_LIBM 1
| #define HAVE_DLOPEN 1
| #define HAVE_MALLINFO 1
| #define HAVE_LIBPTHREAD 1
| #define HAVE_PTHREAD_MUTEX_LOCK 1
| #define HAVE_PTHREAD_RWLOCK_INIT 1
| #define HAVE_PTHREAD_GETSPECIFIC 1
| #define HAVE_LIBZ 1
| #define USE_UDIS86 0
| #define LLVM_USE_OPROFILE 0
| #define LLVM_USE_INTEL_JITEVENTS 0
| #define HAVE_DIRENT_H 1
| #define HAVE_MMAP_ANONYMOUS 1
| #define HAVE_SYS_WAIT_H 1
| #define TIME_WITH_SYS_TIME 1
| #define HAVE_CXXABI_H 1
| #define HAVE_DLFCN_H 1
| #define HAVE_EXECINFO_H 1
| #define HAVE_FCNTL_H 1
| #define HAVE_INTTYPES_H 1
| #define HAVE_LINK_H 1
| #define HAVE_MALLOC_H 1
| #define HAVE_SETJMP_H 1
| #define HAVE_SIGNAL_H 1
| #define HAVE_STDINT_H 1
| #define HAVE_TERMIOS_H 1
| #define HAVE_UNISTD_H 1
| #define HAVE_UTIME_H 1
| #define HAVE_SYS_MMAN_H 1
| #define HAVE_SYS_PARAM_H 1
| #define HAVE_SYS_RESOURCE_H 1
| #define HAVE_SYS_TIME_H 1
| #define HAVE_SYS_UIO_H 1
| #define HAVE_SYS_IOCTL_H 1
| /* end confdefs.h.  */
| #include <stdio.h>
| #if HAVE_SYS_TYPES_H
| # include <sys/types.h>
| #endif
| #if HAVE_SYS_STAT_H
| # include <sys/stat.h>
| #endif
| #if STDC_HEADERS
| # include <stdlib.h>
| # include <stddef.h>
| #else
| # if HAVE_STDLIB_H
| #  include <stdlib.h>
| # endif
| #endif
| #if HAVE_STRING_H
| # if !STDC_HEADERS && HAVE_MEMORY_H
| #  include <memory.h>
| # endif
| # include <string.h>
| #endif
| #if HAVE_STRINGS_H
| # include <strings.h>
| #endif
| #if HAVE_INTTYPES_H
| # include <inttypes.h>
| #endif
| #if HAVE_STDINT_H
| # include <stdint.h>
| #endif
| #if HAVE_UNISTD_H
| # include <unistd.h>
| #endif
| #include <mach/mach.h>
configure:15682: result: no
configure:15686: checking mach/mach.h presence
configure:15701: gcc -E  conftest.c
conftest.c:98:10: fatal error: mach/mach.h: No such file or directory
   98 | #include <mach/mach.h>
      |          ^~~~~~~~~~~~~
compilation terminated.
configure:15707: $? = 1
configure: failed program was:
| /* confdefs.h.  */
| #define PACKAGE_NAME "LLVM"
| #define PACKAGE_TARNAME "llvm"
| #define PACKAGE_VERSION "3.4"
| #define PACKAGE_STRING "LLVM 3.4"
| #define PACKAGE_BUGREPORT "http://llvm.org/bugs/"
| #define LLVM_VERSION_MAJOR 3
| #define LLVM_VERSION_MINOR 4
| #define LLVM_ON_UNIX 1
| #define STDC_HEADERS 1
| #define HAVE_SYS_TYPES_H 1
| #define HAVE_SYS_STAT_H 1
| #define HAVE_STDLIB_H 1
| #define HAVE_STRING_H 1
| #define HAVE_MEMORY_H 1
| #define HAVE_STRINGS_H 1
| #define HAVE_INTTYPES_H 1
| #define HAVE_STDINT_H 1
| #define HAVE_UNISTD_H 1
| #define LLVM_ENABLE_THREADS 1
| #define LLVM_ENABLE_ZLIB 1
| #define ENABLE_PIC 1
| #define ENABLE_TIMESTAMPS 1
| #define ENABLE_BACKTRACES 1
| #define ENABLE_CRASH_OVERRIDES 1
| #define LLVM_NATIVE_ARCH X86
| #define LLVM_NATIVE_TARGET LLVMInitializeX86Target
| #define LLVM_NATIVE_TARGETINFO LLVMInitializeX86TargetInfo
| #define LLVM_NATIVE_TARGETMC LLVMInitializeX86TargetMC
| #define LLVM_NATIVE_ASMPRINTER LLVMInitializeX86AsmPrinter
| #define LLVM_NATIVE_ASMPARSER LLVMInitializeX86AsmParser
| #define LLVM_NATIVE_DISASSEMBLER LLVMInitializeX86Disassembler
| #define CLANG_RESOURCE_DIR ""
| #define C_INCLUDE_DIRS ""
| #define GCC_INSTALL_PREFIX ""
| #define DEFAULT_SYSROOT ""
| #define BUG_REPORT_URL "http://llvm.org/bugs/"
| #define HOST_LINK_VERSION "2.38"
| #define HAVE_LINK_R 1
| #define HAVE_LINK_EXPORT_DYNAMIC 1
| #define HAVE_DIRENT_H 1
| #define HAVE_DLFCN_H 1
| #define LTDL_SHLIB_EXT ".so"
| #define LTDL_SYSSEARCHPATH "/lib:/usr/lib:/usr/lib/x86_64-linux-gnu/libfakeroot:/usr/lib/wsl/lib:/usr/local/lib:/usr/local/lib/x86_64-linux-gnu:/lib/x86_64-linux-gnu:/usr/lib/x86_64-linux-gnu:/lib32:/usr/lib32:/libx32:/usr/libx32"
| #define LTDL_OBJDIR ".libs/"
| #define HAVE_PRELOADED_SYMBOLS 1
| #define HAVE_LIBDL 1
| #define HAVE_DLERROR 1
| #define HAVE_ARGZ_H 1
| #define HAVE_ERROR_T 1
| #define HAVE_ARGZ_APPEND 1
| #define HAVE_ARGZ_CREATE_SEP 1
| #define HAVE_ARGZ_INSERT 1
| #define HAVE_ARGZ_NEXT 1
| #define HAVE_ARGZ_STRINGIFY 1
| #define HAVE_ERRNO_H 1
| #define HAVE_MALLOC_H 1
| #define HAVE_MEMORY_H 1
| #define HAVE_UNISTD_H 1
| #define HAVE_CLOSEDIR 1
| #define HAVE_OPENDIR 1
| #define HAVE_READDIR 1
| #define HAVE_LIBM 1
| #define HAVE_DLOPEN 1
| #define HAVE_MALLINFO 1
| #define HAVE_LIBPTHREAD 1
| #define HAVE_PTHREAD_MUTEX_LOCK 1
| #define HAVE_PTHREAD_RWLOCK_INIT 1
| #define HAVE_PTHREAD_GETSPECIFIC 1
| #define HAVE_LIBZ 1
| #define USE_UDIS86 0
| #define LLVM_USE_OPROFILE 0
| #define LLVM_USE_INTEL_JITEVENTS 0
| #define HAVE_DIRENT_H 1
| #define HAVE_MMAP_ANONYMOUS 1
| #define HAVE_SYS_WAIT_H 1
| #define TIME_WITH_SYS_TIME 1
| #define HAVE_CXXABI_H 1
| #define HAVE_DLFCN_H 1
| #define HAVE_EXECINFO_H 1
| #define HAVE_FCNTL_H 1
| #define HAVE_INTTYPES_H 1
| #define HAVE_LINK_H 1
| #define HAVE_MALLOC_H 1
| #define HAVE_SETJMP_H 1
| #define HAVE_SIGNAL_H 1
| #define HAVE_STDINT_H 1
| #define HAVE_TERMIOS_H 1
| #define HAVE_UNISTD_H 1
| #define HAVE_UTIME_H 1
| #define HAVE_SYS_MMAN_H 1
| #define HAVE_SYS_PARAM_H 1
| #define HAVE_SYS_RESOURCE_H 1
| #define HAVE_SYS_TIME_H 1
| #define HAVE_SYS_UIO_H 1
| #define HAVE_SYS_IOCTL_H 1
| /* end confdefs.h.  */
| #include <mach/mach.h>
configure:15728: result: no
configure:15761: checking for mach/mach.h
configure:15769: result: no
configure:15797: checking valgrind/valgrind.h usability
configure:15814: gcc -c   conftest.c >&5
conftest.c:131:10: fatal error: valgrind/valgrind.h: No such file or directory
  131 | #include <valgrind/valgrind.h>
      |          ^~~~~~~~~~~~~~~~~~~~~
compilation terminated.
configure:15820: $? = 1
configure: failed program was:
| /* confdefs.h.  */
| #define PACKAGE_NAME "LLVM"
| #define PACKAGE_TARNAME "llvm"
| #define PACKAGE_VERSION "3.4"
| #define PACKAGE_STRING "LLVM 3.4"
| #define PACKAGE_BUGREPORT "http://llvm.org/bugs/"
| #define LLVM_VERSION_MAJOR 3
| #define LLVM_VERSION_MINOR 4
| #define LLVM_ON_UNIX 1
| #define STDC_HEADERS 1
| #define HAVE_SYS_TYPES_H 1
| #define HAVE_SYS_STAT_H 1
| #define HAVE_STDLIB_H 1
| #define HAVE_STRING_H 1
| #define HAVE_MEMORY_H 1
| #define HAVE_STRINGS_H 1
| #define HAVE_INTTYPES_H 1
| #define HAVE_STDINT_H 1
| #define HAVE_UNISTD_H 1
| #define LLVM_ENABLE_THREADS 1
| #define LLVM_ENABLE_ZLIB 1
| #define ENABLE_PIC 1
| #define ENABLE_TIMESTAMPS 1
| #define ENABLE_BACKTRACES 1
| #define ENABLE_CRASH_OVERRIDES 1
| #define LLVM_NATIVE_ARCH X86
| #define LLVM_NATIVE_TARGET LLVMInitializeX86Target
| #define LLVM_NATIVE_TARGETINFO LLVMInitializeX86TargetInfo
| #define LLVM_NATIVE_TARGETMC LLVMInitializeX86TargetMC
| #define LLVM_NATIVE_ASMPRINTER LLVMInitializeX86AsmPrinter
| #define LLVM_NATIVE_ASMPARSER LLVMInitializeX86AsmParser
| #define LLVM_NATIVE_DISASSEMBLER LLVMInitializeX86Disassembler
| #define CLANG_RESOURCE_DIR ""
| #define C_INCLUDE_DIRS ""
| #define GCC_INSTALL_PREFIX ""
| #define DEFAULT_SYSROOT ""
| #define BUG_REPORT_URL "http://llvm.org/bugs/"
| #define HOST_LINK_VERSION "2.38"
| #define HAVE_LINK_R 1
| #define HAVE_LINK_EXPORT_DYNAMIC 1
| #define HAVE_DIRENT_H 1
| #define HAVE_DLFCN_H 1
| #define LTDL_SHLIB_EXT ".so"
| #define LTDL_SYSSEARCHPATH "/lib:/usr/lib:/usr/lib/x86_64-linux-gnu/libfakeroot:/usr/lib/wsl/lib:/usr/local/lib:/usr/local/lib/x86_64-linux-gnu:/lib/x86_64-linux-gnu:/usr/lib/x86_64-linux-gnu:/lib32:/usr/lib32:/libx32:/usr/libx32"
| #define LTDL_OBJDIR ".libs/"
| #define HAVE_PRELOADED_SYMBOLS 1
| #define HAVE_LIBDL 1
| #define HAVE_DLERROR 1
| #define HAVE_ARGZ_H 1
| #define HAVE_ERROR_T 1
| #define HAVE_ARGZ_APPEND 1
| #define HAVE_ARGZ_CREATE_SEP 1
| #define HAVE_ARGZ_INSERT 1
| #define HAVE_ARGZ_NEXT 1
| #define HAVE_ARGZ_STRINGIFY 1
| #define HAVE_ERRNO_H 1
| #define HAVE_MALLOC_H 1
| #define HAVE_MEMORY_H 1
| #define HAVE_UNISTD_H 1
| #define HAVE_CLOSEDIR 1
| #define HAVE_OPENDIR 1
| #define HAVE_READDIR 1
| #define HAVE_LIBM 1
| #define HAVE_DLOPEN 1
| #define HAVE_MALLINFO 1
| #define HAVE_LIBPTHREAD 1
| #define HAVE_PTHREAD_MUTEX_LOCK 1
| #define HAVE_PTHREAD_RWLOCK_INIT 1
| #define HAVE_PTHREAD_GETSPECIFIC 1
| #define HAVE_LIBZ 1
| #define USE_UDIS86 0
| #define LLVM_USE_OPROFILE 0
| #define LLVM_USE_INTEL_JITEVENTS 0
| #define HAVE_DIRENT_H 1
| #define HAVE_MMAP_ANONYMOUS 1
| #define HAVE_SYS_WAIT_H 1
| #define TIME_WITH_SYS_TIME 1
| #define HAVE_CXXABI_H 1
| #define HAVE_DLFCN_H 1
| #define HAVE_EXECINFO_H 1
| #define HAVE_FCNTL_H 1
| #define HAVE_INTTYPES_H 1
| #define HAVE_LINK_H 1
| #define HAVE_MALLOC_H 1
| #define HAVE_SETJMP_H 1
| #define HAVE_SIGNAL_H 1
| #define HAVE_STDINT_H 1
| #define HAVE_TERMIOS_H 1
| #define HAVE_UNISTD_H 1
| #define HAVE_UTIME_H 1
| #define HAVE_SYS_MMAN_H 1
| #define HAVE_SYS_PARAM_H 1
| #define HAVE_SYS_RESOURCE_H 1
| #define HAVE_SYS_TIME_H 1
| #define HAVE_SYS_UIO_H 1
| #define HAVE_SYS_IOCTL_H 1
| /* end confdefs.h.  */
| #include <stdio.h>
| #if HAVE_SYS_TYPES_H
| # include <sys/types.h>
| #endif
| #if HAVE_SYS_STAT_H
| # include <sys/stat.h>
| #endif
| #if STDC_HEADERS
| # include <stdlib.h>
| # include <stddef.h>
| #else
| # if HAVE_STDLIB_H
| #  include <stdlib.h>
| # endif
| #endif
| #if HAVE_STRING_H
| # if !STDC_HEADERS && HAVE_MEMORY_H
| #  include <memory.h>
| # endif
| # include <string.h>
| #endif
| #if HAVE_STRINGS_H
| # include <strings.h>
| #endif
| #if HAVE_INTTYPES_H
| # include <inttypes.h>
| #endif
| #if HAVE_STDINT_H
| # include <stdint.h>
| #endif
| #if HAVE_UNISTD_H
| # include <unistd.h>
| #endif
| #include <valgrind/valgrind.h>
configure:15851: result: no
configure:15855: checking valgrind/valgrind.h presence
configure:15870: gcc -E  conftest.c
conftest.c:98:10: fatal error: valgrind/valgrind.h: No such file or directory
   98 | #include <valgrind/valgrind.h>
      |          ^~~~~~~~~~~~~~~~~~~~~
compilation terminated.
configure:15876: $? = 1
configure: failed program was:
| /* confdefs.h.  */
| #define PACKAGE_NAME "LLVM"
| #define PACKAGE_TARNAME "llvm"
| #define PACKAGE_VERSION "3.4"
| #define PACKAGE_STRING "LLVM 3.4"
| #define PACKAGE_BUGREPORT "http://llvm.org/bugs/"
| #define LLVM_VERSION_MAJOR 3
| #define LLVM_VERSION_MINOR 4
| #define LLVM_ON_UNIX 1
| #define STDC_HEADERS 1
| #define HAVE_SYS_TYPES_H 1
| #define HAVE_SYS_STAT_H 1
| #define HAVE_STDLIB_H 1
| #define HAVE_STRING_H 1
| #define HAVE_MEMORY_H 1
| #define HAVE_STRINGS_H 1
| #define HAVE_INTTYPES_H 1
| #define HAVE_STDINT_H 1
| #define HAVE_UNISTD_H 1
| #define LLVM_ENABLE_THREADS 1
| #define LLVM_ENABLE_ZLIB 1
| #define ENABLE_PIC 1
| #define ENABLE_TIMESTAMPS 1
| #define ENABLE_BACKTRACES 1
| #define ENABLE_CRASH_OVERRIDES 1
| #define LLVM_NATIVE_ARCH X86
| #define LLVM_NATIVE_TARGET LLVMInitializeX86Target
| #define LLVM_NATIVE_TARGETINFO LLVMInitializeX86TargetInfo
| #define LLVM_NATIVE_TARGETMC LLVMInitializeX86TargetMC
| #define LLVM_NATIVE_ASMPRINTER LLVMInitializeX86AsmPrinter
| #define LLVM_NATIVE_ASMPARSER LLVMInitializeX86AsmParser
| #define LLVM_NATIVE_DISASSEMBLER LLVMInitializeX86Disassembler
| #define CLANG_RESOURCE_DIR ""
| #define C_INCLUDE_DIRS ""
| #define GCC_INSTALL_PREFIX ""
| #define DEFAULT_SYSROOT ""
| #define BUG_REPORT_URL "http://llvm.org/bugs/"
| #define HOST_LINK_VERSION "2.38"
| #define HAVE_LINK_R 1
| #define HAVE_LINK_EXPORT_DYNAMIC 1
| #define HAVE_DIRENT_H 1
| #define HAVE_DLFCN_H 1
| #define LTDL_SHLIB_EXT ".so"
| #define LTDL_SYSSEARCHPATH "/lib:/usr/lib:/usr/lib/x86_64-linux-gnu/libfakeroot:/usr/lib/wsl/lib:/usr/local/lib:/usr/local/lib/x86_64-linux-gnu:/lib/x86_64-linux-gnu:/usr/lib/x86_64-linux-gnu:/lib32:/usr/lib32:/libx32:/usr/libx32"
| #define LTDL_OBJDIR ".libs/"
| #define HAVE_PRELOADED_SYMBOLS 1
| #define HAVE_LIBDL 1
| #define HAVE_DLERROR 1
| #define HAVE_ARGZ_H 1
| #define HAVE_ERROR_T 1
| #define HAVE_ARGZ_APPEND 1
| #define HAVE_ARGZ_CREATE_SEP 1
| #define HAVE_ARGZ_INSERT 1
| #define HAVE_ARGZ_NEXT 1
| #define HAVE_ARGZ_STRINGIFY 1
| #define HAVE_ERRNO_H 1
| #define HAVE_MALLOC_H 1
| #define HAVE_MEMORY_H 1
| #define HAVE_UNISTD_H 1
| #define HAVE_CLOSEDIR 1
| #define HAVE_OPENDIR 1
| #define HAVE_READDIR 1
| #define HAVE_LIBM 1
| #define HAVE_DLOPEN 1
| #define HAVE_MALLINFO 1
| #define HAVE_LIBPTHREAD 1
| #define HAVE_PTHREAD_MUTEX_LOCK 1
| #define HAVE_PTHREAD_RWLOCK_INIT 1
| #define HAVE_PTHREAD_GETSPECIFIC 1
| #define HAVE_LIBZ 1
| #define USE_UDIS86 0
| #define LLVM_USE_OPROFILE 0
| #define LLVM_USE_INTEL_JITEVENTS 0
| #define HAVE_DIRENT_H 1
| #define HAVE_MMAP_ANONYMOUS 1
| #define HAVE_SYS_WAIT_H 1
| #define TIME_WITH_SYS_TIME 1
| #define HAVE_CXXABI_H 1
| #define HAVE_DLFCN_H 1
| #define HAVE_EXECINFO_H 1
| #define HAVE_FCNTL_H 1
| #define HAVE_INTTYPES_H 1
| #define HAVE_LINK_H 1
| #define HAVE_MALLOC_H 1
| #define HAVE_SETJMP_H 1
| #define HAVE_SIGNAL_H 1
| #define HAVE_STDINT_H 1
| #define HAVE_TERMIOS_H 1
| #define HAVE_UNISTD_H 1
| #define HAVE_UTIME_H 1
| #define HAVE_SYS_MMAN_H 1
| #define HAVE_SYS_PARAM_H 1
| #define HAVE_SYS_RESOURCE_H 1
| #define HAVE_SYS_TIME_H 1
| #define HAVE_SYS_UIO_H 1
| #define HAVE_SYS_IOCTL_H 1
| /* end confdefs.h.  */
| #include <valgrind/valgrind.h>
configure:15897: result: no
configure:15930: checking for valgrind/valgrind.h
configure:15938: result: no
configure:15966: checking fenv.h usability
configure:15983: gcc -c   conftest.c >&5
configure:15989: $? = 0
configure:15996: test -z "$ac_c_werror_flag" || test ! -s conftest.err
configure:15999: $? = 0
configure:16006: test -s conftest.o
configure:16009: $? = 0
configure:16020: result: yes
configure:16024: checking fenv.h presence
configure:16039: gcc -E  conftest.c
configure:16045: $? = 0
configure:16066: result: yes
configure:16099: checking for fenv.h
configure:16107: result: yes
configure:16120: checking whether FE_ALL_EXCEPT is declared
configure:16151: gcc -c   conftest.c >&5
configure:16157: $? = 0
configure:16164: test -z "$ac_c_werror_flag" || test ! -s conftest.err
configure:16167: $? = 0
configure:16174: test -s conftest.o
configure:16177: $? = 0
configure:16189: result: yes
configure:16205: checking whether FE_INEXACT is declared
configure:16236: gcc -c   conftest.c >&5
configure:16242: $? = 0
configure:16249: test -z "$ac_c_werror_flag" || test ! -s conftest.err
configure:16252: $? = 0
configure:16259: test -s conftest.o
configure:16262: $? = 0
configure:16274: result: yes
configure:16308: checking pthread.h usability
configure:16325: gcc -c   conftest.c >&5
configure:16331: $? = 0
configure:16338: test -z "$ac_c_werror_flag" || test ! -s conftest.err
configure:16341: $? = 0
configure:16348: test -s conftest.o
configure:16351: $? = 0
configure:16362: result: yes
configure:16366: checking pthread.h presence
configure:16381: gcc -E  conftest.c
configure:16387: $? = 0
configure:16408: result: yes
configure:16441: checking for pthread.h
configure:16449: result: yes
configure:16486: checking zlib.h usability
configure:16503: gcc -c   conftest.c >&5
configure:16509: $? = 0
configure:16516: test -z "$ac_c_werror_flag" || test ! -s conftest.err
configure:16519: $? = 0
configure:16526: test -s conftest.o
configure:16529: $? = 0
configure:16540: result: yes
configure:16544: checking zlib.h presence
configure:16559: gcc -E  conftest.c
configure:16565: $? = 0
configure:16586: result: yes
configure:16619: checking for zlib.h
configure:16627: result: yes
configure:16837: checking CrashReporterClient.h usability
configure:16854: gcc -c   conftest.c >&5
conftest.c:136:10: fatal error: CrashReporterClient.h: No such file or directory
  136 | #include <CrashReporterClient.h>
      |          ^~~~~~~~~~~~~~~~~~~~~~~
compilation terminated.
configure:16860: $? = 1
configure: failed program was:
| /* confdefs.h.  */
| #define PACKAGE_NAME "LLVM"
| #define PACKAGE_TARNAME "llvm"
| #define PACKAGE_VERSION "3.4"
| #define PACKAGE_STRING "LLVM 3.4"
| #define PACKAGE_BUGREPORT "http://llvm.org/bugs/"
| #define LLVM_VERSION_MAJOR 3
| #define LLVM_VERSION_MINOR 4
| #define LLVM_ON_UNIX 1
| #define STDC_HEADERS 1
| #define HAVE_SYS_TYPES_H 1
| #define HAVE_SYS_STAT_H 1
| #define HAVE_STDLIB_H 1
| #define HAVE_STRING_H 1
| #define HAVE_MEMORY_H 1
| #define HAVE_STRINGS_H 1
| #define HAVE_INTTYPES_H 1
| #define HAVE_STDINT_H 1
| #define HAVE_UNISTD_H 1
| #define LLVM_ENABLE_THREADS 1
| #define LLVM_ENABLE_ZLIB 1
| #define ENABLE_PIC 1
| #define ENABLE_TIMESTAMPS 1
| #define ENABLE_BACKTRACES 1
| #define ENABLE_CRASH_OVERRIDES 1
| #define LLVM_NATIVE_ARCH X86
| #define LLVM_NATIVE_TARGET LLVMInitializeX86Target
| #define LLVM_NATIVE_TARGETINFO LLVMInitializeX86TargetInfo
| #define LLVM_NATIVE_TARGETMC LLVMInitializeX86TargetMC
| #define LLVM_NATIVE_ASMPRINTER LLVMInitializeX86AsmPrinter
| #define LLVM_NATIVE_ASMPARSER LLVMInitializeX86AsmParser
| #define LLVM_NATIVE_DISASSEMBLER LLVMInitializeX86Disassembler
| #define CLANG_RESOURCE_DIR ""
| #define C_INCLUDE_DIRS ""
| #define GCC_INSTALL_PREFIX ""
| #define DEFAULT_SYSROOT ""
| #define BUG_REPORT_URL "http://llvm.org/bugs/"
| #define HOST_LINK_VERSION "2.38"
| #define HAVE_LINK_R 1
| #define HAVE_LINK_EXPORT_DYNAMIC 1
| #define HAVE_DIRENT_H 1
| #define HAVE_DLFCN_H 1
| #define LTDL_SHLIB_EXT ".so"
| #define LTDL_SYSSEARCHPATH "/lib:/usr/lib:/usr/lib/x86_64-linux-gnu/libfakeroot:/usr/lib/wsl/lib:/usr/local/lib:/usr/local/lib/x86_64-linux-gnu:/lib/x86_64-linux-gnu:/usr/lib/x86_64-linux-gnu:/lib32:/usr/lib32:/libx32:/usr/libx32"
| #define LTDL_OBJDIR ".libs/"
| #define HAVE_PRELOADED_SYMBOLS 1
| #define HAVE_LIBDL 1
| #define HAVE_DLERROR 1
| #define HAVE_ARGZ_H 1
| #define HAVE_ERROR_T 1
| #define HAVE_ARGZ_APPEND 1
| #define HAVE_ARGZ_CREATE_SEP 1
| #define HAVE_ARGZ_INSERT 1
| #define HAVE_ARGZ_NEXT 1
| #define HAVE_ARGZ_STRINGIFY 1
| #define HAVE_ERRNO_H 1
| #define HAVE_MALLOC_H 1
| #define HAVE_MEMORY_H 1
| #define HAVE_UNISTD_H 1
| #define HAVE_CLOSEDIR 1
| #define HAVE_OPENDIR 1
| #define HAVE_READDIR 1
| #define HAVE_LIBM 1
| #define HAVE_DLOPEN 1
| #define HAVE_MALLINFO 1
| #define HAVE_LIBPTHREAD 1
| #define HAVE_PTHREAD_MUTEX_LOCK 1
| #define HAVE_PTHREAD_RWLOCK_INIT 1
| #define HAVE_PTHREAD_GETSPECIFIC 1
| #define HAVE_LIBZ 1
| #define USE_UDIS86 0
| #define LLVM_USE_OPROFILE 0
| #define LLVM_USE_INTEL_JITEVENTS 0
| #define HAVE_DIRENT_H 1
| #define HAVE_MMAP_ANONYMOUS 1
| #define HAVE_SYS_WAIT_H 1
| #define TIME_WITH_SYS_TIME 1
| #define HAVE_CXXABI_H 1
| #define HAVE_DLFCN_H 1
| #define HAVE_EXECINFO_H 1
| #define HAVE_FCNTL_H 1
| #define HAVE_INTTYPES_H 1
| #define HAVE_LINK_H 1
| #define HAVE_MALLOC_H 1
| #define HAVE_SETJMP_H 1
| #define HAVE_SIGNAL_H 1
| #define HAVE_STDINT_H 1
| #define HAVE_TERMIOS_H 1
| #define HAVE_UNISTD_H 1
| #define HAVE_UTIME_H 1
| #define HAVE_SYS_MMAN_H 1
| #define HAVE_SYS_PARAM_H 1
| #define HAVE_SYS_RESOURCE_H 1
| #define HAVE_SYS_TIME_H 1
| #define HAVE_SYS_UIO_H 1
| #define HAVE_SYS_IOCTL_H 1
| #define HAVE_FENV_H 1
| #define HAVE_DECL_FE_ALL_EXCEPT 1
| #define HAVE_DECL_FE_INEXACT 1
| #define HAVE_PTHREAD_H 1
| #define HAVE_ZLIB_H 1
| /* end confdefs.h.  */
| #include <stdio.h>
| #if HAVE_SYS_TYPES_H
| # include <sys/types.h>
| #endif
| #if HAVE_SYS_STAT_H
| # include <sys/stat.h>
| #endif
| #if STDC_HEADERS
| # include <stdlib.h>
| # include <stddef.h>
| #else
| # if HAVE_STDLIB_H
| #  include <stdlib.h>
| # endif
| #endif
| #if HAVE_STRING_H
| # if !STDC_HEADERS && HAVE_MEMORY_H
| #  include <memory.h>
| # endif
| # include <string.h>
| #endif
| #if HAVE_STRINGS_H
| # include <strings.h>
| #endif
| #if HAVE_INTTYPES_H
| # include <inttypes.h>
| #endif
| #if HAVE_STDINT_H
| # include <stdint.h>
| #endif
| #if HAVE_UNISTD_H
| # include <unistd.h>
| #endif
| #include <CrashReporterClient.h>
configure:16891: result: no
configure:16895: checking CrashReporterClient.h presence
configure:16910: gcc -E  conftest.c
conftest.c:103:10: fatal error: CrashReporterClient.h: No such file or directory
  103 | #include <CrashReporterClient.h>
      |          ^~~~~~~~~~~~~~~~~~~~~~~
compilation terminated.
configure:16916: $? = 1
configure: failed program was:
| /* confdefs.h.  */
| #define PACKAGE_NAME "LLVM"
| #define PACKAGE_TARNAME "llvm"
| #define PACKAGE_VERSION "3.4"
| #define PACKAGE_STRING "LLVM 3.4"
| #define PACKAGE_BUGREPORT "http://llvm.org/bugs/"
| #define LLVM_VERSION_MAJOR 3
| #define LLVM_VERSION_MINOR 4
| #define LLVM_ON_UNIX 1
| #define STDC_HEADERS 1
| #define HAVE_SYS_TYPES_H 1
| #define HAVE_SYS_STAT_H 1
| #define HAVE_STDLIB_H 1
| #define HAVE_STRING_H 1
| #define HAVE_MEMORY_H 1
| #define HAVE_STRINGS_H 1
| #define HAVE_INTTYPES_H 1
| #define HAVE_STDINT_H 1
| #define HAVE_UNISTD_H 1
| #define LLVM_ENABLE_THREADS 1
| #define LLVM_ENABLE_ZLIB 1
| #define ENABLE_PIC 1
| #define ENABLE_TIMESTAMPS 1
| #define ENABLE_BACKTRACES 1
| #define ENABLE_CRASH_OVERRIDES 1
| #define LLVM_NATIVE_ARCH X86
| #define LLVM_NATIVE_TARGET LLVMInitializeX86Target
| #define LLVM_NATIVE_TARGETINFO LLVMInitializeX86TargetInfo
| #define LLVM_NATIVE_TARGETMC LLVMInitializeX86TargetMC
| #define LLVM_NATIVE_ASMPRINTER LLVMInitializeX86AsmPrinter
| #define LLVM_NATIVE_ASMPARSER LLVMInitializeX86AsmParser
| #define LLVM_NATIVE_DISASSEMBLER LLVMInitializeX86Disassembler
| #define CLANG_RESOURCE_DIR ""
| #define C_INCLUDE_DIRS ""
| #define GCC_INSTALL_PREFIX ""
| #define DEFAULT_SYSROOT ""
| #define BUG_REPORT_URL "http://llvm.org/bugs/"
| #define HOST_LINK_VERSION "2.38"
| #define HAVE_LINK_R 1
| #define HAVE_LINK_EXPORT_DYNAMIC 1
| #define HAVE_DIRENT_H 1
| #define HAVE_DLFCN_H 1
| #define LTDL_SHLIB_EXT ".so"
| #define LTDL_SYSSEARCHPATH "/lib:/usr/lib:/usr/lib/x86_64-linux-gnu/libfakeroot:/usr/lib/wsl/lib:/usr/local/lib:/usr/local/lib/x86_64-linux-gnu:/lib/x86_64-linux-gnu:/usr/lib/x86_64-linux-gnu:/lib32:/usr/lib32:/libx32:/usr/libx32"
| #define LTDL_OBJDIR ".libs/"
| #define HAVE_PRELOADED_SYMBOLS 1
| #define HAVE_LIBDL 1
| #define HAVE_DLERROR 1
| #define HAVE_ARGZ_H 1
| #define HAVE_ERROR_T 1
| #define HAVE_ARGZ_APPEND 1
| #define HAVE_ARGZ_CREATE_SEP 1
| #define HAVE_ARGZ_INSERT 1
| #define HAVE_ARGZ_NEXT 1
| #define HAVE_ARGZ_STRINGIFY 1
| #define HAVE_ERRNO_H 1
| #define HAVE_MALLOC_H 1
| #define HAVE_MEMORY_H 1
| #define HAVE_UNISTD_H 1
| #define HAVE_CLOSEDIR 1
| #define HAVE_OPENDIR 1
| #define HAVE_READDIR 1
| #define HAVE_LIBM 1
| #define HAVE_DLOPEN 1
| #define HAVE_MALLINFO 1
| #define HAVE_LIBPTHREAD 1
| #define HAVE_PTHREAD_MUTEX_LOCK 1
| #define HAVE_PTHREAD_RWLOCK_INIT 1
| #define HAVE_PTHREAD_GETSPECIFIC 1
| #define HAVE_LIBZ 1
| #define USE_UDIS86 0
| #define LLVM_USE_OPROFILE 0
| #define LLVM_USE_INTEL_JITEVENTS 0
| #define HAVE_DIRENT_H 1
| #define HAVE_MMAP_ANONYMOUS 1
| #define HAVE_SYS_WAIT_H 1
| #define TIME_WITH_SYS_TIME 1
| #define HAVE_CXXABI_H 1
| #define HAVE_DLFCN_H 1
| #define HAVE_EXECINFO_H 1
| #define HAVE_FCNTL_H 1
| #define HAVE_INTTYPES_H 1
| #define HAVE_LINK_H 1
| #define HAVE_MALLOC_H 1
| #define HAVE_SETJMP_H 1
| #define HAVE_SIGNAL_H 1
| #define HAVE_STDINT_H 1
| #define HAVE_TERMIOS_H 1
| #define HAVE_UNISTD_H 1
| #define HAVE_UTIME_H 1
| #define HAVE_SYS_MMAN_H 1
| #define HAVE_SYS_PARAM_H 1
| #define HAVE_SYS_RESOURCE_H 1
| #define HAVE_SYS_TIME_H 1
| #define HAVE_SYS_UIO_H 1
| #define HAVE_SYS_IOCTL_H 1
| #define HAVE_FENV_H 1
| #define HAVE_DECL_FE_ALL_EXCEPT 1
| #define HAVE_DECL_FE_INEXACT 1
| #define HAVE_PTHREAD_H 1
| #define HAVE_ZLIB_H 1
| /* end confdefs.h.  */
| #include <CrashReporterClient.h>
configure:16937: result: no
configure:16970: checking for CrashReporterClient.h
configure:16978: result: no
configure:16992: checking __crashreporter_info__
configure:17016: gcc -o conftest    conftest.c -lz -lpthread -lm  >&5
/usr/bin/ld: /tmp/ccYP62VQ.o: warning: relocation against `__crashreporter_info__' in read-only section `.text'
/usr/bin/ld: /tmp/ccYP62VQ.o: in function `main':
conftest.c:(.text+0x12): undefined reference to `__crashreporter_info__'
/usr/bin/ld: warning: creating DT_TEXTREL in a PIE
collect2: error: ld returned 1 exit status
configure:17022: $? = 1
configure: failed program was:
| 
|   /* confdefs.h.  */
| #define PACKAGE_NAME "LLVM"
| #define PACKAGE_TARNAME "llvm"
| #define PACKAGE_VERSION "3.4"
| #define PACKAGE_STRING "LLVM 3.4"
| #define PACKAGE_BUGREPORT "http://llvm.org/bugs/"
| #define LLVM_VERSION_MAJOR 3
| #define LLVM_VERSION_MINOR 4
| #define LLVM_ON_UNIX 1
| #define STDC_HEADERS 1
| #define HAVE_SYS_TYPES_H 1
| #define HAVE_SYS_STAT_H 1
| #define HAVE_STDLIB_H 1
| #define HAVE_STRING_H 1
| #define HAVE_MEMORY_H 1
| #define HAVE_STRINGS_H 1
| #define HAVE_INTTYPES_H 1
| #define HAVE_STDINT_H 1
| #define HAVE_UNISTD_H 1
| #define LLVM_ENABLE_THREADS 1
| #define LLVM_ENABLE_ZLIB 1
| #define ENABLE_PIC 1
| #define ENABLE_TIMESTAMPS 1
| #define ENABLE_BACKTRACES 1
| #define ENABLE_CRASH_OVERRIDES 1
| #define LLVM_NATIVE_ARCH X86
| #define LLVM_NATIVE_TARGET LLVMInitializeX86Target
| #define LLVM_NATIVE_TARGETINFO LLVMInitializeX86TargetInfo
| #define LLVM_NATIVE_TARGETMC LLVMInitializeX86TargetMC
| #define LLVM_NATIVE_ASMPRINTER LLVMInitializeX86AsmPrinter
| #define LLVM_NATIVE_ASMPARSER LLVMInitializeX86AsmParser
| #define LLVM_NATIVE_DISASSEMBLER LLVMInitializeX86Disassembler
| #define CLANG_RESOURCE_DIR ""
| #define C_INCLUDE_DIRS ""
| #define GCC_INSTALL_PREFIX ""
| #define DEFAULT_SYSROOT ""
| #define BUG_REPORT_URL "http://llvm.org/bugs/"
| #define HOST_LINK_VERSION "2.38"
| #define HAVE_LINK_R 1
| #define HAVE_LINK_EXPORT_DYNAMIC 1
| #define HAVE_DIRENT_H 1
| #define HAVE_DLFCN_H 1
| #define LTDL_SHLIB_EXT ".so"
| #define LTDL_SYSSEARCHPATH "/lib:/usr/lib:/usr/lib/x86_64-linux-gnu/libfakeroot:/usr/lib/wsl/lib:/usr/local/lib:/usr/local/lib/x86_64-linux-gnu:/lib/x86_64-linux-gnu:/usr/lib/x86_64-linux-gnu:/lib32:/usr/lib32:/libx32:/usr/libx32"
| #define LTDL_OBJDIR ".libs/"
| #define HAVE_PRELOADED_SYMBOLS 1
| #define HAVE_LIBDL 1
| #define HAVE_DLERROR 1
| #define HAVE_ARGZ_H 1
| #define HAVE_ERROR_T 1
| #define HAVE_ARGZ_APPEND 1
| #define HAVE_ARGZ_CREATE_SEP 1
| #define HAVE_ARGZ_INSERT 1
| #define HAVE_ARGZ_NEXT 1
| #define HAVE_ARGZ_STRINGIFY 1
| #define HAVE_ERRNO_H 1
| #define HAVE_MALLOC_H 1
| #define HAVE_MEMORY_H 1
| #define HAVE_UNISTD_H 1
| #define HAVE_CLOSEDIR 1
| #define HAVE_OPENDIR 1
| #define HAVE_READDIR 1
| #define HAVE_LIBM 1
| #define HAVE_DLOPEN 1
| #define HAVE_MALLINFO 1
| #define HAVE_LIBPTHREAD 1
| #define HAVE_PTHREAD_MUTEX_LOCK 1
| #define HAVE_PTHREAD_RWLOCK_INIT 1
| #define HAVE_PTHREAD_GETSPECIFIC 1
| #define HAVE_LIBZ 1
| #define USE_UDIS86 0
| #define LLVM_USE_OPROFILE 0
| #define LLVM_USE_INTEL_JITEVENTS 0
| #define HAVE_DIRENT_H 1
| #define HAVE_MMAP_ANONYMOUS 1
| #define HAVE_SYS_WAIT_H 1
| #define TIME_WITH_SYS_TIME 1
| #define HAVE_CXXABI_H 1
| #define HAVE_DLFCN_H 1
| #define HAVE_EXECINFO_H 1
| #define HAVE_FCNTL_H 1
| #define HAVE_INTTYPES_H 1
| #define HAVE_LINK_H 1
| #define HAVE_MALLOC_H 1
| #define HAVE_SETJMP_H 1
| #define HAVE_SIGNAL_H 1
| #define HAVE_STDINT_H 1
| #define HAVE_TERMIOS_H 1
| #define HAVE_UNISTD_H 1
| #define HAVE_UTIME_H 1
| #define HAVE_SYS_MMAN_H 1
| #define HAVE_SYS_PARAM_H 1
| #define HAVE_SYS_RESOURCE_H 1
| #define HAVE_SYS_TIME_H 1
| #define HAVE_SYS_UIO_H 1
| #define HAVE_SYS_IOCTL_H 1
| #define HAVE_FENV_H 1
| #define HAVE_DECL_FE_ALL_EXCEPT 1
| #define HAVE_DECL_FE_INEXACT 1
| #define HAVE_PTHREAD_H 1
| #define HAVE_ZLIB_H 1
| /* end confdefs.h.  */
| 
|     extern const char *__crashreporter_info__;
|     int main() {
|       __crashreporter_info__ = "test";
|       return 0;
|     }
| 
| 
configure:17058: result: no
configure:17073: checking for HUGE_VAL sanity
configure:17111: g++ -o conftest  -pedantic   conftest.cpp -lz -lpthread -lm  >&5
configure:17114: $? = 0
configure:17120: ./conftest
configure:17123: $? = 0
configure:17147: result: yes
configure:17152: checking for pid_t
configure:17182: gcc -c   conftest.c >&5
configure:17188: $? = 0
configure:17195: test -z "$ac_c_werror_flag" || test ! -s conftest.err
configure:17198: $? = 0
configure:17205: test -s conftest.o
configure:17208: $? = 0
configure:17220: result: yes
configure:17232: checking for size_t
configure:17262: gcc -c   conftest.c >&5
configure:17268: $? = 0
configure:17275: test -z "$ac_c_werror_flag" || test ! -s conftest.err
configure:17278: $? = 0
configure:17285: test -s conftest.o
configure:17288: $? = 0
configure:17300: result: yes
configure:17317: checking whether struct tm is in sys/time.h or time.h
configure:17345: gcc -c   conftest.c >&5
configure:17351: $? = 0
configure:17358: test -z "$ac_c_werror_flag" || test ! -s conftest.err
configure:17361: $? = 0
configure:17368: test -s conftest.o
configure:17371: $? = 0
configure:17383: result: time.h
configure:17393: checking for int64_t
configure:17423: gcc -c   conftest.c >&5
configure:17429: $? = 0
configure:17436: test -z "$ac_c_werror_flag" || test ! -s conftest.err
configure:17439: $? = 0
configure:17446: test -s conftest.o
configure:17449: $? = 0
configure:17461: result: yes
configure:17476: checking for uint64_t
configure:17506: gcc -c   conftest.c >&5
configure:17512: $? = 0
configure:17519: test -z "$ac_c_werror_flag" || test ! -s conftest.err
configure:17522: $? = 0
configure:17529: test -s conftest.o
configure:17532: $? = 0
configure:17544: result: yes
configure:17651: checking for backtrace
configure:17707: gcc -o conftest    conftest.c -lz -lpthread -lm  >&5
configure:17713: $? = 0
configure:17720: test -z "$ac_c_werror_flag" || test ! -s conftest.err
configure:17723: $? = 0
configure:17730: test -s conftest
configure:17733: $? = 0
configure:17747: result: yes
configure:17651: checking for ceilf
configure:17707: gcc -o conftest    conftest.c -lz -lpthread -lm  >&5
conftest.c:131:6: warning: conflicting types for built-in function 'ceilf'; expected 'float(float)' [-Wbuiltin-declaration-mismatch]
  131 | char ceilf ();
      |      ^~~~~
conftest.c:119:1: note: 'ceilf' is declared in header '<math.h>'
  118 | # include <limits.h>
  119 | #else
configure:17713: $? = 0
configure:17720: test -z "$ac_c_werror_flag" || test ! -s conftest.err
configure:17723: $? = 0
configure:17730: test -s conftest
configure:17733: $? = 0
configure:17747: result: yes
configure:17651: checking for floorf
configure:17707: gcc -o conftest    conftest.c -lz -lpthread -lm  >&5
conftest.c:132:6: warning: conflicting types for built-in function 'floorf'; expected 'float(float)' [-Wbuiltin-declaration-mismatch]
  132 | char floorf ();
      |      ^~~~~~
conftest.c:120:1: note: 'floorf' is declared in header '<math.h>'
  119 | # include <limits.h>
  120 | #else
configure:17713: $? = 0
configure:17720: test -z "$ac_c_werror_flag" || test ! -s conftest.err
configure:17723: $? = 0
configure:17730: test -s conftest
configure:17733: $? = 0
configure:17747: result: yes
configure:17651: checking for roundf
configure:17707: gcc -o conftest    conftest.c -lz -lpthread -lm  >&5
conftest.c:133:6: warning: conflicting types for built-in function 'roundf'; expected 'float(float)' [-Wbuiltin-declaration-mismatch]
  133 | char roundf ();
      |      ^~~~~~
conftest.c:121:1: note: 'roundf' is declared in header '<math.h>'
  120 | # include <limits.h>
  121 | #else
configure:17713: $? = 0
configure:17720: test -z "$ac_c_werror_flag" || test ! -s conftest.err
configure:17723: $? = 0
configure:17730: test -s conftest
configure:17733: $? = 0
configure:17747: result: yes
configure:17651: checking for rintf
configure:17707: gcc -o conftest    conftest.c -lz -lpthread -lm  >&5
conftest.c:134:6: warning: conflicting types for built-in function 'rintf'; expected 'float(float)' [-Wbuiltin-declaration-mismatch]
  134 | char rintf ();
      |      ^~~~~
conftest.c:122:1: note: 'rintf' is declared in header '<math.h>'
  121 | # include <limits.h>
  122 | #else
configure:17713: $? = 0
configure:17720: test -z "$ac_c_werror_flag" || test ! -s conftest.err
configure:17723: $? = 0
configure:17730: test -s conftest
configure:17733: $? = 0
configure:17747: result: yes
configure:17651: checking for nearbyintf
configure:17707: gcc -o conftest    conftest.c -lz -lpthread -lm  >&5
conftest.c:135:6: warning: conflicting types for built-in function 'nearbyintf'; expected 'float(float)' [-Wbuiltin-declaration-mismatch]
  135 | char nearbyintf ();
      |      ^~~~~~~~~~
conftest.c:123:1: note: 'nearbyintf' is declared in header '<math.h>'
  122 | # include <limits.h>
  123 | #else
configure:17713: $? = 0
configure:17720: test -z "$ac_c_werror_flag" || test ! -s conftest.err
configure:17723: $? = 0
configure:17730: test -s conftest
configure:17733: $? = 0
configure:17747: result: yes
configure:17651: checking for getcwd
configure:17707: gcc -o conftest    conftest.c -lz -lpthread -lm  >&5
configure:17713: $? = 0
configure:17720: test -z "$ac_c_werror_flag" || test ! -s conftest.err
configure:17723: $? = 0
configure:17730: test -s conftest
configure:17733: $? = 0
configure:17747: result: yes
configure:17764: checking for powf
configure:17820: gcc -o conftest    conftest.c -lz -lpthread -lm  >&5
conftest.c:137:6: warning: conflicting types for built-in function 'powf'; expected 'float(float,  float)' [-Wbuiltin-declaration-mismatch]
  137 | char powf ();
      |      ^~~~
conftest.c:125:1: note: 'powf' is declared in header '<math.h>'
  124 | # include <limits.h>
  125 | #else
configure:17826: $? = 0
configure:17833: test -z "$ac_c_werror_flag" || test ! -s conftest.err
configure:17836: $? = 0
configure:17843: test -s conftest
configure:17846: $? = 0
configure:17860: result: yes
configure:17764: checking for fmodf
configure:17820: gcc -o conftest    conftest.c -lz -lpthread -lm  >&5
conftest.c:138:6: warning: conflicting types for built-in function 'fmodf'; expected 'float(float,  float)' [-Wbuiltin-declaration-mismatch]
  138 | char fmodf ();
      |      ^~~~~
conftest.c:126:1: note: 'fmodf' is declared in header '<math.h>'
  125 | # include <limits.h>
  126 | #else
configure:17826: $? = 0
configure:17833: test -z "$ac_c_werror_flag" || test ! -s conftest.err
configure:17836: $? = 0
configure:17843: test -s conftest
configure:17846: $? = 0
configure:17860: result: yes
configure:17764: checking for strtof
configure:17820: gcc -o conftest    conftest.c -lz -lpthread -lm  >&5
configure:17826: $? = 0
configure:17833: test -z "$ac_c_werror_flag" || test ! -s conftest.err
configure:17836: $? = 0
configure:17843: test -s conftest
configure:17846: $? = 0
configure:17860: result: yes
configure:17764: checking for round
configure:17820: gcc -o conftest    conftest.c -lz -lpthread -lm  >&5
conftest.c:140:6: warning: conflicting types for built-in function 'round'; expected 'double(double)' [-Wbuiltin-declaration-mismatch]
  140 | char round ();
      |      ^~~~~
conftest.c:128:1: note: 'round' is declared in header '<math.h>'
  127 | # include <limits.h>
  128 | #else
configure:17826: $? = 0
configure:17833: test -z "$ac_c_werror_flag" || test ! -s conftest.err
configure:17836: $? = 0
configure:17843: test -s conftest
configure:17846: $? = 0
configure:17860: result: yes
configure:17878: checking for log
configure:17934: gcc -o conftest    conftest.c -lz -lpthread -lm  >&5
conftest.c:141:6: warning: conflicting types for built-in function 'log'; expected 'double(double)' [-Wbuiltin-declaration-mismatch]
  141 | char log ();
      |      ^~~
conftest.c:129:1: note: 'log' is declared in header '<math.h>'
  128 | # include <limits.h>
  129 | #else
configure:17940: $? = 0
configure:17947: test -z "$ac_c_werror_flag" || test ! -s conftest.err
configure:17950: $? = 0
configure:17957: test -s conftest
configure:17960: $? = 0
configure:17974: result: yes
configure:17878: checking for log2
configure:17934: gcc -o conftest    conftest.c -lz -lpthread -lm  >&5
conftest.c:142:6: warning: conflicting types for built-in function 'log2'; expected 'double(double)' [-Wbuiltin-declaration-mismatch]
  142 | char log2 ();
      |      ^~~~
conftest.c:130:1: note: 'log2' is declared in header '<math.h>'
  129 | # include <limits.h>
  130 | #else
configure:17940: $? = 0
configure:17947: test -z "$ac_c_werror_flag" || test ! -s conftest.err
configure:17950: $? = 0
configure:17957: test -s conftest
configure:17960: $? = 0
configure:17974: result: yes
configure:17878: checking for log10
configure:17934: gcc -o conftest    conftest.c -lz -lpthread -lm  >&5
conftest.c:143:6: warning: conflicting types for built-in function 'log10'; expected 'double(double)' [-Wbuiltin-declaration-mismatch]
  143 | char log10 ();
      |      ^~~~~
conftest.c:131:1: note: 'log10' is declared in header '<math.h>'
  130 | # include <limits.h>
  131 | #else
configure:17940: $? = 0
configure:17947: test -z "$ac_c_werror_flag" || test ! -s conftest.err
configure:17950: $? = 0
configure:17957: test -s conftest
configure:17960: $? = 0
configure:17974: result: yes
configure:17878: checking for exp
configure:17934: gcc -o conftest    conftest.c -lz -lpthread -lm  >&5
conftest.c:144:6: warning: conflicting types for built-in function 'exp'; expected 'double(double)' [-Wbuiltin-declaration-mismatch]
  144 | char exp ();
      |      ^~~
conftest.c:132:1: note: 'exp' is declared in header '<math.h>'
  131 | # include <limits.h>
  132 | #else
configure:17940: $? = 0
configure:17947: test -z "$ac_c_werror_flag" || test ! -s conftest.err
configure:17950: $? = 0
configure:17957: test -s conftest
configure:17960: $? = 0
configure:17974: result: yes
configure:17878: checking for exp2
configure:17934: gcc -o conftest    conftest.c -lz -lpthread -lm  >&5
conftest.c:145:6: warning: conflicting types for built-in function 'exp2'; expected 'double(double)' [-Wbuiltin-declaration-mismatch]
  145 | char exp2 ();
      |      ^~~~
conftest.c:133:1: note: 'exp2' is declared in header '<math.h>'
  132 | # include <limits.h>
  133 | #else
configure:17940: $? = 0
configure:17947: test -z "$ac_c_werror_flag" || test ! -s conftest.err
configure:17950: $? = 0
configure:17957: test -s conftest
configure:17960: $? = 0
configure:17974: result: yes
configure:17992: checking for getpagesize
configure:18048: gcc -o conftest    conftest.c -lz -lpthread -lm  >&5
configure:18054: $? = 0
configure:18061: test -z "$ac_c_werror_flag" || test ! -s conftest.err
configure:18064: $? = 0
configure:18071: test -s conftest
configure:18074: $? = 0
configure:18088: result: yes
configure:17992: checking for getrusage
configure:18048: gcc -o conftest    conftest.c -lz -lpthread -lm  >&5
configure:18054: $? = 0
configure:18061: test -z "$ac_c_werror_flag" || test ! -s conftest.err
configure:18064: $? = 0
configure:18071: test -s conftest
configure:18074: $? = 0
configure:18088: result: yes
configure:17992: checking for getrlimit
configure:18048: gcc -o conftest    conftest.c -lz -lpthread -lm  >&5
configure:18054: $? = 0
configure:18061: test -z "$ac_c_werror_flag" || test ! -s conftest.err
configure:18064: $? = 0
configure:18071: test -s conftest
configure:18074: $? = 0
configure:18088: result: yes
configure:17992: checking for setrlimit
configure:18048: gcc -o conftest    conftest.c -lz -lpthread -lm  >&5
configure:18054: $? = 0
configure:18061: test -z "$ac_c_werror_flag" || test ! -s conftest.err
configure:18064: $? = 0
configure:18071: test -s conftest
configure:18074: $? = 0
configure:18088: result: yes
configure:17992: checking for gettimeofday
configure:18048: gcc -o conftest    conftest.c -lz -lpthread -lm  >&5
configure:18054: $? = 0
configure:18061: test -z "$ac_c_werror_flag" || test ! -s conftest.err
configure:18064: $? = 0
configure:18071: test -s conftest
configure:18074: $? = 0
configure:18088: result: yes
configure:18104: checking for isatty
configure:18160: gcc -o conftest    conftest.c -lz -lpthread -lm  >&5
configure:18166: $? = 0
configure:18173: test -z "$ac_c_werror_flag" || test ! -s conftest.err
configure:18176: $? = 0
configure:18183: test -s conftest
configure:18186: $? = 0
configure:18200: result: yes
configure:18104: checking for mkdtemp
configure:18160: gcc -o conftest    conftest.c -lz -lpthread -lm  >&5
configure:18166: $? = 0
configure:18173: test -z "$ac_c_werror_flag" || test ! -s conftest.err
configure:18176: $? = 0
configure:18183: test -s conftest
configure:18186: $? = 0
configure:18200: result: yes
configure:18104: checking for mkstemp
configure:18160: gcc -o conftest    conftest.c -lz -lpthread -lm  >&5
configure:18166: $? = 0
configure:18173: test -z "$ac_c_werror_flag" || test ! -s conftest.err
configure:18176: $? = 0
configure:18183: test -s conftest
configure:18186: $? = 0
configure:18200: result: yes
configure:18219: checking for mktemp
configure:18275: gcc -o conftest    conftest.c -lz -lpthread -lm  >&5
/usr/bin/ld: /tmp/cczv2jlN.o: in function `main':
conftest.c:(.text+0xe): warning: the use of `mktemp' is dangerous, better use `mkstemp' or `mkdtemp'
configure:18281: $? = 0
configure:18288: test -z "$ac_c_werror_flag" || test ! -s conftest.err
configure:18291: $? = 0
configure:18298: test -s conftest
configure:18301: $? = 0
configure:18315: result: yes
configure:18219: checking for posix_spawn
configure:18275: gcc -o conftest    conftest.c -lz -lpthread -lm  >&5
configure:18281: $? = 0
configure:18288: test -z "$ac_c_werror_flag" || test ! -s conftest.err
configure:18291: $? = 0
configure:18298: test -s conftest
configure:18301: $? = 0
configure:18315: result: yes
configure:18219: checking for pread
configure:18275: gcc -o conftest    conftest.c -lz -lpthread -lm  >&5
configure:18281: $? = 0
configure:18288: test -z "$ac_c_werror_flag" || test ! -s conftest.err
configure:18291: $? = 0
configure:18298: test -s conftest
configure:18301: $? = 0
configure:18315: result: yes
configure:18219: checking for realpath
configure:18275: gcc -o conftest    conftest.c -lz -lpthread -lm  >&5
configure:18281: $? = 0
configure:18288: test -z "$ac_c_werror_flag" || test ! -s conftest.err
configure:18291: $? = 0
configure:18298: test -s conftest
configure:18301: $? = 0
configure:18315: result: yes
configure:18219: checking for sbrk
configure:18275: gcc -o conftest    conftest.c -lz -lpthread -lm  >&5
configure:18281: $? = 0
configure:18288: test -z "$ac_c_werror_flag" || test ! -s conftest.err
configure:18291: $? = 0
configure:18298: test -s conftest
configure:18301: $? = 0
configure:18315: result: yes
configure:18219: checking for setrlimit
configure:18315: result: yes
configure:18332: checking for strerror
configure:18388: gcc -o conftest    conftest.c -lz -lpthread -lm  >&5
configure:18394: $? = 0
configure:18401: test -z "$ac_c_werror_flag" || test ! -s conftest.err
configure:18404: $? = 0
configure:18411: test -s conftest
configure:18414: $? = 0
configure:18428: result: yes
configure:18332: checking for strerror_r
configure:18388: gcc -o conftest    conftest.c -lz -lpthread -lm  >&5
configure:18394: $? = 0
configure:18401: test -z "$ac_c_werror_flag" || test ! -s conftest.err
configure:18404: $? = 0
configure:18411: test -s conftest
configure:18414: $? = 0
configure:18428: result: yes
configure:18332: checking for setenv
configure:18388: gcc -o conftest    conftest.c -lz -lpthread -lm  >&5
configure:18394: $? = 0
configure:18401: test -z "$ac_c_werror_flag" || test ! -s conftest.err
configure:18404: $? = 0
configure:18411: test -s conftest
configure:18414: $? = 0
configure:18428: result: yes
configure:18332: checking for arc4random
configure:18388: gcc -o conftest    conftest.c -lz -lpthread -lm  >&5
/usr/bin/ld: /tmp/cc4Sez7r.o: in function `main':
conftest.c:(.text+0xe): undefined reference to `arc4random'
collect2: error: ld returned 1 exit status
configure:18394: $? = 1
configure: failed program was:
| /* confdefs.h.  */
| #define PACKAGE_NAME "LLVM"
| #define PACKAGE_TARNAME "llvm"
| #define PACKAGE_VERSION "3.4"
| #define PACKAGE_STRING "LLVM 3.4"
| #define PACKAGE_BUGREPORT "http://llvm.org/bugs/"
| #define LLVM_VERSION_MAJOR 3
| #define LLVM_VERSION_MINOR 4
| #define LLVM_ON_UNIX 1
| #define STDC_HEADERS 1
| #define HAVE_SYS_TYPES_H 1
| #define HAVE_SYS_STAT_H 1
| #define HAVE_STDLIB_H 1
| #define HAVE_STRING_H 1
| #define HAVE_MEMORY_H 1
| #define HAVE_STRINGS_H 1
| #define HAVE_INTTYPES_H 1
| #define HAVE_STDINT_H 1
| #define HAVE_UNISTD_H 1
| #define LLVM_ENABLE_THREADS 1
| #define LLVM_ENABLE_ZLIB 1
| #define ENABLE_PIC 1
| #define ENABLE_TIMESTAMPS 1
| #define ENABLE_BACKTRACES 1
| #define ENABLE_CRASH_OVERRIDES 1
| #define LLVM_NATIVE_ARCH X86
| #define LLVM_NATIVE_TARGET LLVMInitializeX86Target
| #define LLVM_NATIVE_TARGETINFO LLVMInitializeX86TargetInfo
| #define LLVM_NATIVE_TARGETMC LLVMInitializeX86TargetMC
| #define LLVM_NATIVE_ASMPRINTER LLVMInitializeX86AsmPrinter
| #define LLVM_NATIVE_ASMPARSER LLVMInitializeX86AsmParser
| #define LLVM_NATIVE_DISASSEMBLER LLVMInitializeX86Disassembler
| #define CLANG_RESOURCE_DIR ""
| #define C_INCLUDE_DIRS ""
| #define GCC_INSTALL_PREFIX ""
| #define DEFAULT_SYSROOT ""
| #define BUG_REPORT_URL "http://llvm.org/bugs/"
| #define HOST_LINK_VERSION "2.38"
| #define HAVE_LINK_R 1
| #define HAVE_LINK_EXPORT_DYNAMIC 1
| #define HAVE_DIRENT_H 1
| #define HAVE_DLFCN_H 1
| #define LTDL_SHLIB_EXT ".so"
| #define LTDL_SYSSEARCHPATH "/lib:/usr/lib:/usr/lib/x86_64-linux-gnu/libfakeroot:/usr/lib/wsl/lib:/usr/local/lib:/usr/local/lib/x86_64-linux-gnu:/lib/x86_64-linux-gnu:/usr/lib/x86_64-linux-gnu:/lib32:/usr/lib32:/libx32:/usr/libx32"
| #define LTDL_OBJDIR ".libs/"
| #define HAVE_PRELOADED_SYMBOLS 1
| #define HAVE_LIBDL 1
| #define HAVE_DLERROR 1
| #define HAVE_ARGZ_H 1
| #define HAVE_ERROR_T 1
| #define HAVE_ARGZ_APPEND 1
| #define HAVE_ARGZ_CREATE_SEP 1
| #define HAVE_ARGZ_INSERT 1
| #define HAVE_ARGZ_NEXT 1
| #define HAVE_ARGZ_STRINGIFY 1
| #define HAVE_ERRNO_H 1
| #define HAVE_MALLOC_H 1
| #define HAVE_MEMORY_H 1
| #define HAVE_UNISTD_H 1
| #define HAVE_CLOSEDIR 1
| #define HAVE_OPENDIR 1
| #define HAVE_READDIR 1
| #define HAVE_LIBM 1
| #define HAVE_DLOPEN 1
| #define HAVE_MALLINFO 1
| #define HAVE_LIBPTHREAD 1
| #define HAVE_PTHREAD_MUTEX_LOCK 1
| #define HAVE_PTHREAD_RWLOCK_INIT 1
| #define HAVE_PTHREAD_GETSPECIFIC 1
| #define HAVE_LIBZ 1
| #define USE_UDIS86 0
| #define LLVM_USE_OPROFILE 0
| #define LLVM_USE_INTEL_JITEVENTS 0
| #define HAVE_DIRENT_H 1
| #define HAVE_MMAP_ANONYMOUS 1
| #define HAVE_SYS_WAIT_H 1
| #define TIME_WITH_SYS_TIME 1
| #define HAVE_CXXABI_H 1
| #define HAVE_DLFCN_H 1
| #define HAVE_EXECINFO_H 1
| #define HAVE_FCNTL_H 1
| #define HAVE_INTTYPES_H 1
| #define HAVE_LINK_H 1
| #define HAVE_MALLOC_H 1
| #define HAVE_SETJMP_H 1
| #define HAVE_SIGNAL_H 1
| #define HAVE_STDINT_H 1
| #define HAVE_TERMIOS_H 1
| #define HAVE_UNISTD_H 1
| #define HAVE_UTIME_H 1
| #define HAVE_SYS_MMAN_H 1
| #define HAVE_SYS_PARAM_H 1
| #define HAVE_SYS_RESOURCE_H 1
| #define HAVE_SYS_TIME_H 1
| #define HAVE_SYS_UIO_H 1
| #define HAVE_SYS_IOCTL_H 1
| #define HAVE_FENV_H 1
| #define HAVE_DECL_FE_ALL_EXCEPT 1
| #define HAVE_DECL_FE_INEXACT 1
| #define HAVE_PTHREAD_H 1
| #define HAVE_ZLIB_H 1
| #define HAVE_CRASHREPORTER_INFO 0
| #define RETSIGTYPE void
| #define HAVE_INT64_T 1
| #define HAVE_UINT64_T 1
| #define HAVE_BACKTRACE 1
| #define HAVE_CEILF 1
| #define HAVE_FLOORF 1
| #define HAVE_ROUNDF 1
| #define HAVE_RINTF 1
| #define HAVE_NEARBYINTF 1
| #define HAVE_GETCWD 1
| #define HAVE_POWF 1
| #define HAVE_FMODF 1
| #define HAVE_STRTOF 1
| #define HAVE_ROUND 1
| #define HAVE_LOG 1
| #define HAVE_LOG2 1
| #define HAVE_LOG10 1
| #define HAVE_EXP 1
| #define HAVE_EXP2 1
| #define HAVE_GETPAGESIZE 1
| #define HAVE_GETRUSAGE 1
| #define HAVE_GETRLIMIT 1
| #define HAVE_SETRLIMIT 1
| #define HAVE_GETTIMEOFDAY 1
| #define HAVE_ISATTY 1
| #define HAVE_MKDTEMP 1
| #define HAVE_MKSTEMP 1
| #define HAVE_MKTEMP 1
| #define HAVE_POSIX_SPAWN 1
| #define HAVE_PREAD 1
| #define HAVE_REALPATH 1
| #define HAVE_SBRK 1
| #define HAVE_SETRLIMIT 1
| #define HAVE_STRERROR 1
| #define HAVE_STRERROR_R 1
| #define HAVE_SETENV 1
| /* end confdefs.h.  */
| /* Define arc4random to an innocuous variant, in case <limits.h> declares arc4random.
|    For example, HP-UX 11i <limits.h> declares gettimeofday.  */
| #define arc4random innocuous_arc4random
| 
| /* System header to define __stub macros and hopefully few prototypes,
|     which can conflict with char arc4random (); below.
|     Prefer <limits.h> to <assert.h> if __STDC__ is defined, since
|     <limits.h> exists even on freestanding compilers.  */
| 
| #ifdef __STDC__
| # include <limits.h>
| #else
| # include <assert.h>
| #endif
| 
| #undef arc4random
| 
| /* Override any GCC internal prototype to avoid an error.
|    Use char because int might match the return type of a GCC
|    builtin and then its argument prototype would still apply.  */
| #ifdef __cplusplus
| extern "C"
| #endif
| char arc4random ();
| /* The GNU C library defines this for functions which it implements
|     to always fail with ENOSYS.  Some functions are actually named
|     something starting with __ and the normal name is an alias.  */
| #if defined __stub_arc4random || defined __stub___arc4random
| choke me
| #endif
| 
| int
| main ()
| {
| return arc4random ();
|   ;
|   return 0;
| }
configure:18428: result: no
configure:18445: checking for strtoll
configure:18501: gcc -o conftest    conftest.c -lz -lpthread -lm  >&5
configure:18507: $? = 0
configure:18514: test -z "$ac_c_werror_flag" || test ! -s conftest.err
configure:18517: $? = 0
configure:18524: test -s conftest
configure:18527: $? = 0
configure:18541: result: yes
configure:18445: checking for strtoq
configure:18501: gcc -o conftest    conftest.c -lz -lpthread -lm  >&5
configure:18507: $? = 0
configure:18514: test -z "$ac_c_werror_flag" || test ! -s conftest.err
configure:18517: $? = 0
configure:18524: test -s conftest
configure:18527: $? = 0
configure:18541: result: yes
configure:18445: checking for sysconf
configure:18501: gcc -o conftest    conftest.c -lz -lpthread -lm  >&5
configure:18507: $? = 0
configure:18514: test -z "$ac_c_werror_flag" || test ! -s conftest.err
configure:18517: $? = 0
configure:18524: test -s conftest
configure:18527: $? = 0
configure:18541: result: yes
configure:18445: checking for malloc_zone_statistics
configure:18501: gcc -o conftest    conftest.c -lz -lpthread -lm  >&5
/usr/bin/ld: /tmp/cco79GyL.o: in function `main':
conftest.c:(.text+0xe): undefined reference to `malloc_zone_statistics'
collect2: error: ld returned 1 exit status
configure:18507: $? = 1
configure: failed program was:
| /* confdefs.h.  */
| #define PACKAGE_NAME "LLVM"
| #define PACKAGE_TARNAME "llvm"
| #define PACKAGE_VERSION "3.4"
| #define PACKAGE_STRING "LLVM 3.4"
| #define PACKAGE_BUGREPORT "http://llvm.org/bugs/"
| #define LLVM_VERSION_MAJOR 3
| #define LLVM_VERSION_MINOR 4
| #define LLVM_ON_UNIX 1
| #define STDC_HEADERS 1
| #define HAVE_SYS_TYPES_H 1
| #define HAVE_SYS_STAT_H 1
| #define HAVE_STDLIB_H 1
| #define HAVE_STRING_H 1
| #define HAVE_MEMORY_H 1
| #define HAVE_STRINGS_H 1
| #define HAVE_INTTYPES_H 1
| #define HAVE_STDINT_H 1
| #define HAVE_UNISTD_H 1
| #define LLVM_ENABLE_THREADS 1
| #define LLVM_ENABLE_ZLIB 1
| #define ENABLE_PIC 1
| #define ENABLE_TIMESTAMPS 1
| #define ENABLE_BACKTRACES 1
| #define ENABLE_CRASH_OVERRIDES 1
| #define LLVM_NATIVE_ARCH X86
| #define LLVM_NATIVE_TARGET LLVMInitializeX86Target
| #define LLVM_NATIVE_TARGETINFO LLVMInitializeX86TargetInfo
| #define LLVM_NATIVE_TARGETMC LLVMInitializeX86TargetMC
| #define LLVM_NATIVE_ASMPRINTER LLVMInitializeX86AsmPrinter
| #define LLVM_NATIVE_ASMPARSER LLVMInitializeX86AsmParser
| #define LLVM_NATIVE_DISASSEMBLER LLVMInitializeX86Disassembler
| #define CLANG_RESOURCE_DIR ""
| #define C_INCLUDE_DIRS ""
| #define GCC_INSTALL_PREFIX ""
| #define DEFAULT_SYSROOT ""
| #define BUG_REPORT_URL "http://llvm.org/bugs/"
| #define HOST_LINK_VERSION "2.38"
| #define HAVE_LINK_R 1
| #define HAVE_LINK_EXPORT_DYNAMIC 1
| #define HAVE_DIRENT_H 1
| #define HAVE_DLFCN_H 1
| #define LTDL_SHLIB_EXT ".so"
| #define LTDL_SYSSEARCHPATH "/lib:/usr/lib:/usr/lib/x86_64-linux-gnu/libfakeroot:/usr/lib/wsl/lib:/usr/local/lib:/usr/local/lib/x86_64-linux-gnu:/lib/x86_64-linux-gnu:/usr/lib/x86_64-linux-gnu:/lib32:/usr/lib32:/libx32:/usr/libx32"
| #define LTDL_OBJDIR ".libs/"
| #define HAVE_PRELOADED_SYMBOLS 1
| #define HAVE_LIBDL 1
| #define HAVE_DLERROR 1
| #define HAVE_ARGZ_H 1
| #define HAVE_ERROR_T 1
| #define HAVE_ARGZ_APPEND 1
| #define HAVE_ARGZ_CREATE_SEP 1
| #define HAVE_ARGZ_INSERT 1
| #define HAVE_ARGZ_NEXT 1
| #define HAVE_ARGZ_STRINGIFY 1
| #define HAVE_ERRNO_H 1
| #define HAVE_MALLOC_H 1
| #define HAVE_MEMORY_H 1
| #define HAVE_UNISTD_H 1
| #define HAVE_CLOSEDIR 1
| #define HAVE_OPENDIR 1
| #define HAVE_READDIR 1
| #define HAVE_LIBM 1
| #define HAVE_DLOPEN 1
| #define HAVE_MALLINFO 1
| #define HAVE_LIBPTHREAD 1
| #define HAVE_PTHREAD_MUTEX_LOCK 1
| #define HAVE_PTHREAD_RWLOCK_INIT 1
| #define HAVE_PTHREAD_GETSPECIFIC 1
| #define HAVE_LIBZ 1
| #define USE_UDIS86 0
| #define LLVM_USE_OPROFILE 0
| #define LLVM_USE_INTEL_JITEVENTS 0
| #define HAVE_DIRENT_H 1
| #define HAVE_MMAP_ANONYMOUS 1
| #define HAVE_SYS_WAIT_H 1
| #define TIME_WITH_SYS_TIME 1
| #define HAVE_CXXABI_H 1
| #define HAVE_DLFCN_H 1
| #define HAVE_EXECINFO_H 1
| #define HAVE_FCNTL_H 1
| #define HAVE_INTTYPES_H 1
| #define HAVE_LINK_H 1
| #define HAVE_MALLOC_H 1
| #define HAVE_SETJMP_H 1
| #define HAVE_SIGNAL_H 1
| #define HAVE_STDINT_H 1
| #define HAVE_TERMIOS_H 1
| #define HAVE_UNISTD_H 1
| #define HAVE_UTIME_H 1
| #define HAVE_SYS_MMAN_H 1
| #define HAVE_SYS_PARAM_H 1
| #define HAVE_SYS_RESOURCE_H 1
| #define HAVE_SYS_TIME_H 1
| #define HAVE_SYS_UIO_H 1
| #define HAVE_SYS_IOCTL_H 1
| #define HAVE_FENV_H 1
| #define HAVE_DECL_FE_ALL_EXCEPT 1
| #define HAVE_DECL_FE_INEXACT 1
| #define HAVE_PTHREAD_H 1
| #define HAVE_ZLIB_H 1
| #define HAVE_CRASHREPORTER_INFO 0
| #define RETSIGTYPE void
| #define HAVE_INT64_T 1
| #define HAVE_UINT64_T 1
| #define HAVE_BACKTRACE 1
| #define HAVE_CEILF 1
| #define HAVE_FLOORF 1
| #define HAVE_ROUNDF 1
| #define HAVE_RINTF 1
| #define HAVE_NEARBYINTF 1
| #define HAVE_GETCWD 1
| #define HAVE_POWF 1
| #define HAVE_FMODF 1
| #define HAVE_STRTOF 1
| #define HAVE_ROUND 1
| #define HAVE_LOG 1
| #define HAVE_LOG2 1
| #define HAVE_LOG10 1
| #define HAVE_EXP 1
| #define HAVE_EXP2 1
| #define HAVE_GETPAGESIZE 1
| #define HAVE_GETRUSAGE 1
| #define HAVE_GETRLIMIT 1
| #define HAVE_SETRLIMIT 1
| #define HAVE_GETTIMEOFDAY 1
| #define HAVE_ISATTY 1
| #define HAVE_MKDTEMP 1
| #define HAVE_MKSTEMP 1
| #define HAVE_MKTEMP 1
| #define HAVE_POSIX_SPAWN 1
| #define HAVE_PREAD 1
| #define HAVE_REALPATH 1
| #define HAVE_SBRK 1
| #define HAVE_SETRLIMIT 1
| #define HAVE_STRERROR 1
| #define HAVE_STRERROR_R 1
| #define HAVE_SETENV 1
| #define HAVE_STRTOLL 1
| #define HAVE_STRTOQ 1
| #define HAVE_SYSCONF 1
| /* end confdefs.h.  */
| /* Define malloc_zone_statistics to an innocuous variant, in case <limits.h> declares malloc_zone_statistics.
|    For example, HP-UX 11i <limits.h> declares gettimeofday.  */
| #define malloc_zone_statistics innocuous_malloc_zone_statistics
| 
| /* System header to define __stub macros and hopefully few prototypes,
|     which can conflict with char malloc_zone_statistics (); below.
|     Prefer <limits.h> to <assert.h> if __STDC__ is defined, since
|     <limits.h> exists even on freestanding compilers.  */
| 
| #ifdef __STDC__
| # include <limits.h>
| #else
| # include <assert.h>
| #endif
| 
| #undef malloc_zone_statistics
| 
| /* Override any GCC internal prototype to avoid an error.
|    Use char because int might match the return type of a GCC
|    builtin and then its argument prototype would still apply.  */
| #ifdef __cplusplus
| extern "C"
| #endif
| char malloc_zone_statistics ();
| /* The GNU C library defines this for functions which it implements
|     to always fail with ENOSYS.  Some functions are actually named
|     something starting with __ and the normal name is an alias.  */
| #if defined __stub_malloc_zone_statistics || defined __stub___malloc_zone_statistics
| choke me
| #endif
| 
| int
| main ()
| {
| return malloc_zone_statistics ();
|   ;
|   return 0;
| }
configure:18541: result: no
configure:18559: checking for setjmp
configure:18615: gcc -o conftest    conftest.c -lz -lpthread -lm  >&5
configure:18621: $? = 0
configure:18628: test -z "$ac_c_werror_flag" || test ! -s conftest.err
configure:18631: $? = 0
configure:18638: test -s conftest
configure:18641: $? = 0
configure:18655: result: yes
configure:18559: checking for longjmp
configure:18615: gcc -o conftest    conftest.c -lz -lpthread -lm  >&5
configure:18621: $? = 0
configure:18628: test -z "$ac_c_werror_flag" || test ! -s conftest.err
configure:18631: $? = 0
configure:18638: test -s conftest
configure:18641: $? = 0
configure:18655: result: yes
configure:18559: checking for sigsetjmp
configure:18615: gcc -o conftest    conftest.c -lz -lpthread -lm  >&5
/usr/bin/ld: /tmp/ccyaAMCM.o: in function `main':
conftest.c:(.text+0xe): undefined reference to `sigsetjmp'
collect2: error: ld returned 1 exit status
configure:18621: $? = 1
configure: failed program was:
| /* confdefs.h.  */
| #define PACKAGE_NAME "LLVM"
| #define PACKAGE_TARNAME "llvm"
| #define PACKAGE_VERSION "3.4"
| #define PACKAGE_STRING "LLVM 3.4"
| #define PACKAGE_BUGREPORT "http://llvm.org/bugs/"
| #define LLVM_VERSION_MAJOR 3
| #define LLVM_VERSION_MINOR 4
| #define LLVM_ON_UNIX 1
| #define STDC_HEADERS 1
| #define HAVE_SYS_TYPES_H 1
| #define HAVE_SYS_STAT_H 1
| #define HAVE_STDLIB_H 1
| #define HAVE_STRING_H 1
| #define HAVE_MEMORY_H 1
| #define HAVE_STRINGS_H 1
| #define HAVE_INTTYPES_H 1
| #define HAVE_STDINT_H 1
| #define HAVE_UNISTD_H 1
| #define LLVM_ENABLE_THREADS 1
| #define LLVM_ENABLE_ZLIB 1
| #define ENABLE_PIC 1
| #define ENABLE_TIMESTAMPS 1
| #define ENABLE_BACKTRACES 1
| #define ENABLE_CRASH_OVERRIDES 1
| #define LLVM_NATIVE_ARCH X86
| #define LLVM_NATIVE_TARGET LLVMInitializeX86Target
| #define LLVM_NATIVE_TARGETINFO LLVMInitializeX86TargetInfo
| #define LLVM_NATIVE_TARGETMC LLVMInitializeX86TargetMC
| #define LLVM_NATIVE_ASMPRINTER LLVMInitializeX86AsmPrinter
| #define LLVM_NATIVE_ASMPARSER LLVMInitializeX86AsmParser
| #define LLVM_NATIVE_DISASSEMBLER LLVMInitializeX86Disassembler
| #define CLANG_RESOURCE_DIR ""
| #define C_INCLUDE_DIRS ""
| #define GCC_INSTALL_PREFIX ""
| #define DEFAULT_SYSROOT ""
| #define BUG_REPORT_URL "http://llvm.org/bugs/"
| #define HOST_LINK_VERSION "2.38"
| #define HAVE_LINK_R 1
| #define HAVE_LINK_EXPORT_DYNAMIC 1
| #define HAVE_DIRENT_H 1
| #define HAVE_DLFCN_H 1
| #define LTDL_SHLIB_EXT ".so"
| #define LTDL_SYSSEARCHPATH "/lib:/usr/lib:/usr/lib/x86_64-linux-gnu/libfakeroot:/usr/lib/wsl/lib:/usr/local/lib:/usr/local/lib/x86_64-linux-gnu:/lib/x86_64-linux-gnu:/usr/lib/x86_64-linux-gnu:/lib32:/usr/lib32:/libx32:/usr/libx32"
| #define LTDL_OBJDIR ".libs/"
| #define HAVE_PRELOADED_SYMBOLS 1
| #define HAVE_LIBDL 1
| #define HAVE_DLERROR 1
| #define HAVE_ARGZ_H 1
| #define HAVE_ERROR_T 1
| #define HAVE_ARGZ_APPEND 1
| #define HAVE_ARGZ_CREATE_SEP 1
| #define HAVE_ARGZ_INSERT 1
| #define HAVE_ARGZ_NEXT 1
| #define HAVE_ARGZ_STRINGIFY 1
| #define HAVE_ERRNO_H 1
| #define HAVE_MALLOC_H 1
| #define HAVE_MEMORY_H 1
| #define HAVE_UNISTD_H 1
| #define HAVE_CLOSEDIR 1
| #define HAVE_OPENDIR 1
| #define HAVE_READDIR 1
| #define HAVE_LIBM 1
| #define HAVE_DLOPEN 1
| #define HAVE_MALLINFO 1
| #define HAVE_LIBPTHREAD 1
| #define HAVE_PTHREAD_MUTEX_LOCK 1
| #define HAVE_PTHREAD_RWLOCK_INIT 1
| #define HAVE_PTHREAD_GETSPECIFIC 1
| #define HAVE_LIBZ 1
| #define USE_UDIS86 0
| #define LLVM_USE_OPROFILE 0
| #define LLVM_USE_INTEL_JITEVENTS 0
| #define HAVE_DIRENT_H 1
| #define HAVE_MMAP_ANONYMOUS 1
| #define HAVE_SYS_WAIT_H 1
| #define TIME_WITH_SYS_TIME 1
| #define HAVE_CXXABI_H 1
| #define HAVE_DLFCN_H 1
| #define HAVE_EXECINFO_H 1
| #define HAVE_FCNTL_H 1
| #define HAVE_INTTYPES_H 1
| #define HAVE_LINK_H 1
| #define HAVE_MALLOC_H 1
| #define HAVE_SETJMP_H 1
| #define HAVE_SIGNAL_H 1
| #define HAVE_STDINT_H 1
| #define HAVE_TERMIOS_H 1
| #define HAVE_UNISTD_H 1
| #define HAVE_UTIME_H 1
| #define HAVE_SYS_MMAN_H 1
| #define HAVE_SYS_PARAM_H 1
| #define HAVE_SYS_RESOURCE_H 1
| #define HAVE_SYS_TIME_H 1
| #define HAVE_SYS_UIO_H 1
| #define HAVE_SYS_IOCTL_H 1
| #define HAVE_FENV_H 1
| #define HAVE_DECL_FE_ALL_EXCEPT 1
| #define HAVE_DECL_FE_INEXACT 1
| #define HAVE_PTHREAD_H 1
| #define HAVE_ZLIB_H 1
| #define HAVE_CRASHREPORTER_INFO 0
| #define RETSIGTYPE void
| #define HAVE_INT64_T 1
| #define HAVE_UINT64_T 1
| #define HAVE_BACKTRACE 1
| #define HAVE_CEILF 1
| #define HAVE_FLOORF 1
| #define HAVE_ROUNDF 1
| #define HAVE_RINTF 1
| #define HAVE_NEARBYINTF 1
| #define HAVE_GETCWD 1
| #define HAVE_POWF 1
| #define HAVE_FMODF 1
| #define HAVE_STRTOF 1
| #define HAVE_ROUND 1
| #define HAVE_LOG 1
| #define HAVE_LOG2 1
| #define HAVE_LOG10 1
| #define HAVE_EXP 1
| #define HAVE_EXP2 1
| #define HAVE_GETPAGESIZE 1
| #define HAVE_GETRUSAGE 1
| #define HAVE_GETRLIMIT 1
| #define HAVE_SETRLIMIT 1
| #define HAVE_GETTIMEOFDAY 1
| #define HAVE_ISATTY 1
| #define HAVE_MKDTEMP 1
| #define HAVE_MKSTEMP 1
| #define HAVE_MKTEMP 1
| #define HAVE_POSIX_SPAWN 1
| #define HAVE_PREAD 1
| #define HAVE_REALPATH 1
| #define HAVE_SBRK 1
| #define HAVE_SETRLIMIT 1
| #define HAVE_STRERROR 1
| #define HAVE_STRERROR_R 1
| #define HAVE_SETENV 1
| #define HAVE_STRTOLL 1
| #define HAVE_STRTOQ 1
| #define HAVE_SYSCONF 1
| #define HAVE_SETJMP 1
| #define HAVE_LONGJMP 1
| /* end confdefs.h.  */
| /* Define sigsetjmp to an innocuous variant, in case <limits.h> declares sigsetjmp.
|    For example, HP-UX 11i <limits.h> declares gettimeofday.  */
| #define sigsetjmp innocuous_sigsetjmp
| 
| /* System header to define __stub macros and hopefully few prototypes,
|     which can conflict with char sigsetjmp (); below.
|     Prefer <limits.h> to <assert.h> if __STDC__ is defined, since
|     <limits.h> exists even on freestanding compilers.  */
| 
| #ifdef __STDC__
| # include <limits.h>
| #else
| # include <assert.h>
| #endif
| 
| #undef sigsetjmp
| 
| /* Override any GCC internal prototype to avoid an error.
|    Use char because int might match the return type of a GCC
|    builtin and then its argument prototype would still apply.  */
| #ifdef __cplusplus
| extern "C"
| #endif
| char sigsetjmp ();
| /* The GNU C library defines this for functions which it implements
|     to always fail with ENOSYS.  Some functions are actually named
|     something starting with __ and the normal name is an alias.  */
| #if defined __stub_sigsetjmp || defined __stub___sigsetjmp
| choke me
| #endif
| 
| int
| main ()
| {
| return sigsetjmp ();
|   ;
|   return 0;
| }
configure:18655: result: no
configure:18559: checking for siglongjmp
configure:18615: gcc -o conftest    conftest.c -lz -lpthread -lm  >&5
configure:18621: $? = 0
configure:18628: test -z "$ac_c_werror_flag" || test ! -s conftest.err
configure:18631: $? = 0
configure:18638: test -s conftest
configure:18641: $? = 0
configure:18655: result: yes
configure:18559: checking for writev
configure:18615: gcc -o conftest    conftest.c -lz -lpthread -lm  >&5
configure:18621: $? = 0
configure:18628: test -z "$ac_c_werror_flag" || test ! -s conftest.err
configure:18631: $? = 0
configure:18638: test -s conftest
configure:18641: $? = 0
configure:18655: result: yes
configure:18670: checking for futimes
configure:18726: gcc -o conftest    conftest.c -lz -lpthread -lm  >&5
configure:18732: $? = 0
configure:18739: test -z "$ac_c_werror_flag" || test ! -s conftest.err
configure:18742: $? = 0
configure:18749: test -s conftest
configure:18752: $? = 0
configure:18766: result: yes
configure:18670: checking for futimens
configure:18726: gcc -o conftest    conftest.c -lz -lpthread -lm  >&5
configure:18732: $? = 0
configure:18739: test -z "$ac_c_werror_flag" || test ! -s conftest.err
configure:18742: $? = 0
configure:18749: test -s conftest
configure:18752: $? = 0
configure:18766: result: yes
configure:18776: checking if printf has the %a format character
configure:18826: gcc -o conftest    conftest.c -lz -lpthread -lm  >&5
configure:18829: $? = 0
configure:18835: ./conftest
configure:18838: $? = 0
configure:18860: result: yes
configure:18872: checking for srand48/lrand48/drand48 in <stdlib.h>
configure:18905: g++ -c   conftest.cpp >&5
configure:18911: $? = 0
configure:18918: test -z "$ac_cxx_werror_flag" || test ! -s conftest.err
configure:18921: $? = 0
configure:18928: test -s conftest.o
configure:18931: $? = 0
configure:18950: result: yes
configure:18962: checking whether strerror_s is declared
configure:18992: gcc -c   conftest.c >&5
conftest.c: In function 'main':
conftest.c:188:22: error: 'strerror_s' undeclared (first use in this function); did you mean 'strerror_l'?
  188 |   char *p = (char *) strerror_s;
      |                      ^~~~~~~~~~
      |                      strerror_l
conftest.c:188:22: note: each undeclared identifier is reported only once for each function it appears in
configure:18998: $? = 1
configure: failed program was:
| /* confdefs.h.  */
| #define PACKAGE_NAME "LLVM"
| #define PACKAGE_TARNAME "llvm"
| #define PACKAGE_VERSION "3.4"
| #define PACKAGE_STRING "LLVM 3.4"
| #define PACKAGE_BUGREPORT "http://llvm.org/bugs/"
| #define LLVM_VERSION_MAJOR 3
| #define LLVM_VERSION_MINOR 4
| #define LLVM_ON_UNIX 1
| #define STDC_HEADERS 1
| #define HAVE_SYS_TYPES_H 1
| #define HAVE_SYS_STAT_H 1
| #define HAVE_STDLIB_H 1
| #define HAVE_STRING_H 1
| #define HAVE_MEMORY_H 1
| #define HAVE_STRINGS_H 1
| #define HAVE_INTTYPES_H 1
| #define HAVE_STDINT_H 1
| #define HAVE_UNISTD_H 1
| #define LLVM_ENABLE_THREADS 1
| #define LLVM_ENABLE_ZLIB 1
| #define ENABLE_PIC 1
| #define ENABLE_TIMESTAMPS 1
| #define ENABLE_BACKTRACES 1
| #define ENABLE_CRASH_OVERRIDES 1
| #define LLVM_NATIVE_ARCH X86
| #define LLVM_NATIVE_TARGET LLVMInitializeX86Target
| #define LLVM_NATIVE_TARGETINFO LLVMInitializeX86TargetInfo
| #define LLVM_NATIVE_TARGETMC LLVMInitializeX86TargetMC
| #define LLVM_NATIVE_ASMPRINTER LLVMInitializeX86AsmPrinter
| #define LLVM_NATIVE_ASMPARSER LLVMInitializeX86AsmParser
| #define LLVM_NATIVE_DISASSEMBLER LLVMInitializeX86Disassembler
| #define CLANG_RESOURCE_DIR ""
| #define C_INCLUDE_DIRS ""
| #define GCC_INSTALL_PREFIX ""
| #define DEFAULT_SYSROOT ""
| #define BUG_REPORT_URL "http://llvm.org/bugs/"
| #define HOST_LINK_VERSION "2.38"
| #define HAVE_LINK_R 1
| #define HAVE_LINK_EXPORT_DYNAMIC 1
| #define HAVE_DIRENT_H 1
| #define HAVE_DLFCN_H 1
| #define LTDL_SHLIB_EXT ".so"
| #define LTDL_SYSSEARCHPATH "/lib:/usr/lib:/usr/lib/x86_64-linux-gnu/libfakeroot:/usr/lib/wsl/lib:/usr/local/lib:/usr/local/lib/x86_64-linux-gnu:/lib/x86_64-linux-gnu:/usr/lib/x86_64-linux-gnu:/lib32:/usr/lib32:/libx32:/usr/libx32"
| #define LTDL_OBJDIR ".libs/"
| #define HAVE_PRELOADED_SYMBOLS 1
| #define HAVE_LIBDL 1
| #define HAVE_DLERROR 1
| #define HAVE_ARGZ_H 1
| #define HAVE_ERROR_T 1
| #define HAVE_ARGZ_APPEND 1
| #define HAVE_ARGZ_CREATE_SEP 1
| #define HAVE_ARGZ_INSERT 1
| #define HAVE_ARGZ_NEXT 1
| #define HAVE_ARGZ_STRINGIFY 1
| #define HAVE_ERRNO_H 1
| #define HAVE_MALLOC_H 1
| #define HAVE_MEMORY_H 1
| #define HAVE_UNISTD_H 1
| #define HAVE_CLOSEDIR 1
| #define HAVE_OPENDIR 1
| #define HAVE_READDIR 1
| #define HAVE_LIBM 1
| #define HAVE_DLOPEN 1
| #define HAVE_MALLINFO 1
| #define HAVE_LIBPTHREAD 1
| #define HAVE_PTHREAD_MUTEX_LOCK 1
| #define HAVE_PTHREAD_RWLOCK_INIT 1
| #define HAVE_PTHREAD_GETSPECIFIC 1
| #define HAVE_LIBZ 1
| #define USE_UDIS86 0
| #define LLVM_USE_OPROFILE 0
| #define LLVM_USE_INTEL_JITEVENTS 0
| #define HAVE_DIRENT_H 1
| #define HAVE_MMAP_ANONYMOUS 1
| #define HAVE_SYS_WAIT_H 1
| #define TIME_WITH_SYS_TIME 1
| #define HAVE_CXXABI_H 1
| #define HAVE_DLFCN_H 1
| #define HAVE_EXECINFO_H 1
| #define HAVE_FCNTL_H 1
| #define HAVE_INTTYPES_H 1
| #define HAVE_LINK_H 1
| #define HAVE_MALLOC_H 1
| #define HAVE_SETJMP_H 1
| #define HAVE_SIGNAL_H 1
| #define HAVE_STDINT_H 1
| #define HAVE_TERMIOS_H 1
| #define HAVE_UNISTD_H 1
| #define HAVE_UTIME_H 1
| #define HAVE_SYS_MMAN_H 1
| #define HAVE_SYS_PARAM_H 1
| #define HAVE_SYS_RESOURCE_H 1
| #define HAVE_SYS_TIME_H 1
| #define HAVE_SYS_UIO_H 1
| #define HAVE_SYS_IOCTL_H 1
| #define HAVE_FENV_H 1
| #define HAVE_DECL_FE_ALL_EXCEPT 1
| #define HAVE_DECL_FE_INEXACT 1
| #define HAVE_PTHREAD_H 1
| #define HAVE_ZLIB_H 1
| #define HAVE_CRASHREPORTER_INFO 0
| #define RETSIGTYPE void
| #define HAVE_INT64_T 1
| #define HAVE_UINT64_T 1
| #define HAVE_BACKTRACE 1
| #define HAVE_CEILF 1
| #define HAVE_FLOORF 1
| #define HAVE_ROUNDF 1
| #define HAVE_RINTF 1
| #define HAVE_NEARBYINTF 1
| #define HAVE_GETCWD 1
| #define HAVE_POWF 1
| #define HAVE_FMODF 1
| #define HAVE_STRTOF 1
| #define HAVE_ROUND 1
| #define HAVE_LOG 1
| #define HAVE_LOG2 1
| #define HAVE_LOG10 1
| #define HAVE_EXP 1
| #define HAVE_EXP2 1
| #define HAVE_GETPAGESIZE 1
| #define HAVE_GETRUSAGE 1
| #define HAVE_GETRLIMIT 1
| #define HAVE_SETRLIMIT 1
| #define HAVE_GETTIMEOFDAY 1
| #define HAVE_ISATTY 1
| #define HAVE_MKDTEMP 1
| #define HAVE_MKSTEMP 1
| #define HAVE_MKTEMP 1
| #define HAVE_POSIX_SPAWN 1
| #define HAVE_PREAD 1
| #define HAVE_REALPATH 1
| #define HAVE_SBRK 1
| #define HAVE_SETRLIMIT 1
| #define HAVE_STRERROR 1
| #define HAVE_STRERROR_R 1
| #define HAVE_SETENV 1
| #define HAVE_STRTOLL 1
| #define HAVE_STRTOQ 1
| #define HAVE_SYSCONF 1
| #define HAVE_SETJMP 1
| #define HAVE_LONGJMP 1
| #define HAVE_SIGLONGJMP 1
| #define HAVE_WRITEV 1
| #define HAVE_FUTIMES 1
| #define HAVE_FUTIMENS 1
| #define HAVE_PRINTF_A 1
| #define HAVE_RAND48 1
| /* end confdefs.h.  */
| #include <stdio.h>
| #if HAVE_SYS_TYPES_H
| # include <sys/types.h>
| #endif
| #if HAVE_SYS_STAT_H
| # include <sys/stat.h>
| #endif
| #if STDC_HEADERS
| # include <stdlib.h>
| # include <stddef.h>
| #else
| # if HAVE_STDLIB_H
| #  include <stdlib.h>
| # endif
| #endif
| #if HAVE_STRING_H
| # if !STDC_HEADERS && HAVE_MEMORY_H
| #  include <memory.h>
| # endif
| # include <string.h>
| #endif
| #if HAVE_STRINGS_H
| # include <strings.h>
| #endif
| #if HAVE_INTTYPES_H
| # include <inttypes.h>
| #endif
| #if HAVE_STDINT_H
| # include <stdint.h>
| #endif
| #if HAVE_UNISTD_H
| # include <unistd.h>
| #endif
| int
| main ()
| {
| #ifndef strerror_s
|   char *p = (char *) strerror_s;
|   return !p;
| #endif
| 
|   ;
|   return 0;
| }
configure:19030: result: no
configure:20492: checking for isnan in <math.h>
configure:20525: g++ -c   conftest.cpp >&5
configure:20531: $? = 0
configure:20538: test -z "$ac_cxx_werror_flag" || test ! -s conftest.err
configure:20541: $? = 0
configure:20548: test -s conftest.o
configure:20551: $? = 0
configure:20570: result: yes
configure:20583: checking for isnan in <cmath>
configure:20616: g++ -c   conftest.cpp >&5
conftest.cpp: In function 'int main()':
conftest.cpp:157:10: error: 'isnan' was not declared in this scope; did you mean 'std::isnan'?
  157 | float f; isnan(f);
      |          ^~~~~
      |          std::isnan
In file included from conftest.cpp:153:
/usr/include/c++/11/cmath:632:5: note: 'std::isnan' declared here
  632 |     isnan(_Tp __x)
      |     ^~~~~
configure:20622: $? = 1
configure: failed program was:
| /* confdefs.h.  */
| #define PACKAGE_NAME "LLVM"
| #define PACKAGE_TARNAME "llvm"
| #define PACKAGE_VERSION "3.4"
| #define PACKAGE_STRING "LLVM 3.4"
| #define PACKAGE_BUGREPORT "http://llvm.org/bugs/"
| #define LLVM_VERSION_MAJOR 3
| #define LLVM_VERSION_MINOR 4
| #define LLVM_ON_UNIX 1
| #define STDC_HEADERS 1
| #define HAVE_SYS_TYPES_H 1
| #define HAVE_SYS_STAT_H 1
| #define HAVE_STDLIB_H 1
| #define HAVE_STRING_H 1
| #define HAVE_MEMORY_H 1
| #define HAVE_STRINGS_H 1
| #define HAVE_INTTYPES_H 1
| #define HAVE_STDINT_H 1
| #define HAVE_UNISTD_H 1
| #define LLVM_ENABLE_THREADS 1
| #define LLVM_ENABLE_ZLIB 1
| #define ENABLE_PIC 1
| #define ENABLE_TIMESTAMPS 1
| #define ENABLE_BACKTRACES 1
| #define ENABLE_CRASH_OVERRIDES 1
| #define LLVM_NATIVE_ARCH X86
| #define LLVM_NATIVE_TARGET LLVMInitializeX86Target
| #define LLVM_NATIVE_TARGETINFO LLVMInitializeX86TargetInfo
| #define LLVM_NATIVE_TARGETMC LLVMInitializeX86TargetMC
| #define LLVM_NATIVE_ASMPRINTER LLVMInitializeX86AsmPrinter
| #define LLVM_NATIVE_ASMPARSER LLVMInitializeX86AsmParser
| #define LLVM_NATIVE_DISASSEMBLER LLVMInitializeX86Disassembler
| #define CLANG_RESOURCE_DIR ""
| #define C_INCLUDE_DIRS ""
| #define GCC_INSTALL_PREFIX ""
| #define DEFAULT_SYSROOT ""
| #define BUG_REPORT_URL "http://llvm.org/bugs/"
| #define HOST_LINK_VERSION "2.38"
| #define HAVE_LINK_R 1
| #define HAVE_LINK_EXPORT_DYNAMIC 1
| #define HAVE_DIRENT_H 1
| #define HAVE_DLFCN_H 1
| #define LTDL_SHLIB_EXT ".so"
| #define LTDL_SYSSEARCHPATH "/lib:/usr/lib:/usr/lib/x86_64-linux-gnu/libfakeroot:/usr/lib/wsl/lib:/usr/local/lib:/usr/local/lib/x86_64-linux-gnu:/lib/x86_64-linux-gnu:/usr/lib/x86_64-linux-gnu:/lib32:/usr/lib32:/libx32:/usr/libx32"
| #define LTDL_OBJDIR ".libs/"
| #define HAVE_PRELOADED_SYMBOLS 1
| #define HAVE_LIBDL 1
| #define HAVE_DLERROR 1
| #define HAVE_ARGZ_H 1
| #define HAVE_ERROR_T 1
| #define HAVE_ARGZ_APPEND 1
| #define HAVE_ARGZ_CREATE_SEP 1
| #define HAVE_ARGZ_INSERT 1
| #define HAVE_ARGZ_NEXT 1
| #define HAVE_ARGZ_STRINGIFY 1
| #define HAVE_ERRNO_H 1
| #define HAVE_MALLOC_H 1
| #define HAVE_MEMORY_H 1
| #define HAVE_UNISTD_H 1
| #define HAVE_CLOSEDIR 1
| #define HAVE_OPENDIR 1
| #define HAVE_READDIR 1
| #define HAVE_LIBM 1
| #define HAVE_DLOPEN 1
| #define HAVE_MALLINFO 1
| #define HAVE_LIBPTHREAD 1
| #define HAVE_PTHREAD_MUTEX_LOCK 1
| #define HAVE_PTHREAD_RWLOCK_INIT 1
| #define HAVE_PTHREAD_GETSPECIFIC 1
| #define HAVE_LIBZ 1
| #define USE_UDIS86 0
| #define LLVM_USE_OPROFILE 0
| #define LLVM_USE_INTEL_JITEVENTS 0
| #define HAVE_DIRENT_H 1
| #define HAVE_MMAP_ANONYMOUS 1
| #define HAVE_SYS_WAIT_H 1
| #define TIME_WITH_SYS_TIME 1
| #define HAVE_CXXABI_H 1
| #define HAVE_DLFCN_H 1
| #define HAVE_EXECINFO_H 1
| #define HAVE_FCNTL_H 1
| #define HAVE_INTTYPES_H 1
| #define HAVE_LINK_H 1
| #define HAVE_MALLOC_H 1
| #define HAVE_SETJMP_H 1
| #define HAVE_SIGNAL_H 1
| #define HAVE_STDINT_H 1
| #define HAVE_TERMIOS_H 1
| #define HAVE_UNISTD_H 1
| #define HAVE_UTIME_H 1
| #define HAVE_SYS_MMAN_H 1
| #define HAVE_SYS_PARAM_H 1
| #define HAVE_SYS_RESOURCE_H 1
| #define HAVE_SYS_TIME_H 1
| #define HAVE_SYS_UIO_H 1
| #define HAVE_SYS_IOCTL_H 1
| #define HAVE_FENV_H 1
| #define HAVE_DECL_FE_ALL_EXCEPT 1
| #define HAVE_DECL_FE_INEXACT 1
| #define HAVE_PTHREAD_H 1
| #define HAVE_ZLIB_H 1
| #define HAVE_CRASHREPORTER_INFO 0
| #define RETSIGTYPE void
| #define HAVE_INT64_T 1
| #define HAVE_UINT64_T 1
| #define HAVE_BACKTRACE 1
| #define HAVE_CEILF 1
| #define HAVE_FLOORF 1
| #define HAVE_ROUNDF 1
| #define HAVE_RINTF 1
| #define HAVE_NEARBYINTF 1
| #define HAVE_GETCWD 1
| #define HAVE_POWF 1
| #define HAVE_FMODF 1
| #define HAVE_STRTOF 1
| #define HAVE_ROUND 1
| #define HAVE_LOG 1
| #define HAVE_LOG2 1
| #define HAVE_LOG10 1
| #define HAVE_EXP 1
| #define HAVE_EXP2 1
| #define HAVE_GETPAGESIZE 1
| #define HAVE_GETRUSAGE 1
| #define HAVE_GETRLIMIT 1
| #define HAVE_SETRLIMIT 1
| #define HAVE_GETTIMEOFDAY 1
| #define HAVE_ISATTY 1
| #define HAVE_MKDTEMP 1
| #define HAVE_MKSTEMP 1
| #define HAVE_MKTEMP 1
| #define HAVE_POSIX_SPAWN 1
| #define HAVE_PREAD 1
| #define HAVE_REALPATH 1
| #define HAVE_SBRK 1
| #define HAVE_SETRLIMIT 1
| #define HAVE_STRERROR 1
| #define HAVE_STRERROR_R 1
| #define HAVE_SETENV 1
| #define HAVE_STRTOLL 1
| #define HAVE_STRTOQ 1
| #define HAVE_SYSCONF 1
| #define HAVE_SETJMP 1
| #define HAVE_LONGJMP 1
| #define HAVE_SIGLONGJMP 1
| #define HAVE_WRITEV 1
| #define HAVE_FUTIMES 1
| #define HAVE_FUTIMENS 1
| #define HAVE_PRINTF_A 1
| #define HAVE_RAND48 1
| #define HAVE_DECL_STRERROR_S 0
| #define HAVE_ISNAN_IN_MATH_H 1
| /* end confdefs.h.  */
| #include <cmath>
| int
| main ()
| {
| float f; isnan(f);
|   ;
|   return 0;
| }
configure:20661: result: no
configure:20673: checking for std::isnan in <cmath>
configure:20706: g++ -c   conftest.cpp >&5
configure:20712: $? = 0
configure:20719: test -z "$ac_cxx_werror_flag" || test ! -s conftest.err
configure:20722: $? = 0
configure:20729: test -s conftest.o
configure:20732: $? = 0
configure:20751: result: yes
configure:20765: checking for isinf in <math.h>
configure:20798: g++ -c   conftest.cpp >&5
configure:20804: $? = 0
configure:20811: test -z "$ac_cxx_werror_flag" || test ! -s conftest.err
configure:20814: $? = 0
configure:20821: test -s conftest.o
configure:20824: $? = 0
configure:20843: result: yes
configure:20855: checking for isinf in <cmath>
configure:20888: g++ -c   conftest.cpp >&5
conftest.cpp: In function 'int main()':
conftest.cpp:159:10: error: 'isinf' was not declared in this scope; did you mean 'std::isinf'?
  159 | float f; isinf(f);
      |          ^~~~~
      |          std::isinf
In file included from conftest.cpp:155:
/usr/include/c++/11/cmath:605:5: note: 'std::isinf' declared here
  605 |     isinf(_Tp __x)
      |     ^~~~~
configure:20894: $? = 1
configure: failed program was:
| /* confdefs.h.  */
| #define PACKAGE_NAME "LLVM"
| #define PACKAGE_TARNAME "llvm"
| #define PACKAGE_VERSION "3.4"
| #define PACKAGE_STRING "LLVM 3.4"
| #define PACKAGE_BUGREPORT "http://llvm.org/bugs/"
| #define LLVM_VERSION_MAJOR 3
| #define LLVM_VERSION_MINOR 4
| #define LLVM_ON_UNIX 1
| #define STDC_HEADERS 1
| #define HAVE_SYS_TYPES_H 1
| #define HAVE_SYS_STAT_H 1
| #define HAVE_STDLIB_H 1
| #define HAVE_STRING_H 1
| #define HAVE_MEMORY_H 1
| #define HAVE_STRINGS_H 1
| #define HAVE_INTTYPES_H 1
| #define HAVE_STDINT_H 1
| #define HAVE_UNISTD_H 1
| #define LLVM_ENABLE_THREADS 1
| #define LLVM_ENABLE_ZLIB 1
| #define ENABLE_PIC 1
| #define ENABLE_TIMESTAMPS 1
| #define ENABLE_BACKTRACES 1
| #define ENABLE_CRASH_OVERRIDES 1
| #define LLVM_NATIVE_ARCH X86
| #define LLVM_NATIVE_TARGET LLVMInitializeX86Target
| #define LLVM_NATIVE_TARGETINFO LLVMInitializeX86TargetInfo
| #define LLVM_NATIVE_TARGETMC LLVMInitializeX86TargetMC
| #define LLVM_NATIVE_ASMPRINTER LLVMInitializeX86AsmPrinter
| #define LLVM_NATIVE_ASMPARSER LLVMInitializeX86AsmParser
| #define LLVM_NATIVE_DISASSEMBLER LLVMInitializeX86Disassembler
| #define CLANG_RESOURCE_DIR ""
| #define C_INCLUDE_DIRS ""
| #define GCC_INSTALL_PREFIX ""
| #define DEFAULT_SYSROOT ""
| #define BUG_REPORT_URL "http://llvm.org/bugs/"
| #define HOST_LINK_VERSION "2.38"
| #define HAVE_LINK_R 1
| #define HAVE_LINK_EXPORT_DYNAMIC 1
| #define HAVE_DIRENT_H 1
| #define HAVE_DLFCN_H 1
| #define LTDL_SHLIB_EXT ".so"
| #define LTDL_SYSSEARCHPATH "/lib:/usr/lib:/usr/lib/x86_64-linux-gnu/libfakeroot:/usr/lib/wsl/lib:/usr/local/lib:/usr/local/lib/x86_64-linux-gnu:/lib/x86_64-linux-gnu:/usr/lib/x86_64-linux-gnu:/lib32:/usr/lib32:/libx32:/usr/libx32"
| #define LTDL_OBJDIR ".libs/"
| #define HAVE_PRELOADED_SYMBOLS 1
| #define HAVE_LIBDL 1
| #define HAVE_DLERROR 1
| #define HAVE_ARGZ_H 1
| #define HAVE_ERROR_T 1
| #define HAVE_ARGZ_APPEND 1
| #define HAVE_ARGZ_CREATE_SEP 1
| #define HAVE_ARGZ_INSERT 1
| #define HAVE_ARGZ_NEXT 1
| #define HAVE_ARGZ_STRINGIFY 1
| #define HAVE_ERRNO_H 1
| #define HAVE_MALLOC_H 1
| #define HAVE_MEMORY_H 1
| #define HAVE_UNISTD_H 1
| #define HAVE_CLOSEDIR 1
| #define HAVE_OPENDIR 1
| #define HAVE_READDIR 1
| #define HAVE_LIBM 1
| #define HAVE_DLOPEN 1
| #define HAVE_MALLINFO 1
| #define HAVE_LIBPTHREAD 1
| #define HAVE_PTHREAD_MUTEX_LOCK 1
| #define HAVE_PTHREAD_RWLOCK_INIT 1
| #define HAVE_PTHREAD_GETSPECIFIC 1
| #define HAVE_LIBZ 1
| #define USE_UDIS86 0
| #define LLVM_USE_OPROFILE 0
| #define LLVM_USE_INTEL_JITEVENTS 0
| #define HAVE_DIRENT_H 1
| #define HAVE_MMAP_ANONYMOUS 1
| #define HAVE_SYS_WAIT_H 1
| #define TIME_WITH_SYS_TIME 1
| #define HAVE_CXXABI_H 1
| #define HAVE_DLFCN_H 1
| #define HAVE_EXECINFO_H 1
| #define HAVE_FCNTL_H 1
| #define HAVE_INTTYPES_H 1
| #define HAVE_LINK_H 1
| #define HAVE_MALLOC_H 1
| #define HAVE_SETJMP_H 1
| #define HAVE_SIGNAL_H 1
| #define HAVE_STDINT_H 1
| #define HAVE_TERMIOS_H 1
| #define HAVE_UNISTD_H 1
| #define HAVE_UTIME_H 1
| #define HAVE_SYS_MMAN_H 1
| #define HAVE_SYS_PARAM_H 1
| #define HAVE_SYS_RESOURCE_H 1
| #define HAVE_SYS_TIME_H 1
| #define HAVE_SYS_UIO_H 1
| #define HAVE_SYS_IOCTL_H 1
| #define HAVE_FENV_H 1
| #define HAVE_DECL_FE_ALL_EXCEPT 1
| #define HAVE_DECL_FE_INEXACT 1
| #define HAVE_PTHREAD_H 1
| #define HAVE_ZLIB_H 1
| #define HAVE_CRASHREPORTER_INFO 0
| #define RETSIGTYPE void
| #define HAVE_INT64_T 1
| #define HAVE_UINT64_T 1
| #define HAVE_BACKTRACE 1
| #define HAVE_CEILF 1
| #define HAVE_FLOORF 1
| #define HAVE_ROUNDF 1
| #define HAVE_RINTF 1
| #define HAVE_NEARBYINTF 1
| #define HAVE_GETCWD 1
| #define HAVE_POWF 1
| #define HAVE_FMODF 1
| #define HAVE_STRTOF 1
| #define HAVE_ROUND 1
| #define HAVE_LOG 1
| #define HAVE_LOG2 1
| #define HAVE_LOG10 1
| #define HAVE_EXP 1
| #define HAVE_EXP2 1
| #define HAVE_GETPAGESIZE 1
| #define HAVE_GETRUSAGE 1
| #define HAVE_GETRLIMIT 1
| #define HAVE_SETRLIMIT 1
| #define HAVE_GETTIMEOFDAY 1
| #define HAVE_ISATTY 1
| #define HAVE_MKDTEMP 1
| #define HAVE_MKSTEMP 1
| #define HAVE_MKTEMP 1
| #define HAVE_POSIX_SPAWN 1
| #define HAVE_PREAD 1
| #define HAVE_REALPATH 1
| #define HAVE_SBRK 1
| #define HAVE_SETRLIMIT 1
| #define HAVE_STRERROR 1
| #define HAVE_STRERROR_R 1
| #define HAVE_SETENV 1
| #define HAVE_STRTOLL 1
| #define HAVE_STRTOQ 1
| #define HAVE_SYSCONF 1
| #define HAVE_SETJMP 1
| #define HAVE_LONGJMP 1
| #define HAVE_SIGLONGJMP 1
| #define HAVE_WRITEV 1
| #define HAVE_FUTIMES 1
| #define HAVE_FUTIMENS 1
| #define HAVE_PRINTF_A 1
| #define HAVE_RAND48 1
| #define HAVE_DECL_STRERROR_S 0
| #define HAVE_ISNAN_IN_MATH_H 1
| #define HAVE_STD_ISNAN_IN_CMATH 1
| #define HAVE_ISINF_IN_MATH_H 1
| /* end confdefs.h.  */
| #include <cmath>
| int
| main ()
| {
| float f; isinf(f);
|   ;
|   return 0;
| }
configure:20933: result: no
configure:20945: checking for std::isinf in <cmath>
configure:20978: g++ -c   conftest.cpp >&5
configure:20984: $? = 0
configure:20991: test -z "$ac_cxx_werror_flag" || test ! -s conftest.err
configure:20994: $? = 0
configure:21001: test -s conftest.o
configure:21004: $? = 0
configure:21023: result: yes
configure:21035: checking for finite in <ieeefp.h>
configure:21068: g++ -c   conftest.cpp >&5
conftest.cpp:156:10: fatal error: ieeefp.h: No such file or directory
  156 | #include <ieeefp.h>
      |          ^~~~~~~~~~
compilation terminated.
configure:21074: $? = 1
configure: failed program was:
| /* confdefs.h.  */
| #define PACKAGE_NAME "LLVM"
| #define PACKAGE_TARNAME "llvm"
| #define PACKAGE_VERSION "3.4"
| #define PACKAGE_STRING "LLVM 3.4"
| #define PACKAGE_BUGREPORT "http://llvm.org/bugs/"
| #define LLVM_VERSION_MAJOR 3
| #define LLVM_VERSION_MINOR 4
| #define LLVM_ON_UNIX 1
| #define STDC_HEADERS 1
| #define HAVE_SYS_TYPES_H 1
| #define HAVE_SYS_STAT_H 1
| #define HAVE_STDLIB_H 1
| #define HAVE_STRING_H 1
| #define HAVE_MEMORY_H 1
| #define HAVE_STRINGS_H 1
| #define HAVE_INTTYPES_H 1
| #define HAVE_STDINT_H 1
| #define HAVE_UNISTD_H 1
| #define LLVM_ENABLE_THREADS 1
| #define LLVM_ENABLE_ZLIB 1
| #define ENABLE_PIC 1
| #define ENABLE_TIMESTAMPS 1
| #define ENABLE_BACKTRACES 1
| #define ENABLE_CRASH_OVERRIDES 1
| #define LLVM_NATIVE_ARCH X86
| #define LLVM_NATIVE_TARGET LLVMInitializeX86Target
| #define LLVM_NATIVE_TARGETINFO LLVMInitializeX86TargetInfo
| #define LLVM_NATIVE_TARGETMC LLVMInitializeX86TargetMC
| #define LLVM_NATIVE_ASMPRINTER LLVMInitializeX86AsmPrinter
| #define LLVM_NATIVE_ASMPARSER LLVMInitializeX86AsmParser
| #define LLVM_NATIVE_DISASSEMBLER LLVMInitializeX86Disassembler
| #define CLANG_RESOURCE_DIR ""
| #define C_INCLUDE_DIRS ""
| #define GCC_INSTALL_PREFIX ""
| #define DEFAULT_SYSROOT ""
| #define BUG_REPORT_URL "http://llvm.org/bugs/"
| #define HOST_LINK_VERSION "2.38"
| #define HAVE_LINK_R 1
| #define HAVE_LINK_EXPORT_DYNAMIC 1
| #define HAVE_DIRENT_H 1
| #define HAVE_DLFCN_H 1
| #define LTDL_SHLIB_EXT ".so"
| #define LTDL_SYSSEARCHPATH "/lib:/usr/lib:/usr/lib/x86_64-linux-gnu/libfakeroot:/usr/lib/wsl/lib:/usr/local/lib:/usr/local/lib/x86_64-linux-gnu:/lib/x86_64-linux-gnu:/usr/lib/x86_64-linux-gnu:/lib32:/usr/lib32:/libx32:/usr/libx32"
| #define LTDL_OBJDIR ".libs/"
| #define HAVE_PRELOADED_SYMBOLS 1
| #define HAVE_LIBDL 1
| #define HAVE_DLERROR 1
| #define HAVE_ARGZ_H 1
| #define HAVE_ERROR_T 1
| #define HAVE_ARGZ_APPEND 1
| #define HAVE_ARGZ_CREATE_SEP 1
| #define HAVE_ARGZ_INSERT 1
| #define HAVE_ARGZ_NEXT 1
| #define HAVE_ARGZ_STRINGIFY 1
| #define HAVE_ERRNO_H 1
| #define HAVE_MALLOC_H 1
| #define HAVE_MEMORY_H 1
| #define HAVE_UNISTD_H 1
| #define HAVE_CLOSEDIR 1
| #define HAVE_OPENDIR 1
| #define HAVE_READDIR 1
| #define HAVE_LIBM 1
| #define HAVE_DLOPEN 1
| #define HAVE_MALLINFO 1
| #define HAVE_LIBPTHREAD 1
| #define HAVE_PTHREAD_MUTEX_LOCK 1
| #define HAVE_PTHREAD_RWLOCK_INIT 1
| #define HAVE_PTHREAD_GETSPECIFIC 1
| #define HAVE_LIBZ 1
| #define USE_UDIS86 0
| #define LLVM_USE_OPROFILE 0
| #define LLVM_USE_INTEL_JITEVENTS 0
| #define HAVE_DIRENT_H 1
| #define HAVE_MMAP_ANONYMOUS 1
| #define HAVE_SYS_WAIT_H 1
| #define TIME_WITH_SYS_TIME 1
| #define HAVE_CXXABI_H 1
| #define HAVE_DLFCN_H 1
| #define HAVE_EXECINFO_H 1
| #define HAVE_FCNTL_H 1
| #define HAVE_INTTYPES_H 1
| #define HAVE_LINK_H 1
| #define HAVE_MALLOC_H 1
| #define HAVE_SETJMP_H 1
| #define HAVE_SIGNAL_H 1
| #define HAVE_STDINT_H 1
| #define HAVE_TERMIOS_H 1
| #define HAVE_UNISTD_H 1
| #define HAVE_UTIME_H 1
| #define HAVE_SYS_MMAN_H 1
| #define HAVE_SYS_PARAM_H 1
| #define HAVE_SYS_RESOURCE_H 1
| #define HAVE_SYS_TIME_H 1
| #define HAVE_SYS_UIO_H 1
| #define HAVE_SYS_IOCTL_H 1
| #define HAVE_FENV_H 1
| #define HAVE_DECL_FE_ALL_EXCEPT 1
| #define HAVE_DECL_FE_INEXACT 1
| #define HAVE_PTHREAD_H 1
| #define HAVE_ZLIB_H 1
| #define HAVE_CRASHREPORTER_INFO 0
| #define RETSIGTYPE void
| #define HAVE_INT64_T 1
| #define HAVE_UINT64_T 1
| #define HAVE_BACKTRACE 1
| #define HAVE_CEILF 1
| #define HAVE_FLOORF 1
| #define HAVE_ROUNDF 1
| #define HAVE_RINTF 1
| #define HAVE_NEARBYINTF 1
| #define HAVE_GETCWD 1
| #define HAVE_POWF 1
| #define HAVE_FMODF 1
| #define HAVE_STRTOF 1
| #define HAVE_ROUND 1
| #define HAVE_LOG 1
| #define HAVE_LOG2 1
| #define HAVE_LOG10 1
| #define HAVE_EXP 1
| #define HAVE_EXP2 1
| #define HAVE_GETPAGESIZE 1
| #define HAVE_GETRUSAGE 1
| #define HAVE_GETRLIMIT 1
| #define HAVE_SETRLIMIT 1
| #define HAVE_GETTIMEOFDAY 1
| #define HAVE_ISATTY 1
| #define HAVE_MKDTEMP 1
| #define HAVE_MKSTEMP 1
| #define HAVE_MKTEMP 1
| #define HAVE_POSIX_SPAWN 1
| #define HAVE_PREAD 1
| #define HAVE_REALPATH 1
| #define HAVE_SBRK 1
| #define HAVE_SETRLIMIT 1
| #define HAVE_STRERROR 1
| #define HAVE_STRERROR_R 1
| #define HAVE_SETENV 1
| #define HAVE_STRTOLL 1
| #define HAVE_STRTOQ 1
| #define HAVE_SYSCONF 1
| #define HAVE_SETJMP 1
| #define HAVE_LONGJMP 1
| #define HAVE_SIGLONGJMP 1
| #define HAVE_WRITEV 1
| #define HAVE_FUTIMES 1
| #define HAVE_FUTIMENS 1
| #define HAVE_PRINTF_A 1
| #define HAVE_RAND48 1
| #define HAVE_DECL_STRERROR_S 0
| #define HAVE_ISNAN_IN_MATH_H 1
| #define HAVE_STD_ISNAN_IN_CMATH 1
| #define HAVE_ISINF_IN_MATH_H 1
| #define HAVE_STD_ISINF_IN_CMATH 1
| /* end confdefs.h.  */
| #include <ieeefp.h>
| int
| main ()
| {
| float f; finite(f);
|   ;
|   return 0;
| }
configure:21113: result: no
configure:21133: checking for stdlib.h
configure:21139: result: yes
configure:21133: checking for unistd.h
configure:21139: result: yes
configure:21301: checking for getpagesize
configure:21397: result: yes
configure:21407: checking for working mmap
configure:21554: gcc -o conftest    conftest.c -lz -lpthread -lm  >&5
configure:21557: $? = 0
configure:21563: ./conftest
configure:21566: $? = 0
configure:21582: result: yes
configure:21593: checking for mmap of files
configure:21638: gcc -o conftest    conftest.c -lz -lpthread -lm  >&5
conftest.c: In function 'main':
conftest.c:172:8: warning: cast from pointer to integer of different size [-Wpointer-to-int-cast]
  172 |   fd = (int) mmap (0, 1, PROT_READ, MAP_SHARED, fd, 0);
      |        ^
conftest.c:173:3: warning: implicit declaration of function 'unlink' [-Wimplicit-function-declaration]
  173 |   unlink ("foo");
      |   ^~~~~~
conftest.c:174:17: warning: cast from pointer to integer of different size [-Wpointer-to-int-cast]
  174 |   return (fd != (int) MAP_FAILED);
      |                 ^
configure:21641: $? = 0
configure:21647: ./conftest
configure:21650: $? = 0
configure:21673: result: yes
configure:21685: checking if /dev/zero is needed for mmap
configure:21697: result: no
configure:21719: checking for GCC atomic builtins
configure:21752: g++ -o conftest    conftest.cpp -lz -lpthread -lm  >&5
configure:21758: $? = 0
configure:21765: test -z "$ac_cxx_werror_flag" || test ! -s conftest.err
configure:21768: $? = 0
configure:21775: test -s conftest
configure:21778: $? = 0
configure:21781: result: yes
configure:21817: checking for 32-bit userspace on 64-bit system
configure:21852: gcc -c   conftest.c >&5
configure:21858: $? = 0
configure:21865: test -z "$ac_c_werror_flag" || test ! -s conftest.err
configure:21868: $? = 0
configure:21875: test -s conftest.o
configure:21878: $? = 0
configure:21897: result: no
configure:21910: checking for __dso_handle
configure:21966: gcc -o conftest    conftest.c -lz -lpthread -lm  >&5
configure:21972: $? = 0
configure:21979: test -z "$ac_c_werror_flag" || test ! -s conftest.err
configure:21982: $? = 0
configure:21989: test -s conftest
configure:21992: $? = 0
configure:22006: result: yes
configure:22160: checking for compiler -fvisibility-inlines-hidden option
configure:22194: g++ -c  -O0 -fvisibility-inlines-hidden -Werror  conftest.cpp >&5
configure:22200: $? = 0
configure:22207: test -z "$ac_cxx_werror_flag" || test ! -s conftest.err
configure:22210: $? = 0
configure:22217: test -s conftest.o
configure:22220: $? = 0
configure:22240: result: yes
configure:22457: creating ./config.status

## ---------------------- ##
## Running config.status. ##
## ---------------------- ##

This file was extended by LLVM config.status 3.4, which was
generated by GNU Autoconf 2.60.  Invocation command line was

  CONFIG_FILES    = 
  CONFIG_HEADERS  = 
  CONFIG_LINKS    = 
  CONFIG_COMMANDS = 
  $ ./config.status 

on rkddngpr

config.status:770: creating include/llvm/Config/Targets.def
config.status:770: creating include/llvm/Config/AsmPrinters.def
config.status:770: creating include/llvm/Config/AsmParsers.def
config.status:770: creating include/llvm/Config/Disassemblers.def
config.status:770: creating Makefile.config
config.status:770: creating llvm.spec
config.status:770: creating docs/doxygen.cfg
config.status:770: creating tools/clang/docs/doxygen.cfg
config.status:770: creating bindings/ocaml/llvm/META.llvm
config.status:770: creating include/llvm/Config/config.h
config.status:770: creating include/llvm/Config/llvm-config.h
config.status:770: creating include/llvm/Support/DataTypes.h
config.status:770: creating tools/clang/include/clang/Config/config.h
config.status:1181: executing setup commands
config.status:1181: executing Makefile commands
config.status:1181: executing Makefile.common commands
config.status:1181: executing examples/Makefile commands
config.status:1181: executing lib/Makefile commands
config.status:1181: executing test/Makefile commands
config.status:1181: executing test/Makefile.tests commands
config.status:1181: executing unittests/Makefile commands
config.status:1181: executing tools/Makefile commands
config.status:1181: executing utils/Makefile commands
config.status:1181: executing projects/Makefile commands
config.status:1181: executing bindings/Makefile commands
config.status:1181: executing bindings/ocaml/Makefile.ocaml commands
configure:23795: === configuring in projects/sample (/home/rkddngpr/Catamaran_artifact_issta23/softboundcets-34/softboundcets-llvm-clang34/projects/sample)
configure:23898: running /bin/bash ./configure --prefix=/usr/local  '--enable-assertions' '--enable-optimized' --cache-file=/dev/null --srcdir=.

## ---------------- ##
## Cache variables. ##
## ---------------- ##

ac_cv_build=x86_64-unknown-linux-gnu
ac_cv_c_bigendian=no
ac_cv_c_compiler_gnu=yes
ac_cv_c_const=yes
ac_cv_cxx_compiler_gnu=yes
ac_cv_env_CCC_set=
ac_cv_env_CCC_value=
ac_cv_env_CC_set=
ac_cv_env_CC_value=
ac_cv_env_CFLAGS_set=
ac_cv_env_CFLAGS_value=
ac_cv_env_CPPFLAGS_set=
ac_cv_env_CPPFLAGS_value=
ac_cv_env_CPP_set=
ac_cv_env_CPP_value=
ac_cv_env_CXXCPP_set=
ac_cv_env_CXXCPP_value=
ac_cv_env_CXXFLAGS_set=
ac_cv_env_CXXFLAGS_value=
ac_cv_env_CXX_set=
ac_cv_env_CXX_value=
ac_cv_env_LDFLAGS_set=
ac_cv_env_LDFLAGS_value=
ac_cv_env_build_alias_set=
ac_cv_env_build_alias_value=
ac_cv_env_host_alias_set=
ac_cv_env_host_alias_value=
ac_cv_env_target_alias_set=
ac_cv_env_target_alias_value=
ac_cv_func___dso_handle=yes
ac_cv_func_arc4random=no
ac_cv_func_argz_append=yes
ac_cv_func_argz_create_sep=yes
ac_cv_func_argz_insert=yes
ac_cv_func_argz_next=yes
ac_cv_func_argz_stringify=yes
ac_cv_func_backtrace=yes
ac_cv_func_ceilf=yes
ac_cv_func_closedir=yes
ac_cv_func_dlerror=yes
ac_cv_func_exp2=yes
ac_cv_func_exp=yes
ac_cv_func_finite_in_ieeefp_h=no
ac_cv_func_floorf=yes
ac_cv_func_fmodf=yes
ac_cv_func_futimens=yes
ac_cv_func_futimes=yes
ac_cv_func_getcwd=yes
ac_cv_func_getpagesize=yes
ac_cv_func_getrlimit=yes
ac_cv_func_getrusage=yes
ac_cv_func_gettimeofday=yes
ac_cv_func_isatty=yes
ac_cv_func_isinf_in_cmath=no
ac_cv_func_isinf_in_math_h=yes
ac_cv_func_isnan_in_cmath=no
ac_cv_func_isnan_in_math_h=yes
ac_cv_func_log10=yes
ac_cv_func_log2=yes
ac_cv_func_log=yes
ac_cv_func_longjmp=yes
ac_cv_func_malloc_zone_statistics=no
ac_cv_func_mkdtemp=yes
ac_cv_func_mkstemp=yes
ac_cv_func_mktemp=yes
ac_cv_func_mmap_file=yes
ac_cv_func_mmap_fixed_mapped=yes
ac_cv_func_nearbyintf=yes
ac_cv_func_opendir=yes
ac_cv_func_posix_spawn=yes
ac_cv_func_powf=yes
ac_cv_func_pread=yes
ac_cv_func_rand48=yes
ac_cv_func_readdir=yes
ac_cv_func_realpath=yes
ac_cv_func_rintf=yes
ac_cv_func_round=yes
ac_cv_func_roundf=yes
ac_cv_func_sbrk=yes
ac_cv_func_setenv=yes
ac_cv_func_setjmp=yes
ac_cv_func_setrlimit=yes
ac_cv_func_shl_load=no
ac_cv_func_siglongjmp=yes
ac_cv_func_sigsetjmp=no
ac_cv_func_std_isinf_in_cmath=yes
ac_cv_func_std_isnan_in_cmath=yes
ac_cv_func_strerror=yes
ac_cv_func_strerror_r=yes
ac_cv_func_strtof=yes
ac_cv_func_strtoll=yes
ac_cv_func_strtoq=yes
ac_cv_func_sysconf=yes
ac_cv_func_writev=yes
ac_cv_have_decl_FE_ALL_EXCEPT=yes
ac_cv_have_decl_FE_INEXACT=yes
ac_cv_have_decl_strerror_s=no
ac_cv_header_CrashReporterClient_h=no
ac_cv_header_argz_h=yes
ac_cv_header_cxxabi_h=yes
ac_cv_header_dirent_dirent_h=yes
ac_cv_header_dlfcn_h=yes
ac_cv_header_errno_h=yes
ac_cv_header_execinfo_h=yes
ac_cv_header_fcntl_h=yes
ac_cv_header_fenv_h=yes
ac_cv_header_inttypes_h=yes
ac_cv_header_link_h=yes
ac_cv_header_mach_mach_h=no
ac_cv_header_mach_o_dyld_h=no
ac_cv_header_malloc_h=yes
ac_cv_header_malloc_malloc_h=no
ac_cv_header_memory_h=yes
ac_cv_header_mmap_anon=yes
ac_cv_header_pthread_h=yes
ac_cv_header_setjmp_h=yes
ac_cv_header_signal_h=yes
ac_cv_header_stat_broken=no
ac_cv_header_stdc=yes
ac_cv_header_stdint_h=yes
ac_cv_header_stdlib_h=yes
ac_cv_header_string_h=yes
ac_cv_header_strings_h=yes
ac_cv_header_sys_ioctl_h=yes
ac_cv_header_sys_mman_h=yes
ac_cv_header_sys_param_h=yes
ac_cv_header_sys_resource_h=yes
ac_cv_header_sys_stat_h=yes
ac_cv_header_sys_time_h=yes
ac_cv_header_sys_types_h=yes
ac_cv_header_sys_uio_h=yes
ac_cv_header_sys_wait_h=yes
ac_cv_header_termios_h=yes
ac_cv_header_time=yes
ac_cv_header_unistd_h=yes
ac_cv_header_utime_h=yes
ac_cv_header_valgrind_valgrind_h=no
ac_cv_header_zlib_h=yes
ac_cv_host=x86_64-unknown-linux-gnu
ac_cv_huge_val_sanity=yes
ac_cv_lib_dl_dlopen=yes
ac_cv_lib_dld_shl_load=no
ac_cv_lib_m_sin=yes
ac_cv_lib_pthread_pthread_mutex_init=yes
ac_cv_lib_z_compress2=yes
ac_cv_need_dev_zero_for_mmap=no
ac_cv_objext=o
ac_cv_path_BINPWD=/usr/bin/pwd
ac_cv_path_BZIP2=/usr/bin/bzip2
ac_cv_path_CAT=/usr/bin/cat
ac_cv_path_CIRCO='echo circo'
ac_cv_path_CMP=/usr/bin/cmp
ac_cv_path_CP=/usr/bin/cp
ac_cv_path_DATE=/usr/bin/date
ac_cv_path_DOT='echo dot'
ac_cv_path_DOTTY='echo dotty'
ac_cv_path_EGREP='/usr/bin/grep -E'
ac_cv_path_FDP='echo fdp'
ac_cv_path_FIND=/usr/bin/find
ac_cv_path_GAS=/usr/bin/as
ac_cv_path_GRAPHVIZ='echo Graphviz'
ac_cv_path_GREP=/usr/bin/grep
ac_cv_path_GROFF=/usr/bin/groff
ac_cv_path_GZIPBIN=/usr/bin/gzip
ac_cv_path_MKDIR=/usr/bin/mkdir
ac_cv_path_MV=/usr/bin/mv
ac_cv_path_NEATO='echo neato'
ac_cv_path_RM=/usr/bin/rm
ac_cv_path_SED=/usr/bin/sed
ac_cv_path_TAR=/usr/bin/tar
ac_cv_path_TWOPI='echo twopi'
ac_cv_path_install='/usr/bin/install -c'
ac_cv_prog_CPP='gcc -E'
ac_cv_prog_CXXCPP='g++ -E'
ac_cv_prog_ac_ct_AR=ar
ac_cv_prog_ac_ct_CC=gcc
ac_cv_prog_ac_ct_CXX=g++
ac_cv_prog_ac_ct_RANLIB=ranlib
ac_cv_prog_cc_c89=
ac_cv_prog_cc_g=yes
ac_cv_prog_cxx_g=yes
ac_cv_search_clock_gettime='none required'
ac_cv_search_dlopen='none required'
ac_cv_search_mallinfo='none required'
ac_cv_search_opendir='none required'
ac_cv_search_pthread_getspecific='none required'
ac_cv_search_pthread_mutex_lock='none required'
ac_cv_search_pthread_rwlock_init='none required'
ac_cv_search_setupterm=no
ac_cv_struct_tm=time.h
ac_cv_sys_symbol_underscore=no
ac_cv_target=x86_64-unknown-linux-gnu
ac_cv_type_error_t=yes
ac_cv_type_int64_t=yes
ac_cv_type_pid_t=yes
ac_cv_type_size_t=yes
ac_cv_type_uint64_t=yes
libltdl_cv_lib_dl_dlopen=yes
libltdl_cv_objdir=.libs
libltdl_cv_preloaded_symbols=yes
libltdl_cv_shlibext=.so
libltdl_cv_sys_dlopen_deplibs=yes
libltdl_cv_sys_search_path='/lib /usr/lib /usr/lib/x86_64-linux-gnu/libfakeroot /usr/lib/wsl/lib /usr/local/lib /usr/local/lib/x86_64-linux-gnu /lib/x86_64-linux-gnu /usr/lib/x86_64-linux-gnu /lib32 /usr/lib32 /libx32 /usr/libx32 '
llvm_cv_c_printf_a=yes
llvm_cv_cxx_visibility_inlines_hidden=yes
llvm_cv_enable_backtraces=yes
llvm_cv_enable_crash_overrides=yes
llvm_cv_enable_libffi=no
llvm_cv_enable_terminfo=yes
llvm_cv_gnu_make_command=make
llvm_cv_link_all_option=-Wl,--whole-archive
llvm_cv_link_use_export_dynamic=yes
llvm_cv_link_use_r=yes
llvm_cv_link_use_version_script=yes
llvm_cv_link_version=2.38
llvm_cv_linux_mixed=no
llvm_cv_no_link_all_option=-Wl,--no-whole-archive
llvm_cv_os_type=Linux
llvm_cv_platform_type=Unix
llvm_cv_target_arch=x86_64
llvm_cv_target_os_type=Linux
lt_cv_path_NM='/usr/bin/nm -B'
lt_cv_sys_global_symbol_pipe='sed -n -e '\''s/^.*[ 	]\([ABCDGIRSTW][ABCDGIRSTW]*\)[ 	][ 	]*\([_A-Za-z][_A-Za-z0-9]*\)$/\1 \2 \2/p'\'''
lt_cv_sys_global_symbol_to_c_name_address='sed -n -e '\''s/^: \([^ ]*\) $/  {\"\1\", (lt_ptr) 0},/p'\'' -e '\''s/^[BCDEGRST] \([^ ]*\) \([^ ]*\)$/  {"\2", (lt_ptr) \&\2},/p'\'''
lt_cv_sys_global_symbol_to_cdecl='sed -n -e '\''s/^. .* \(.*\)$/extern int \1;/p'\'''

## ----------------- ##
## Output variables. ##
## ----------------- ##

ALL_BINDINGS='ocaml'
AR='ar'
ARCH='x86_64'
BINDINGS_TO_BUILD=''
BINPWD='/usr/bin/pwd'
BINUTILS_INCDIR=''
BUILD_CC=''
BUILD_CXX=''
BUILD_EXEEXT=''
BZIP2='/usr/bin/bzip2'
CAT='/usr/bin/cat'
CC='gcc'
CFLAGS=''
CIRCO='echo circo'
CLANG_SRC_ROOT=''
CMP='/usr/bin/cmp'
CONVENIENCE_LTDL_FALSE=''
CONVENIENCE_LTDL_TRUE='#'
COVERED_SWITCH_DEFAULT=''
CP='/usr/bin/cp'
CPP='gcc -E'
CPPFLAGS=''
CVSBUILD='CVSBUILD=1'
CXX='g++'
CXXCPP='g++ -E'
CXXFLAGS=''
DATE='/usr/bin/date'
DEBUG_RUNTIME=''
DEBUG_SYMBOLS=''
DEFS='-DHAVE_CONFIG_H'
DISABLE_ASSERTIONS=''
DOT='echo dot'
DOTTY='echo dotty'
DOXYGEN=''
ECHO_C=''
ECHO_N='-n'
ECHO_T=''
EGREP='/usr/bin/grep -E'
ENABLE_CLANG_ARCMT='1'
ENABLE_CLANG_REWRITER='1'
ENABLE_CLANG_STATIC_ANALYZER='1'
ENABLE_CXX11='0'
ENABLE_DOCS='1'
ENABLE_DOXYGEN='0'
ENABLE_EMBED_STDCXX='0'
ENABLE_EXPENSIVE_CHECKS=''
ENABLE_LIBCPP='0'
ENABLE_OPTIMIZED='ENABLE_OPTIMIZED=1'
ENABLE_PIC='1'
ENABLE_POLLY='1'
ENABLE_PROFILING=''
ENABLE_PTHREADS='1'
ENABLE_SHARED='0'
ENABLE_SPLIT_DWARF='0'
ENABLE_TIMESTAMPS='1'
ENABLE_VISIBILITY_INLINES_HIDDEN='1'
ENABLE_WERROR='0'
ENDIAN='little'
EXEEXT=''
EXPENSIVE_CHECKS='no'
EXTRA_LD_OPTIONS=''
EXTRA_OPTIONS=''
FDP='echo fdp'
FIND='/usr/bin/find'
GAS='/usr/bin/as'
GRAPHVIZ='echo Graphviz'
GREP='/usr/bin/grep'
GROFF='/usr/bin/groff'
GV='echo gv'
GZIPBIN='/usr/bin/gzip'
HAVE_LIBZ='1'
HAVE_LINK_VERSION_SCRIPT='1'
HAVE_PTHREAD='1'
HOST_ARCH='x86_64'
HOST_OS='Linux'
HUGE_VAL_SANITY='yes'
INSTALL_DATA='${INSTALL} -m 644'
INSTALL_LTDL_FALSE=''
INSTALL_LTDL_TRUE='#'
INSTALL_PROGRAM='${INSTALL}'
INSTALL_SCRIPT='${INSTALL}'
INTERNAL_PREFIX=''
JIT=''
KEEP_SYMBOLS=''
LDFLAGS=''
LIBADD_DL='-ldl'
LIBOBJS=''
LIBS='-lz -lpthread -lm '
LIBXML2_INC=''
LIBXML2_LIBS=''
LINKALL='-Wl,--whole-archive'
LLVM_BINDIR='/usr/local/bin'
LLVM_CONFIGTIME='Mon Nov 10 00:30:03 KST 2025'
LLVM_COPYRIGHT='Copyright (c) 2003-2013 University of Illinois at Urbana-Champaign.'
LLVM_CROSS_COMPILING='0'
LLVM_DATADIR='/usr/local/share/llvm'
LLVM_DOCSDIR='/usr/local/share/doc/llvm'
LLVM_ENABLE_THREADS='1'
LLVM_ENABLE_ZLIB='1'
LLVM_ENUM_ASM_PARSERS='LLVM_ASM_PARSER(SystemZ) LLVM_ASM_PARSER(Mips) LLVM_ASM_PARSER(ARM) LLVM_ASM_PARSER(AArch64) LLVM_ASM_PARSER(PowerPC) LLVM_ASM_PARSER(X86) '
LLVM_ENUM_ASM_PRINTERS='LLVM_ASM_PRINTER(R600) LLVM_ASM_PRINTER(SystemZ) LLVM_ASM_PRINTER(Hexagon) LLVM_ASM_PRINTER(NVPTX) LLVM_ASM_PRINTER(MSP430) LLVM_ASM_PRINTER(XCore) LLVM_ASM_PRINTER(Mips) LLVM_ASM_PRINTER(ARM) LLVM_ASM_PRINTER(AArch64) LLVM_ASM_PRINTER(PowerPC) LLVM_ASM_PRINTER(Sparc) LLVM_ASM_PRINTER(X86) '
LLVM_ENUM_DISASSEMBLERS='LLVM_DISASSEMBLER(SystemZ) LLVM_DISASSEMBLER(XCore) LLVM_DISASSEMBLER(Mips) LLVM_DISASSEMBLER(ARM) LLVM_DISASSEMBLER(AArch64) LLVM_DISASSEMBLER(X86) '
LLVM_ENUM_TARGETS='LLVM_TARGET(R600) LLVM_TARGET(SystemZ) LLVM_TARGET(Hexagon) LLVM_TARGET(NVPTX) LLVM_TARGET(CppBackend) LLVM_TARGET(MSP430) LLVM_TARGET(XCore) LLVM_TARGET(Mips) LLVM_TARGET(ARM) LLVM_TARGET(AArch64) LLVM_TARGET(PowerPC) LLVM_TARGET(Sparc) LLVM_TARGET(X86) '
LLVM_ETCDIR='/usr/local/etc/llvm'
LLVM_HAS_POLLY=''
LLVM_INCLUDEDIR='/usr/local/include'
LLVM_INFODIR='/usr/local/info'
LLVM_MANDIR='/usr/local/man'
LLVM_ON_UNIX='1'
LLVM_ON_WIN32='0'
LLVM_PREFIX='/usr/local'
LN_S='ln -s'
LTLIBOBJS=''
MKDIR='/usr/bin/mkdir'
MMAP_FILE='yes'
MV='/usr/bin/mv'
NEATO='echo neato'
NM='/usr/bin/nm -B'
NOLINKALL='-Wl,--no-whole-archive'
NO_MAYBE_UNINITIALIZED='-Wno-maybe-uninitialized'
NO_MISSING_FIELD_INITIALIZERS='-Wno-missing-field-initializers'
NO_UNINITIALIZED=''
NO_VARIADIC_MACROS='-Wno-variadic-macros'
OBJEXT='o'
OCAMLC=''
OCAMLDEP=''
OCAMLDOC=''
OCAMLOPT=''
OCAML_LIBDIR=''
OPTIMIZE_OPTION='-O3'
OS='Linux'
PACKAGE_BUGREPORT='http://llvm.org/bugs/'
PACKAGE_NAME='LLVM'
PACKAGE_STRING='LLVM 3.4'
PACKAGE_TARNAME='llvm'
PACKAGE_VERSION='3.4'
PATH_SEPARATOR=':'
PDFROFF=''
PYTHON='/usr/bin/python3'
RANLIB='ranlib'
RDYNAMIC='-rdynamic'
RM='/usr/bin/rm'
RPATH='-Wl,-R'
SED='/usr/bin/sed'
SHELL='/bin/bash'
SHLIBEXT='.so'
SHLIBPATH_VAR=''
TAR='/usr/bin/tar'
TARGETS_TO_BUILD='X86 Sparc PowerPC AArch64 ARM Mips XCore MSP430 CppBackend NVPTX Hexagon SystemZ R600'
TARGET_HAS_JIT='1'
TARGET_OS='Linux'
TWOPI='echo twopi'
USE_INTEL_JITEVENTS='0'
USE_OPROFILE='0'
USE_UDIS86='0'
XDOT='echo xdot'
XML2CONFIG=''
ZIP=''
ac_ct_CC='gcc'
ac_ct_CXX='g++'
bindir='${exec_prefix}/bin'
build='x86_64-unknown-linux-gnu'
build_alias=''
build_cpu='x86_64'
build_os='linux-gnu'
build_vendor='unknown'
datadir='${datarootdir}'
datarootdir='${prefix}/share'
docdir='${datarootdir}/doc/${PACKAGE_TARNAME}'
dvidir='${docdir}'
exec_prefix='${prefix}'
host='x86_64-unknown-linux-gnu'
host_alias=''
host_cpu='x86_64'
host_os='linux-gnu'
host_vendor='unknown'
htmldir='${docdir}'
ifGNUmake=''
includedir='${prefix}/include'
infodir='${datarootdir}/info'
libdir='${exec_prefix}/lib'
libexecdir='${exec_prefix}/libexec'
localedir='${datarootdir}/locale'
localstatedir='${prefix}/var'
mandir='${datarootdir}/man'
oldincludedir='/usr/include'
pdfdir='${docdir}'
prefix='/usr/local'
program_prefix=''
program_transform_name='s,x,x,'
psdir='${docdir}'
sbindir='${exec_prefix}/sbin'
sharedstatedir='${prefix}/com'
subdirs=' projects/sample'
sysconfdir='${prefix}/etc'
target='x86_64-unknown-linux-gnu'
target_alias=''
target_cpu='x86_64'
target_os='linux-gnu'
target_vendor='unknown'

## ----------- ##
## confdefs.h. ##
## ----------- ##

#define PACKAGE_NAME "LLVM"
#define PACKAGE_TARNAME "llvm"
#define PACKAGE_VERSION "3.4"
#define PACKAGE_STRING "LLVM 3.4"
#define PACKAGE_BUGREPORT "http://llvm.org/bugs/"
#define LLVM_VERSION_MAJOR 3
#define LLVM_VERSION_MINOR 4
#define LLVM_ON_UNIX 1
#define STDC_HEADERS 1
#define HAVE_SYS_TYPES_H 1
#define HAVE_SYS_STAT_H 1
#define HAVE_STDLIB_H 1
#define HAVE_STRING_H 1
#define HAVE_MEMORY_H 1
#define HAVE_STRINGS_H 1
#define HAVE_INTTYPES_H 1
#define HAVE_STDINT_H 1
#define HAVE_UNISTD_H 1
#define LLVM_ENABLE_THREADS 1
#define LLVM_ENABLE_ZLIB 1
#define ENABLE_PIC 1
#define ENABLE_TIMESTAMPS 1
#define ENABLE_BACKTRACES 1
#define ENABLE_CRASH_OVERRIDES 1
#define LLVM_NATIVE_ARCH X86
#define LLVM_NATIVE_TARGET LLVMInitializeX86Target
#define LLVM_NATIVE_TARGETINFO LLVMInitializeX86TargetInfo
#define LLVM_NATIVE_TARGETMC LLVMInitializeX86TargetMC
#define LLVM_NATIVE_ASMPRINTER LLVMInitializeX86AsmPrinter
#define LLVM_NATIVE_ASMPARSER LLVMInitializeX86AsmParser
#define LLVM_NATIVE_DISASSEMBLER LLVMInitializeX86Disassembler
#define CLANG_RESOURCE_DIR ""
#define C_INCLUDE_DIRS ""
#define GCC_INSTALL_PREFIX ""
#define DEFAULT_SYSROOT ""
#define BUG_REPORT_URL "http://llvm.org/bugs/"
#define HOST_LINK_VERSION "2.38"
#define HAVE_LINK_R 1
#define HAVE_LINK_EXPORT_DYNAMIC 1
#define HAVE_DIRENT_H 1
#define HAVE_DLFCN_H 1
#define LTDL_SHLIB_EXT ".so"
#define LTDL_SYSSEARCHPATH "/lib:/usr/lib:/usr/lib/x86_64-linux-gnu/libfakeroot:/usr/lib/wsl/lib:/usr/local/lib:/usr/local/lib/x86_64-linux-gnu:/lib/x86_64-linux-gnu:/usr/lib/x86_64-linux-gnu:/lib32:/usr/lib32:/libx32:/usr/libx32"
#define LTDL_OBJDIR ".libs/"
#define HAVE_PRELOADED_SYMBOLS 1
#define HAVE_LIBDL 1
#define HAVE_DLERROR 1
#define HAVE_ARGZ_H 1
#define HAVE_ERROR_T 1
#define HAVE_ARGZ_APPEND 1
#define HAVE_ARGZ_CREATE_SEP 1
#define HAVE_ARGZ_INSERT 1
#define HAVE_ARGZ_NEXT 1
#define HAVE_ARGZ_STRINGIFY 1
#define HAVE_ERRNO_H 1
#define HAVE_MALLOC_H 1
#define HAVE_MEMORY_H 1
#define HAVE_UNISTD_H 1
#define HAVE_CLOSEDIR 1
#define HAVE_OPENDIR 1
#define HAVE_READDIR 1
#define HAVE_LIBM 1
#define HAVE_DLOPEN 1
#define HAVE_MALLINFO 1
#define HAVE_LIBPTHREAD 1
#define HAVE_PTHREAD_MUTEX_LOCK 1
#define HAVE_PTHREAD_RWLOCK_INIT 1
#define HAVE_PTHREAD_GETSPECIFIC 1
#define HAVE_LIBZ 1
#define USE_UDIS86 0
#define LLVM_USE_OPROFILE 0
#define LLVM_USE_INTEL_JITEVENTS 0
#define HAVE_DIRENT_H 1
#define HAVE_MMAP_ANONYMOUS 1
#define HAVE_SYS_WAIT_H 1
#define TIME_WITH_SYS_TIME 1
#define HAVE_CXXABI_H 1
#define HAVE_DLFCN_H 1
#define HAVE_EXECINFO_H 1
#define HAVE_FCNTL_H 1
#define HAVE_INTTYPES_H 1
#define HAVE_LINK_H 1
#define HAVE_MALLOC_H 1
#define HAVE_SETJMP_H 1
#define HAVE_SIGNAL_H 1
#define HAVE_STDINT_H 1
#define HAVE_TERMIOS_H 1
#define HAVE_UNISTD_H 1
#define HAVE_UTIME_H 1
#define HAVE_SYS_MMAN_H 1
#define HAVE_SYS_PARAM_H 1
#define HAVE_SYS_RESOURCE_H 1
#define HAVE_SYS_TIME_H 1
#define HAVE_SYS_UIO_H 1
#define HAVE_SYS_IOCTL_H 1
#define HAVE_FENV_H 1
#define HAVE_DECL_FE_ALL_EXCEPT 1
#define HAVE_DECL_FE_INEXACT 1
#define HAVE_PTHREAD_H 1
#define HAVE_ZLIB_H 1
#define HAVE_CRASHREPORTER_INFO 0
#define RETSIGTYPE void
#define HAVE_INT64_T 1
#define HAVE_UINT64_T 1
#define HAVE_BACKTRACE 1
#define HAVE_CEILF 1
#define HAVE_FLOORF 1
#define HAVE_ROUNDF 1
#define HAVE_RINTF 1
#define HAVE_NEARBYINTF 1
#define HAVE_GETCWD 1
#define HAVE_POWF 1
#define HAVE_FMODF 1
#define HAVE_STRTOF 1
#define HAVE_ROUND 1
#define HAVE_LOG 1
#define HAVE_LOG2 1
#define HAVE_LOG10 1
#define HAVE_EXP 1
#define HAVE_EXP2 1
#define HAVE_GETPAGESIZE 1
#define HAVE_GETRUSAGE 1
#define HAVE_GETRLIMIT 1
#define HAVE_SETRLIMIT 1
#define HAVE_GETTIMEOFDAY 1
#define HAVE_ISATTY 1
#define HAVE_MKDTEMP 1
#define HAVE_MKSTEMP 1
#define HAVE_MKTEMP 1
#define HAVE_POSIX_SPAWN 1
#define HAVE_PREAD 1
#define HAVE_REALPATH 1
#define HAVE_SBRK 1
#define HAVE_SETRLIMIT 1
#define HAVE_STRERROR 1
#define HAVE_STRERROR_R 1
#define HAVE_SETENV 1
#define HAVE_STRTOLL 1
#define HAVE_STRTOQ 1
#define HAVE_SYSCONF 1
#define HAVE_SETJMP 1
#define HAVE_LONGJMP 1
#define HAVE_SIGLONGJMP 1
#define HAVE_WRITEV 1
#define HAVE_FUTIMES 1
#define HAVE_FUTIMENS 1
#define HAVE_PRINTF_A 1
#define HAVE_RAND48 1
#define HAVE_DECL_STRERROR_S 0
#define HAVE_ISNAN_IN_MATH_H 1
#define HAVE_STD_ISNAN_IN_CMATH 1
#define HAVE_ISINF_IN_MATH_H 1
#define HAVE_STD_ISINF_IN_CMATH 1
#define HAVE_STDLIB_H 1
#define HAVE_UNISTD_H 1
#define HAVE_GETPAGESIZE 1
#define HAVE_MMAP 1
#define HAVE_MMAP_FILE
#define LLVM_HAS_ATOMICS 1
#define HAVE___DSO_HANDLE 1
#define LLVM_PREFIX "/usr/local"
#define LLVM_BINDIR "/usr/local/bin"
#define LLVM_DATADIR "/usr/local/share/llvm"
#define LLVM_DOCSDIR "/usr/local/share/doc/llvm"
#define LLVM_ETCDIR "/usr/local/etc/llvm"
#define LLVM_INCLUDEDIR "/usr/local/include"
#define LLVM_INFODIR "/usr/local/info"
#define LLVM_MANDIR "/usr/local/man"
#define LLVM_CONFIGTIME "Mon Nov 10 00:30:03 KST 2025"
#define LLVM_HOST_TRIPLE "x86_64-unknown-linux-gnu"
#define LLVM_DEFAULT_TARGET_TRIPLE "x86_64-unknown-linux-gnu"

configure: exit 0
